timestamp,symbol,check,severity,detail,role
2019-05-06 00:00:00+00:00,MES,gap,info_session_or_outage,gap of 3 days 00:00:00 (expected 1 days 00:00:00),micro
2019-05-13 00:00:00+00:00,MES,gap,info_session_or_outage,gap of 3 days 00:00:00 (expected 1 days 00:00:00),micro
2019-05-20 00:00:00+00:00,MES,gap,info_session_or_outage,gap of 3 days 00:00:00 (expected 1 days 00:00:00),micro
2019-05-28 00:00:00+00:00,MES,gap,info_session_or_outage,gap of 4 days 00:00:00 (expected 1 days 00:00:00),micro
2019-06-03 00:00:00+00:00,MES,gap,info_session_or_outage,gap of 3 days 00:00:00 (expected 1 days 00:00:00),micro
2019-06-10 00:00:00+00:00,MES,gap,info_session_or_outage,gap of 3 days 00:00:00 (expected 1 days 00:00:00),micro
2019-06-17 00:00:00+00:00,MES,gap,info_session_or_outage,gap of 3 days 00:00:00 (expected 1 days 00:00:00),micro
2019-06-24 00:00:00+00:00,MES,gap,info_session_or_outage,gap of 3 days 00:00:00 (expected 1 days 00:00:00),micro
2019-07-01 00:00:00+00:00,MES,gap,info_session_or_outage,gap of 3 days 00:00:00 (expected 1 days 00:00:00),micro
2019-07-05 00:00:00+00:00,MES,gap,info_session_or_outage,gap of 2 days 00:00:00 (expected 1 days 00:00:00),micro
2019-07-08 00:00:00+00:00,MES,gap,info_session_or_outage,gap of 3 days 00:00:00 (expected 1 days 00:00:00),micro
2019-07-15 00:00:00+00:00,MES,gap,info_session_or_outage,gap of 3 days 00:00:00 (expected 1 days 00:00:00),micro
2019-07-22 00:00:00+00:00,MES,gap,info_session_or_outage,gap of 3 days 00:00:00 (expected 1 days 00:00:00),micro
2019-07-29 00:00:00+00:00,MES,gap,info_session_or_outage,gap of 3 days 00:00:00 (expected 1 days 00:00:00),micro
2019-08-05 00:00:00+00:00,MES,gap,info_session_or_outage,gap of 3 days 00:00:00 (expected 1 days 00:00:00),micro
2019-08-12 00:00:00+00:00,MES,gap,info_session_or_outage,gap of 3 days 00:00:00 (expected 1 days 00:00:00),micro
2019-08-19 00:00:00+00:00,MES,gap,info_session_or_outage,gap of 3 days 00:00:00 (expected 1 days 00:00:00),micro
2019-08-26 00:00:00+00:00,MES,gap,info_session_or_outage,gap of 3 days 00:00:00 (expected 1 days 00:00:00),micro
2019-09-03 00:00:00+00:00,MES,gap,info_session_or_outage,gap of 4 days 00:00:00 (expected 1 days 00:00:00),micro
2019-09-09 00:00:00+00:00,MES,gap,info_session_or_outage,gap of 3 days 00:00:00 (expected 1 days 00:00:00),micro
2019-09-16 00:00:00+00:00,MES,gap,info_session_or_outage,gap of 3 days 00:00:00 (expected 1 days 00:00:00),micro
2019-09-23 00:00:00+00:00,MES,gap,info_session_or_outage,gap of 3 days 00:00:00 (expected 1 days 00:00:00),micro
2019-09-30 00:00:00+00:00,MES,gap,info_session_or_outage,gap of 3 days 00:00:00 (expected 1 days 00:00:00),micro
2019-10-07 00:00:00+00:00,MES,gap,info_session_or_outage,gap of 3 days 00:00:00 (expected 1 days 00:00:00),micro
2019-10-14 00:00:00+00:00,MES,gap,info_session_or_outage,gap of 3 days 00:00:00 (expected 1 days 00:00:00),micro
2019-10-21 00:00:00+00:00,MES,gap,info_session_or_outage,gap of 3 days 00:00:00 (expected 1 days 00:00:00),micro
2019-10-28 00:00:00+00:00,MES,gap,info_session_or_outage,gap of 3 days 00:00:00 (expected 1 days 00:00:00),micro
2019-11-04 00:00:00+00:00,MES,gap,info_session_or_outage,gap of 3 days 00:00:00 (expected 1 days 00:00:00),micro
2019-11-11 00:00:00+00:00,MES,gap,info_session_or_outage,gap of 3 days 00:00:00 (expected 1 days 00:00:00),micro
2019-11-18 00:00:00+00:00,MES,gap,info_session_or_outage,gap of 3 days 00:00:00 (expected 1 days 00:00:00),micro
2019-11-25 00:00:00+00:00,MES,gap,info_session_or_outage,gap of 3 days 00:00:00 (expected 1 days 00:00:00),micro
2019-11-29 00:00:00+00:00,MES,gap,info_session_or_outage,gap of 2 days 00:00:00 (expected 1 days 00:00:00),micro
2019-12-02 00:00:00+00:00,MES,gap,info_session_or_outage,gap of 3 days 00:00:00 (expected 1 days 00:00:00),micro
2019-12-09 00:00:00+00:00,MES,gap,info_session_or_outage,gap of 3 days 00:00:00 (expected 1 days 00:00:00),micro
2019-12-16 00:00:00+00:00,MES,gap,info_session_or_outage,gap of 3 days 00:00:00 (expected 1 days 00:00:00),micro
2019-12-23 00:00:00+00:00,MES,gap,info_session_or_outage,gap of 3 days 00:00:00 (expected 1 days 00:00:00),micro
2019-12-26 00:00:00+00:00,MES,gap,info_session_or_outage,gap of 2 days 00:00:00 (expected 1 days 00:00:00),micro
2019-12-30 00:00:00+00:00,MES,gap,info_session_or_outage,gap of 3 days 00:00:00 (expected 1 days 00:00:00),micro
2020-01-02 00:00:00+00:00,MES,gap,info_session_or_outage,gap of 2 days 00:00:00 (expected 1 days 00:00:00),micro
2020-01-06 00:00:00+00:00,MES,gap,info_session_or_outage,gap of 3 days 00:00:00 (expected 1 days 00:00:00),micro
2020-01-13 00:00:00+00:00,MES,gap,info_session_or_outage,gap of 3 days 00:00:00 (expected 1 days 00:00:00),micro
2020-01-21 00:00:00+00:00,MES,gap,info_session_or_outage,gap of 4 days 00:00:00 (expected 1 days 00:00:00),micro
2020-01-27 00:00:00+00:00,MES,gap,info_session_or_outage,gap of 3 days 00:00:00 (expected 1 days 00:00:00),micro
2020-02-03 00:00:00+00:00,MES,gap,info_session_or_outage,gap of 3 days 00:00:00 (expected 1 days 00:00:00),micro
2020-02-10 00:00:00+00:00,MES,gap,info_session_or_outage,gap of 3 days 00:00:00 (expected 1 days 00:00:00),micro
2020-02-18 00:00:00+00:00,MES,gap,info_session_or_outage,gap of 4 days 00:00:00 (expected 1 days 00:00:00),micro
2020-02-24 00:00:00+00:00,MES,gap,info_session_or_outage,gap of 3 days 00:00:00 (expected 1 days 00:00:00),micro
2020-03-02 00:00:00+00:00,MES,gap,info_session_or_outage,gap of 3 days 00:00:00 (expected 1 days 00:00:00),micro
2020-03-09 00:00:00+00:00,MES,gap,info_session_or_outage,gap of 3 days 00:00:00 (expected 1 days 00:00:00),micro
2020-03-16 00:00:00+00:00,MES,gap,info_session_or_outage,gap of 3 days 00:00:00 (expected 1 days 00:00:00),micro
2020-03-23 00:00:00+00:00,MES,gap,info_session_or_outage,gap of 3 days 00:00:00 (expected 1 days 00:00:00),micro
2020-03-30 00:00:00+00:00,MES,gap,info_session_or_outage,gap of 3 days 00:00:00 (expected 1 days 00:00:00),micro
2020-04-06 00:00:00+00:00,MES,gap,info_session_or_outage,gap of 3 days 00:00:00 (expected 1 days 00:00:00),micro
2020-04-13 00:00:00+00:00,MES,gap,info_session_or_outage,gap of 4 days 00:00:00 (expected 1 days 00:00:00),micro
2020-04-20 00:00:00+00:00,MES,gap,info_session_or_outage,gap of 3 days 00:00:00 (expected 1 days 00:00:00),micro
2020-04-27 00:00:00+00:00,MES,gap,info_session_or_outage,gap of 3 days 00:00:00 (expected 1 days 00:00:00),micro
2020-05-04 00:00:00+00:00,MES,gap,info_session_or_outage,gap of 3 days 00:00:00 (expected 1 days 00:00:00),micro
2020-05-11 00:00:00+00:00,MES,gap,info_session_or_outage,gap of 3 days 00:00:00 (expected 1 days 00:00:00),micro
2020-05-18 00:00:00+00:00,MES,gap,info_session_or_outage,gap of 3 days 00:00:00 (expected 1 days 00:00:00),micro
2020-05-26 00:00:00+00:00,MES,gap,info_session_or_outage,gap of 4 days 00:00:00 (expected 1 days 00:00:00),micro
2020-06-01 00:00:00+00:00,MES,gap,info_session_or_outage,gap of 3 days 00:00:00 (expected 1 days 00:00:00),micro
2020-06-08 00:00:00+00:00,MES,gap,info_session_or_outage,gap of 3 days 00:00:00 (expected 1 days 00:00:00),micro
2020-06-15 00:00:00+00:00,MES,gap,info_session_or_outage,gap of 3 days 00:00:00 (expected 1 days 00:00:00),micro
2020-06-22 00:00:00+00:00,MES,gap,info_session_or_outage,gap of 3 days 00:00:00 (expected 1 days 00:00:00),micro
2020-06-29 00:00:00+00:00,MES,gap,info_session_or_outage,gap of 3 days 00:00:00 (expected 1 days 00:00:00),micro
2020-07-06 00:00:00+00:00,MES,gap,info_session_or_outage,gap of 4 days 00:00:00 (expected 1 days 00:00:00),micro
2020-07-13 00:00:00+00:00,MES,gap,info_session_or_outage,gap of 3 days 00:00:00 (expected 1 days 00:00:00),micro
2020-07-20 00:00:00+00:00,MES,gap,info_session_or_outage,gap of 3 days 00:00:00 (expected 1 days 00:00:00),micro
2020-07-27 00:00:00+00:00,MES,gap,info_session_or_outage,gap of 3 days 00:00:00 (expected 1 days 00:00:00),micro
2020-08-03 00:00:00+00:00,MES,gap,info_session_or_outage,gap of 3 days 00:00:00 (expected 1 days 00:00:00),micro
2020-08-10 00:00:00+00:00,MES,gap,info_session_or_outage,gap of 3 days 00:00:00 (expected 1 days 00:00:00),micro
2020-08-17 00:00:00+00:00,MES,gap,info_session_or_outage,gap of 3 days 00:00:00 (expected 1 days 00:00:00),micro
2020-08-24 00:00:00+00:00,MES,gap,info_session_or_outage,gap of 3 days 00:00:00 (expected 1 days 00:00:00),micro
2020-08-31 00:00:00+00:00,MES,gap,info_session_or_outage,gap of 3 days 00:00:00 (expected 1 days 00:00:00),micro
2020-09-08 00:00:00+00:00,MES,gap,info_session_or_outage,gap of 4 days 00:00:00 (expected 1 days 00:00:00),micro
2020-09-14 00:00:00+00:00,MES,gap,info_session_or_outage,gap of 3 days 00:00:00 (expected 1 days 00:00:00),micro
2020-09-21 00:00:00+00:00,MES,gap,info_session_or_outage,gap of 3 days 00:00:00 (expected 1 days 00:00:00),micro
2020-09-28 00:00:00+00:00,MES,gap,info_session_or_outage,gap of 3 days 00:00:00 (expected 1 days 00:00:00),micro
2020-10-05 00:00:00+00:00,MES,gap,info_session_or_outage,gap of 3 days 00:00:00 (expected 1 days 00:00:00),micro
2020-10-12 00:00:00+00:00,MES,gap,info_session_or_outage,gap of 3 days 00:00:00 (expected 1 days 00:00:00),micro
2020-10-19 00:00:00+00:00,MES,gap,info_session_or_outage,gap of 3 days 00:00:00 (expected 1 days 00:00:00),micro
2020-10-26 00:00:00+00:00,MES,gap,info_session_or_outage,gap of 3 days 00:00:00 (expected 1 days 00:00:00),micro
2020-11-02 00:00:00+00:00,MES,gap,info_session_or_outage,gap of 3 days 00:00:00 (expected 1 days 00:00:00),micro
2020-11-09 00:00:00+00:00,MES,gap,info_session_or_outage,gap of 3 days 00:00:00 (expected 1 days 00:00:00),micro
2020-11-16 00:00:00+00:00,MES,gap,info_session_or_outage,gap of 3 days 00:00:00 (expected 1 days 00:00:00),micro
2020-11-23 00:00:00+00:00,MES,gap,info_session_or_outage,gap of 3 days 00:00:00 (expected 1 days 00:00:00),micro
2020-11-27 00:00:00+00:00,MES,gap,info_session_or_outage,gap of 2 days 00:00:00 (expected 1 days 00:00:00),micro
2020-11-30 00:00:00+00:00,MES,gap,info_session_or_outage,gap of 3 days 00:00:00 (expected 1 days 00:00:00),micro
2020-12-07 00:00:00+00:00,MES,gap,info_session_or_outage,gap of 3 days 00:00:00 (expected 1 days 00:00:00),micro
2020-12-14 00:00:00+00:00,MES,gap,info_session_or_outage,gap of 3 days 00:00:00 (expected 1 days 00:00:00),micro
2020-12-21 00:00:00+00:00,MES,gap,info_session_or_outage,gap of 3 days 00:00:00 (expected 1 days 00:00:00),micro
2020-12-28 00:00:00+00:00,MES,gap,info_session_or_outage,gap of 4 days 00:00:00 (expected 1 days 00:00:00),micro
2021-01-04 00:00:00+00:00,MES,gap,info_session_or_outage,gap of 4 days 00:00:00 (expected 1 days 00:00:00),micro
2021-01-11 00:00:00+00:00,MES,gap,info_session_or_outage,gap of 3 days 00:00:00 (expected 1 days 00:00:00),micro
2021-01-19 00:00:00+00:00,MES,gap,info_session_or_outage,gap of 4 days 00:00:00 (expected 1 days 00:00:00),micro
2021-01-25 00:00:00+00:00,MES,gap,info_session_or_outage,gap of 3 days 00:00:00 (expected 1 days 00:00:00),micro
2021-02-01 00:00:00+00:00,MES,gap,info_session_or_outage,gap of 3 days 00:00:00 (expected 1 days 00:00:00),micro
2021-02-08 00:00:00+00:00,MES,gap,info_session_or_outage,gap of 3 days 00:00:00 (expected 1 days 00:00:00),micro
2021-02-16 00:00:00+00:00,MES,gap,info_session_or_outage,gap of 4 days 00:00:00 (expected 1 days 00:00:00),micro
2021-02-22 00:00:00+00:00,MES,gap,info_session_or_outage,gap of 3 days 00:00:00 (expected 1 days 00:00:00),micro
2021-03-01 00:00:00+00:00,MES,gap,info_session_or_outage,gap of 3 days 00:00:00 (expected 1 days 00:00:00),micro
2021-03-08 00:00:00+00:00,MES,gap,info_session_or_outage,gap of 3 days 00:00:00 (expected 1 days 00:00:00),micro
2021-03-15 00:00:00+00:00,MES,gap,info_session_or_outage,gap of 3 days 00:00:00 (expected 1 days 00:00:00),micro
2021-03-22 00:00:00+00:00,MES,gap,info_session_or_outage,gap of 3 days 00:00:00 (expected 1 days 00:00:00),micro
2021-03-29 00:00:00+00:00,MES,gap,info_session_or_outage,gap of 3 days 00:00:00 (expected 1 days 00:00:00),micro
2021-04-05 00:00:00+00:00,MES,gap,info_session_or_outage,gap of 4 days 00:00:00 (expected 1 days 00:00:00),micro
2021-04-12 00:00:00+00:00,MES,gap,info_session_or_outage,gap of 3 days 00:00:00 (expected 1 days 00:00:00),micro
2021-04-19 00:00:00+00:00,MES,gap,info_session_or_outage,gap of 3 days 00:00:00 (expected 1 days 00:00:00),micro
2021-04-26 00:00:00+00:00,MES,gap,info_session_or_outage,gap of 3 days 00:00:00 (expected 1 days 00:00:00),micro
2021-05-03 00:00:00+00:00,MES,gap,info_session_or_outage,gap of 3 days 00:00:00 (expected 1 days 00:00:00),micro
2021-05-10 00:00:00+00:00,MES,gap,info_session_or_outage,gap of 3 days 00:00:00 (expected 1 days 00:00:00),micro
2021-05-17 00:00:00+00:00,MES,gap,info_session_or_outage,gap of 3 days 00:00:00 (expected 1 days 00:00:00),micro
2021-05-24 00:00:00+00:00,MES,gap,info_session_or_outage,gap of 3 days 00:00:00 (expected 1 days 00:00:00),micro
2021-06-01 00:00:00+00:00,MES,gap,info_session_or_outage,gap of 4 days 00:00:00 (expected 1 days 00:00:00),micro
2021-06-07 00:00:00+00:00,MES,gap,info_session_or_outage,gap of 3 days 00:00:00 (expected 1 days 00:00:00),micro
2021-06-14 00:00:00+00:00,MES,gap,info_session_or_outage,gap of 3 days 00:00:00 (expected 1 days 00:00:00),micro
2021-06-21 00:00:00+00:00,MES,gap,info_session_or_outage,gap of 3 days 00:00:00 (expected 1 days 00:00:00),micro
2021-06-28 00:00:00+00:00,MES,gap,info_session_or_outage,gap of 3 days 00:00:00 (expected 1 days 00:00:00),micro
2021-07-06 00:00:00+00:00,MES,gap,info_session_or_outage,gap of 4 days 00:00:00 (expected 1 days 00:00:00),micro
2021-07-12 00:00:00+00:00,MES,gap,info_session_or_outage,gap of 3 days 00:00:00 (expected 1 days 00:00:00),micro
2021-07-19 00:00:00+00:00,MES,gap,info_session_or_outage,gap of 3 days 00:00:00 (expected 1 days 00:00:00),micro
2021-07-26 00:00:00+00:00,MES,gap,info_session_or_outage,gap of 3 days 00:00:00 (expected 1 days 00:00:00),micro
2021-08-02 00:00:00+00:00,MES,gap,info_session_or_outage,gap of 3 days 00:00:00 (expected 1 days 00:00:00),micro
2021-08-09 00:00:00+00:00,MES,gap,info_session_or_outage,gap of 3 days 00:00:00 (expected 1 days 00:00:00),micro
2021-08-16 00:00:00+00:00,MES,gap,info_session_or_outage,gap of 3 days 00:00:00 (expected 1 days 00:00:00),micro
2021-08-23 00:00:00+00:00,MES,gap,info_session_or_outage,gap of 3 days 00:00:00 (expected 1 days 00:00:00),micro
2021-08-30 00:00:00+00:00,MES,gap,info_session_or_outage,gap of 3 days 00:00:00 (expected 1 days 00:00:00),micro
2021-09-07 00:00:00+00:00,MES,gap,info_session_or_outage,gap of 4 days 00:00:00 (expected 1 days 00:00:00),micro
2021-09-13 00:00:00+00:00,MES,gap,info_session_or_outage,gap of 3 days 00:00:00 (expected 1 days 00:00:00),micro
2021-09-20 00:00:00+00:00,MES,gap,info_session_or_outage,gap of 3 days 00:00:00 (expected 1 days 00:00:00),micro
2021-09-27 00:00:00+00:00,MES,gap,info_session_or_outage,gap of 3 days 00:00:00 (expected 1 days 00:00:00),micro
2021-10-04 00:00:00+00:00,MES,gap,info_session_or_outage,gap of 3 days 00:00:00 (expected 1 days 00:00:00),micro
2021-10-11 00:00:00+00:00,MES,gap,info_session_or_outage,gap of 3 days 00:00:00 (expected 1 days 00:00:00),micro
2021-10-18 00:00:00+00:00,MES,gap,info_session_or_outage,gap of 3 days 00:00:00 (expected 1 days 00:00:00),micro
2021-10-25 00:00:00+00:00,MES,gap,info_session_or_outage,gap of 3 days 00:00:00 (expected 1 days 00:00:00),micro
2021-11-01 00:00:00+00:00,MES,gap,info_session_or_outage,gap of 3 days 00:00:00 (expected 1 days 00:00:00),micro
2021-11-08 00:00:00+00:00,MES,gap,info_session_or_outage,gap of 3 days 00:00:00 (expected 1 days 00:00:00),micro
2021-11-15 00:00:00+00:00,MES,gap,info_session_or_outage,gap of 3 days 00:00:00 (expected 1 days 00:00:00),micro
2021-11-22 00:00:00+00:00,MES,gap,info_session_or_outage,gap of 3 days 00:00:00 (expected 1 days 00:00:00),micro
2021-11-26 00:00:00+00:00,MES,gap,info_session_or_outage,gap of 2 days 00:00:00 (expected 1 days 00:00:00),micro
2021-11-29 00:00:00+00:00,MES,gap,info_session_or_outage,gap of 3 days 00:00:00 (expected 1 days 00:00:00),micro
2021-12-06 00:00:00+00:00,MES,gap,info_session_or_outage,gap of 3 days 00:00:00 (expected 1 days 00:00:00),micro
2021-12-13 00:00:00+00:00,MES,gap,info_session_or_outage,gap of 3 days 00:00:00 (expected 1 days 00:00:00),micro
2021-12-20 00:00:00+00:00,MES,gap,info_session_or_outage,gap of 3 days 00:00:00 (expected 1 days 00:00:00),micro
2021-12-27 00:00:00+00:00,MES,gap,info_session_or_outage,gap of 4 days 00:00:00 (expected 1 days 00:00:00),micro
2022-01-03 00:00:00+00:00,MES,gap,info_session_or_outage,gap of 3 days 00:00:00 (expected 1 days 00:00:00),micro
2022-01-10 00:00:00+00:00,MES,gap,info_session_or_outage,gap of 3 days 00:00:00 (expected 1 days 00:00:00),micro
2022-01-18 00:00:00+00:00,MES,gap,info_session_or_outage,gap of 4 days 00:00:00 (expected 1 days 00:00:00),micro
2022-01-24 00:00:00+00:00,MES,gap,info_session_or_outage,gap of 3 days 00:00:00 (expected 1 days 00:00:00),micro
2022-01-31 00:00:00+00:00,MES,gap,info_session_or_outage,gap of 3 days 00:00:00 (expected 1 days 00:00:00),micro
2022-02-07 00:00:00+00:00,MES,gap,info_session_or_outage,gap of 3 days 00:00:00 (expected 1 days 00:00:00),micro
2022-02-14 00:00:00+00:00,MES,gap,info_session_or_outage,gap of 3 days 00:00:00 (expected 1 days 00:00:00),micro
2022-02-22 00:00:00+00:00,MES,gap,info_session_or_outage,gap of 4 days 00:00:00 (expected 1 days 00:00:00),micro
2022-02-28 00:00:00+00:00,MES,gap,info_session_or_outage,gap of 3 days 00:00:00 (expected 1 days 00:00:00),micro
2022-03-07 00:00:00+00:00,MES,gap,info_session_or_outage,gap of 3 days 00:00:00 (expected 1 days 00:00:00),micro
2022-03-14 00:00:00+00:00,MES,gap,info_session_or_outage,gap of 3 days 00:00:00 (expected 1 days 00:00:00),micro
2022-03-21 00:00:00+00:00,MES,gap,info_session_or_outage,gap of 3 days 00:00:00 (expected 1 days 00:00:00),micro
2022-03-28 00:00:00+00:00,MES,gap,info_session_or_outage,gap of 3 days 00:00:00 (expected 1 days 00:00:00),micro
2022-04-04 00:00:00+00:00,MES,gap,info_session_or_outage,gap of 3 days 00:00:00 (expected 1 days 00:00:00),micro
2022-04-11 00:00:00+00:00,MES,gap,info_session_or_outage,gap of 3 days 00:00:00 (expected 1 days 00:00:00),micro
2022-04-18 00:00:00+00:00,MES,gap,info_session_or_outage,gap of 4 days 00:00:00 (expected 1 days 00:00:00),micro
2022-04-25 00:00:00+00:00,MES,gap,info_session_or_outage,gap of 3 days 00:00:00 (expected 1 days 00:00:00),micro
2022-05-02 00:00:00+00:00,MES,gap,info_session_or_outage,gap of 3 days 00:00:00 (expected 1 days 00:00:00),micro
2022-05-09 00:00:00+00:00,MES,gap,info_session_or_outage,gap of 3 days 00:00:00 (expected 1 days 00:00:00),micro
2022-05-16 00:00:00+00:00,MES,gap,info_session_or_outage,gap of 3 days 00:00:00 (expected 1 days 00:00:00),micro
2022-05-23 00:00:00+00:00,MES,gap,info_session_or_outage,gap of 3 days 00:00:00 (expected 1 days 00:00:00),micro
2022-05-31 00:00:00+00:00,MES,gap,info_session_or_outage,gap of 4 days 00:00:00 (expected 1 days 00:00:00),micro
2022-06-06 00:00:00+00:00,MES,gap,info_session_or_outage,gap of 3 days 00:00:00 (expected 1 days 00:00:00),micro
2022-06-13 00:00:00+00:00,MES,gap,info_session_or_outage,gap of 3 days 00:00:00 (expected 1 days 00:00:00),micro
2022-06-21 00:00:00+00:00,MES,gap,info_session_or_outage,gap of 4 days 00:00:00 (expected 1 days 00:00:00),micro
2022-06-27 00:00:00+00:00,MES,gap,info_session_or_outage,gap of 3 days 00:00:00 (expected 1 days 00:00:00),micro
2022-07-05 00:00:00+00:00,MES,gap,info_session_or_outage,gap of 4 days 00:00:00 (expected 1 days 00:00:00),micro
2022-07-11 00:00:00+00:00,MES,gap,info_session_or_outage,gap of 3 days 00:00:00 (expected 1 days 00:00:00),micro
2022-07-18 00:00:00+00:00,MES,gap,info_session_or_outage,gap of 3 days 00:00:00 (expected 1 days 00:00:00),micro
2022-07-25 00:00:00+00:00,MES,gap,info_session_or_outage,gap of 3 days 00:00:00 (expected 1 days 00:00:00),micro
2022-08-01 00:00:00+00:00,MES,gap,info_session_or_outage,gap of 3 days 00:00:00 (expected 1 days 00:00:00),micro
2022-08-08 00:00:00+00:00,MES,gap,info_session_or_outage,gap of 3 days 00:00:00 (expected 1 days 00:00:00),micro
2022-08-15 00:00:00+00:00,MES,gap,info_session_or_outage,gap of 3 days 00:00:00 (expected 1 days 00:00:00),micro
2022-08-22 00:00:00+00:00,MES,gap,info_session_or_outage,gap of 3 days 00:00:00 (expected 1 days 00:00:00),micro
2022-08-29 00:00:00+00:00,MES,gap,info_session_or_outage,gap of 3 days 00:00:00 (expected 1 days 00:00:00),micro
2022-09-06 00:00:00+00:00,MES,gap,info_session_or_outage,gap of 4 days 00:00:00 (expected 1 days 00:00:00),micro
2022-09-12 00:00:00+00:00,MES,gap,info_session_or_outage,gap of 3 days 00:00:00 (expected 1 days 00:00:00),micro
2022-09-19 00:00:00+00:00,MES,gap,info_session_or_outage,gap of 3 days 00:00:00 (expected 1 days 00:00:00),micro
2022-09-26 00:00:00+00:00,MES,gap,info_session_or_outage,gap of 3 days 00:00:00 (expected 1 days 00:00:00),micro
2022-10-03 00:00:00+00:00,MES,gap,info_session_or_outage,gap of 3 days 00:00:00 (expected 1 days 00:00:00),micro
2022-10-10 00:00:00+00:00,MES,gap,info_session_or_outage,gap of 3 days 00:00:00 (expected 1 days 00:00:00),micro
2022-10-17 00:00:00+00:00,MES,gap,info_session_or_outage,gap of 3 days 00:00:00 (expected 1 days 00:00:00),micro
2022-10-24 00:00:00+00:00,MES,gap,info_session_or_outage,gap of 3 days 00:00:00 (expected 1 days 00:00:00),micro
2022-10-31 00:00:00+00:00,MES,gap,info_session_or_outage,gap of 3 days 00:00:00 (expected 1 days 00:00:00),micro
2022-11-07 00:00:00+00:00,MES,gap,info_session_or_outage,gap of 3 days 00:00:00 (expected 1 days 00:00:00),micro
2022-11-14 00:00:00+00:00,MES,gap,info_session_or_outage,gap of 3 days 00:00:00 (expected 1 days 00:00:00),micro
2022-11-21 00:00:00+00:00,MES,gap,info_session_or_outage,gap of 3 days 00:00:00 (expected 1 days 00:00:00),micro
2022-11-25 00:00:00+00:00,MES,gap,info_session_or_outage,gap of 2 days 00:00:00 (expected 1 days 00:00:00),micro
2022-11-28 00:00:00+00:00,MES,gap,info_session_or_outage,gap of 3 days 00:00:00 (expected 1 days 00:00:00),micro
2022-12-05 00:00:00+00:00,MES,gap,info_session_or_outage,gap of 3 days 00:00:00 (expected 1 days 00:00:00),micro
2022-12-12 00:00:00+00:00,MES,gap,info_session_or_outage,gap of 3 days 00:00:00 (expected 1 days 00:00:00),micro
2022-12-19 00:00:00+00:00,MES,gap,info_session_or_outage,gap of 3 days 00:00:00 (expected 1 days 00:00:00),micro
2022-12-27 00:00:00+00:00,MES,gap,info_session_or_outage,gap of 4 days 00:00:00 (expected 1 days 00:00:00),micro
2023-01-03 00:00:00+00:00,MES,gap,info_session_or_outage,gap of 4 days 00:00:00 (expected 1 days 00:00:00),micro
2023-01-09 00:00:00+00:00,MES,gap,info_session_or_outage,gap of 3 days 00:00:00 (expected 1 days 00:00:00),micro
2023-01-17 00:00:00+00:00,MES,gap,info_session_or_outage,gap of 4 days 00:00:00 (expected 1 days 00:00:00),micro
2023-01-23 00:00:00+00:00,MES,gap,info_session_or_outage,gap of 3 days 00:00:00 (expected 1 days 00:00:00),micro
2023-01-30 00:00:00+00:00,MES,gap,info_session_or_outage,gap of 3 days 00:00:00 (expected 1 days 00:00:00),micro
2023-02-06 00:00:00+00:00,MES,gap,info_session_or_outage,gap of 3 days 00:00:00 (expected 1 days 00:00:00),micro
2023-02-13 00:00:00+00:00,MES,gap,info_session_or_outage,gap of 3 days 00:00:00 (expected 1 days 00:00:00),micro
2023-02-21 00:00:00+00:00,MES,gap,info_session_or_outage,gap of 4 days 00:00:00 (expected 1 days 00:00:00),micro
2023-02-27 00:00:00+00:00,MES,gap,info_session_or_outage,gap of 3 days 00:00:00 (expected 1 days 00:00:00),micro
2023-03-06 00:00:00+00:00,MES,gap,info_session_or_outage,gap of 3 days 00:00:00 (expected 1 days 00:00:00),micro
2023-03-13 00:00:00+00:00,MES,gap,info_session_or_outage,gap of 3 days 00:00:00 (expected 1 days 00:00:00),micro
2023-03-20 00:00:00+00:00,MES,gap,info_session_or_outage,gap of 3 days 00:00:00 (expected 1 days 00:00:00),micro
2023-03-27 00:00:00+00:00,MES,gap,info_session_or_outage,gap of 3 days 00:00:00 (expected 1 days 00:00:00),micro
2023-04-03 00:00:00+00:00,MES,gap,info_session_or_outage,gap of 3 days 00:00:00 (expected 1 days 00:00:00),micro
2023-04-10 00:00:00+00:00,MES,gap,info_session_or_outage,gap of 4 days 00:00:00 (expected 1 days 00:00:00),micro
2023-04-17 00:00:00+00:00,MES,gap,info_session_or_outage,gap of 3 days 00:00:00 (expected 1 days 00:00:00),micro
2023-04-24 00:00:00+00:00,MES,gap,info_session_or_outage,gap of 3 days 00:00:00 (expected 1 days 00:00:00),micro
2023-05-01 00:00:00+00:00,MES,gap,info_session_or_outage,gap of 3 days 00:00:00 (expected 1 days 00:00:00),micro
2023-05-08 00:00:00+00:00,MES,gap,info_session_or_outage,gap of 3 days 00:00:00 (expected 1 days 00:00:00),micro
2023-05-15 00:00:00+00:00,MES,gap,info_session_or_outage,gap of 3 days 00:00:00 (expected 1 days 00:00:00),micro
2023-05-22 00:00:00+00:00,MES,gap,info_session_or_outage,gap of 3 days 00:00:00 (expected 1 days 00:00:00),micro
2023-05-30 00:00:00+00:00,MES,gap,info_session_or_outage,gap of 4 days 00:00:00 (expected 1 days 00:00:00),micro
2023-06-05 00:00:00+00:00,MES,gap,info_session_or_outage,gap of 3 days 00:00:00 (expected 1 days 00:00:00),micro
2023-06-12 00:00:00+00:00,MES,gap,info_session_or_outage,gap of 3 days 00:00:00 (expected 1 days 00:00:00),micro
2023-06-20 00:00:00+00:00,MES,gap,info_session_or_outage,gap of 4 days 00:00:00 (expected 1 days 00:00:00),micro
2023-06-26 00:00:00+00:00,MES,gap,info_session_or_outage,gap of 3 days 00:00:00 (expected 1 days 00:00:00),micro
2023-07-03 00:00:00+00:00,MES,gap,info_session_or_outage,gap of 3 days 00:00:00 (expected 1 days 00:00:00),micro
2023-07-05 00:00:00+00:00,MES,gap,info_session_or_outage,gap of 2 days 00:00:00 (expected 1 days 00:00:00),micro
2023-07-10 00:00:00+00:00,MES,gap,info_session_or_outage,gap of 3 days 00:00:00 (expected 1 days 00:00:00),micro
2023-07-17 00:00:00+00:00,MES,gap,info_session_or_outage,gap of 3 days 00:00:00 (expected 1 days 00:00:00),micro
2023-07-24 00:00:00+00:00,MES,gap,info_session_or_outage,gap of 3 days 00:00:00 (expected 1 days 00:00:00),micro
2023-07-31 00:00:00+00:00,MES,gap,info_session_or_outage,gap of 3 days 00:00:00 (expected 1 days 00:00:00),micro
2023-08-07 00:00:00+00:00,MES,gap,info_session_or_outage,gap of 3 days 00:00:00 (expected 1 days 00:00:00),micro
2023-08-14 00:00:00+00:00,MES,gap,info_session_or_outage,gap of 3 days 00:00:00 (expected 1 days 00:00:00),micro
2023-08-21 00:00:00+00:00,MES,gap,info_session_or_outage,gap of 3 days 00:00:00 (expected 1 days 00:00:00),micro
2023-08-28 00:00:00+00:00,MES,gap,info_session_or_outage,gap of 3 days 00:00:00 (expected 1 days 00:00:00),micro
2023-09-05 00:00:00+00:00,MES,gap,info_session_or_outage,gap of 4 days 00:00:00 (expected 1 days 00:00:00),micro
2023-09-11 00:00:00+00:00,MES,gap,info_session_or_outage,gap of 3 days 00:00:00 (expected 1 days 00:00:00),micro
2023-09-18 00:00:00+00:00,MES,gap,info_session_or_outage,gap of 3 days 00:00:00 (expected 1 days 00:00:00),micro
2023-09-25 00:00:00+00:00,MES,gap,info_session_or_outage,gap of 3 days 00:00:00 (expected 1 days 00:00:00),micro
2023-10-02 00:00:00+00:00,MES,gap,info_session_or_outage,gap of 3 days 00:00:00 (expected 1 days 00:00:00),micro
2023-10-09 00:00:00+00:00,MES,gap,info_session_or_outage,gap of 3 days 00:00:00 (expected 1 days 00:00:00),micro
2023-10-16 00:00:00+00:00,MES,gap,info_session_or_outage,gap of 3 days 00:00:00 (expected 1 days 00:00:00),micro
2023-10-23 00:00:00+00:00,MES,gap,info_session_or_outage,gap of 3 days 00:00:00 (expected 1 days 00:00:00),micro
2023-10-30 00:00:00+00:00,MES,gap,info_session_or_outage,gap of 3 days 00:00:00 (expected 1 days 00:00:00),micro
2023-11-06 00:00:00+00:00,MES,gap,info_session_or_outage,gap of 3 days 00:00:00 (expected 1 days 00:00:00),micro
2023-11-13 00:00:00+00:00,MES,gap,info_session_or_outage,gap of 3 days 00:00:00 (expected 1 days 00:00:00),micro
2023-11-20 00:00:00+00:00,MES,gap,info_session_or_outage,gap of 3 days 00:00:00 (expected 1 days 00:00:00),micro
2023-11-27 00:00:00+00:00,MES,gap,info_session_or_outage,gap of 3 days 00:00:00 (expected 1 days 00:00:00),micro
2023-12-04 00:00:00+00:00,MES,gap,info_session_or_outage,gap of 3 days 00:00:00 (expected 1 days 00:00:00),micro
2023-12-11 00:00:00+00:00,MES,gap,info_session_or_outage,gap of 3 days 00:00:00 (expected 1 days 00:00:00),micro
2023-12-18 00:00:00+00:00,MES,gap,info_session_or_outage,gap of 3 days 00:00:00 (expected 1 days 00:00:00),micro
2023-12-26 00:00:00+00:00,MES,gap,info_session_or_outage,gap of 4 days 00:00:00 (expected 1 days 00:00:00),micro
2024-01-02 00:00:00+00:00,MES,gap,info_session_or_outage,gap of 4 days 00:00:00 (expected 1 days 00:00:00),micro
2024-01-08 00:00:00+00:00,MES,gap,info_session_or_outage,gap of 3 days 00:00:00 (expected 1 days 00:00:00),micro
2024-01-16 00:00:00+00:00,MES,gap,info_session_or_outage,gap of 4 days 00:00:00 (expected 1 days 00:00:00),micro
2024-01-22 00:00:00+00:00,MES,gap,info_session_or_outage,gap of 3 days 00:00:00 (expected 1 days 00:00:00),micro
2024-01-29 00:00:00+00:00,MES,gap,info_session_or_outage,gap of 3 days 00:00:00 (expected 1 days 00:00:00),micro
2024-02-05 00:00:00+00:00,MES,gap,info_session_or_outage,gap of 3 days 00:00:00 (expected 1 days 00:00:00),micro
2024-02-12 00:00:00+00:00,MES,gap,info_session_or_outage,gap of 3 days 00:00:00 (expected 1 days 00:00:00),micro
2024-02-20 00:00:00+00:00,MES,gap,info_session_or_outage,gap of 4 days 00:00:00 (expected 1 days 00:00:00),micro
2024-02-26 00:00:00+00:00,MES,gap,info_session_or_outage,gap of 3 days 00:00:00 (expected 1 days 00:00:00),micro
2024-03-04 00:00:00+00:00,MES,gap,info_session_or_outage,gap of 3 days 00:00:00 (expected 1 days 00:00:00),micro
2024-03-11 00:00:00+00:00,MES,gap,info_session_or_outage,gap of 3 days 00:00:00 (expected 1 days 00:00:00),micro
2024-03-18 00:00:00+00:00,MES,gap,info_session_or_outage,gap of 3 days 00:00:00 (expected 1 days 00:00:00),micro
2024-03-25 00:00:00+00:00,MES,gap,info_session_or_outage,gap of 3 days 00:00:00 (expected 1 days 00:00:00),micro
2024-04-01 00:00:00+00:00,MES,gap,info_session_or_outage,gap of 4 days 00:00:00 (expected 1 days 00:00:00),micro
2024-04-08 00:00:00+00:00,MES,gap,info_session_or_outage,gap of 3 days 00:00:00 (expected 1 days 00:00:00),micro
2024-04-15 00:00:00+00:00,MES,gap,info_session_or_outage,gap of 3 days 00:00:00 (expected 1 days 00:00:00),micro
2024-04-22 00:00:00+00:00,MES,gap,info_session_or_outage,gap of 3 days 00:00:00 (expected 1 days 00:00:00),micro
2024-04-29 00:00:00+00:00,MES,gap,info_session_or_outage,gap of 3 days 00:00:00 (expected 1 days 00:00:00),micro
2024-05-06 00:00:00+00:00,MES,gap,info_session_or_outage,gap of 3 days 00:00:00 (expected 1 days 00:00:00),micro
2024-05-13 00:00:00+00:00,MES,gap,info_session_or_outage,gap of 3 days 00:00:00 (expected 1 days 00:00:00),micro
2024-05-20 00:00:00+00:00,MES,gap,info_session_or_outage,gap of 3 days 00:00:00 (expected 1 days 00:00:00),micro
2024-05-28 00:00:00+00:00,MES,gap,info_session_or_outage,gap of 4 days 00:00:00 (expected 1 days 00:00:00),micro
2024-06-03 00:00:00+00:00,MES,gap,info_session_or_outage,gap of 3 days 00:00:00 (expected 1 days 00:00:00),micro
2024-06-10 00:00:00+00:00,MES,gap,info_session_or_outage,gap of 3 days 00:00:00 (expected 1 days 00:00:00),micro
2024-06-17 00:00:00+00:00,MES,gap,info_session_or_outage,gap of 3 days 00:00:00 (expected 1 days 00:00:00),micro
2024-06-20 00:00:00+00:00,MES,gap,info_session_or_outage,gap of 2 days 00:00:00 (expected 1 days 00:00:00),micro
2024-06-24 00:00:00+00:00,MES,gap,info_session_or_outage,gap of 3 days 00:00:00 (expected 1 days 00:00:00),micro
2024-07-01 00:00:00+00:00,MES,gap,info_session_or_outage,gap of 3 days 00:00:00 (expected 1 days 00:00:00),micro
2024-07-05 00:00:00+00:00,MES,gap,info_session_or_outage,gap of 2 days 00:00:00 (expected 1 days 00:00:00),micro
2024-07-08 00:00:00+00:00,MES,gap,info_session_or_outage,gap of 3 days 00:00:00 (expected 1 days 00:00:00),micro
2024-07-15 00:00:00+00:00,MES,gap,info_session_or_outage,gap of 3 days 00:00:00 (expected 1 days 00:00:00),micro
2024-07-22 00:00:00+00:00,MES,gap,info_session_or_outage,gap of 3 days 00:00:00 (expected 1 days 00:00:00),micro
2024-07-29 00:00:00+00:00,MES,gap,info_session_or_outage,gap of 3 days 00:00:00 (expected 1 days 00:00:00),micro
2024-08-05 00:00:00+00:00,MES,gap,info_session_or_outage,gap of 3 days 00:00:00 (expected 1 days 00:00:00),micro
2024-08-12 00:00:00+00:00,MES,gap,info_session_or_outage,gap of 3 days 00:00:00 (expected 1 days 00:00:00),micro
2024-08-19 00:00:00+00:00,MES,gap,info_session_or_outage,gap of 3 days 00:00:00 (expected 1 days 00:00:00),micro
2024-08-26 00:00:00+00:00,MES,gap,info_session_or_outage,gap of 3 days 00:00:00 (expected 1 days 00:00:00),micro
2024-09-03 00:00:00+00:00,MES,gap,info_session_or_outage,gap of 4 days 00:00:00 (expected 1 days 00:00:00),micro
2024-09-09 00:00:00+00:00,MES,gap,info_session_or_outage,gap of 3 days 00:00:00 (expected 1 days 00:00:00),micro
2024-09-16 00:00:00+00:00,MES,gap,info_session_or_outage,gap of 3 days 00:00:00 (expected 1 days 00:00:00),micro
2024-09-23 00:00:00+00:00,MES,gap,info_session_or_outage,gap of 3 days 00:00:00 (expected 1 days 00:00:00),micro
2024-09-30 00:00:00+00:00,MES,gap,info_session_or_outage,gap of 3 days 00:00:00 (expected 1 days 00:00:00),micro
2024-10-07 00:00:00+00:00,MES,gap,info_session_or_outage,gap of 3 days 00:00:00 (expected 1 days 00:00:00),micro
2024-10-14 00:00:00+00:00,MES,gap,info_session_or_outage,gap of 3 days 00:00:00 (expected 1 days 00:00:00),micro
2024-10-21 00:00:00+00:00,MES,gap,info_session_or_outage,gap of 3 days 00:00:00 (expected 1 days 00:00:00),micro
2024-10-28 00:00:00+00:00,MES,gap,info_session_or_outage,gap of 3 days 00:00:00 (expected 1 days 00:00:00),micro
2024-11-04 00:00:00+00:00,MES,gap,info_session_or_outage,gap of 3 days 00:00:00 (expected 1 days 00:00:00),micro
2024-11-11 00:00:00+00:00,MES,gap,info_session_or_outage,gap of 3 days 00:00:00 (expected 1 days 00:00:00),micro
2024-11-18 00:00:00+00:00,MES,gap,info_session_or_outage,gap of 3 days 00:00:00 (expected 1 days 00:00:00),micro
2024-11-25 00:00:00+00:00,MES,gap,info_session_or_outage,gap of 3 days 00:00:00 (expected 1 days 00:00:00),micro
2024-11-29 00:00:00+00:00,MES,gap,info_session_or_outage,gap of 2 days 00:00:00 (expected 1 days 00:00:00),micro
2024-12-02 00:00:00+00:00,MES,gap,info_session_or_outage,gap of 3 days 00:00:00 (expected 1 days 00:00:00),micro
2024-12-09 00:00:00+00:00,MES,gap,info_session_or_outage,gap of 3 days 00:00:00 (expected 1 days 00:00:00),micro
2024-12-16 00:00:00+00:00,MES,gap,info_session_or_outage,gap of 3 days 00:00:00 (expected 1 days 00:00:00),micro
2024-12-23 00:00:00+00:00,MES,gap,info_session_or_outage,gap of 3 days 00:00:00 (expected 1 days 00:00:00),micro
2024-12-26 00:00:00+00:00,MES,gap,info_session_or_outage,gap of 2 days 00:00:00 (expected 1 days 00:00:00),micro
2024-12-30 00:00:00+00:00,MES,gap,info_session_or_outage,gap of 3 days 00:00:00 (expected 1 days 00:00:00),micro
2025-01-02 00:00:00+00:00,MES,gap,info_session_or_outage,gap of 2 days 00:00:00 (expected 1 days 00:00:00),micro
2025-01-06 00:00:00+00:00,MES,gap,info_session_or_outage,gap of 3 days 00:00:00 (expected 1 days 00:00:00),micro
2025-01-13 00:00:00+00:00,MES,gap,info_session_or_outage,gap of 3 days 00:00:00 (expected 1 days 00:00:00),micro
2025-01-21 00:00:00+00:00,MES,gap,info_session_or_outage,gap of 4 days 00:00:00 (expected 1 days 00:00:00),micro
2025-01-27 00:00:00+00:00,MES,gap,info_session_or_outage,gap of 3 days 00:00:00 (expected 1 days 00:00:00),micro
2025-02-03 00:00:00+00:00,MES,gap,info_session_or_outage,gap of 3 days 00:00:00 (expected 1 days 00:00:00),micro
2025-02-10 00:00:00+00:00,MES,gap,info_session_or_outage,gap of 3 days 00:00:00 (expected 1 days 00:00:00),micro
2025-02-18 00:00:00+00:00,MES,gap,info_session_or_outage,gap of 4 days 00:00:00 (expected 1 days 00:00:00),micro
2025-02-24 00:00:00+00:00,MES,gap,info_session_or_outage,gap of 3 days 00:00:00 (expected 1 days 00:00:00),micro
2025-03-03 00:00:00+00:00,MES,gap,info_session_or_outage,gap of 3 days 00:00:00 (expected 1 days 00:00:00),micro
2025-03-10 00:00:00+00:00,MES,gap,info_session_or_outage,gap of 3 days 00:00:00 (expected 1 days 00:00:00),micro
2025-03-17 00:00:00+00:00,MES,gap,info_session_or_outage,gap of 3 days 00:00:00 (expected 1 days 00:00:00),micro
2025-03-24 00:00:00+00:00,MES,gap,info_session_or_outage,gap of 3 days 00:00:00 (expected 1 days 00:00:00),micro
2025-03-31 00:00:00+00:00,MES,gap,info_session_or_outage,gap of 3 days 00:00:00 (expected 1 days 00:00:00),micro
2025-04-07 00:00:00+00:00,MES,gap,info_session_or_outage,gap of 3 days 00:00:00 (expected 1 days 00:00:00),micro
2025-04-14 00:00:00+00:00,MES,gap,info_session_or_outage,gap of 3 days 00:00:00 (expected 1 days 00:00:00),micro
2025-04-21 00:00:00+00:00,MES,gap,info_session_or_outage,gap of 4 days 00:00:00 (expected 1 days 00:00:00),micro
2025-04-28 00:00:00+00:00,MES,gap,info_session_or_outage,gap of 3 days 00:00:00 (expected 1 days 00:00:00),micro
2025-05-05 00:00:00+00:00,MES,gap,info_session_or_outage,gap of 3 days 00:00:00 (expected 1 days 00:00:00),micro
2025-05-12 00:00:00+00:00,MES,gap,info_session_or_outage,gap of 3 days 00:00:00 (expected 1 days 00:00:00),micro
2025-05-19 00:00:00+00:00,MES,gap,info_session_or_outage,gap of 3 days 00:00:00 (expected 1 days 00:00:00),micro
2025-05-27 00:00:00+00:00,MES,gap,info_session_or_outage,gap of 4 days 00:00:00 (expected 1 days 00:00:00),micro
2025-06-02 00:00:00+00:00,MES,gap,info_session_or_outage,gap of 3 days 00:00:00 (expected 1 days 00:00:00),micro
2025-06-09 00:00:00+00:00,MES,gap,info_session_or_outage,gap of 3 days 00:00:00 (expected 1 days 00:00:00),micro
2025-06-16 00:00:00+00:00,MES,gap,info_session_or_outage,gap of 3 days 00:00:00 (expected 1 days 00:00:00),micro
2025-06-20 00:00:00+00:00,MES,gap,info_session_or_outage,gap of 2 days 00:00:00 (expected 1 days 00:00:00),micro
2025-06-23 00:00:00+00:00,MES,gap,info_session_or_outage,gap of 3 days 00:00:00 (expected 1 days 00:00:00),micro
2025-06-30 00:00:00+00:00,MES,gap,info_session_or_outage,gap of 3 days 00:00:00 (expected 1 days 00:00:00),micro
2025-07-07 00:00:00+00:00,MES,gap,info_session_or_outage,gap of 3 days 00:00:00 (expected 1 days 00:00:00),micro
2025-07-14 00:00:00+00:00,MES,gap,info_session_or_outage,gap of 3 days 00:00:00 (expected 1 days 00:00:00),micro
2025-07-21 00:00:00+00:00,MES,gap,info_session_or_outage,gap of 3 days 00:00:00 (expected 1 days 00:00:00),micro
2025-07-28 00:00:00+00:00,MES,gap,info_session_or_outage,gap of 3 days 00:00:00 (expected 1 days 00:00:00),micro
2025-08-04 00:00:00+00:00,MES,gap,info_session_or_outage,gap of 3 days 00:00:00 (expected 1 days 00:00:00),micro
2025-08-11 00:00:00+00:00,MES,gap,info_session_or_outage,gap of 3 days 00:00:00 (expected 1 days 00:00:00),micro
2025-08-18 00:00:00+00:00,MES,gap,info_session_or_outage,gap of 3 days 00:00:00 (expected 1 days 00:00:00),micro
2025-08-25 00:00:00+00:00,MES,gap,info_session_or_outage,gap of 3 days 00:00:00 (expected 1 days 00:00:00),micro
2025-09-02 00:00:00+00:00,MES,gap,info_session_or_outage,gap of 4 days 00:00:00 (expected 1 days 00:00:00),micro
2025-09-08 00:00:00+00:00,MES,gap,info_session_or_outage,gap of 3 days 00:00:00 (expected 1 days 00:00:00),micro
2025-09-15 00:00:00+00:00,MES,gap,info_session_or_outage,gap of 3 days 00:00:00 (expected 1 days 00:00:00),micro
2025-09-22 00:00:00+00:00,MES,gap,info_session_or_outage,gap of 3 days 00:00:00 (expected 1 days 00:00:00),micro
2025-09-29 00:00:00+00:00,MES,gap,info_session_or_outage,gap of 3 days 00:00:00 (expected 1 days 00:00:00),micro
2025-10-06 00:00:00+00:00,MES,gap,info_session_or_outage,gap of 3 days 00:00:00 (expected 1 days 00:00:00),micro
2025-10-13 00:00:00+00:00,MES,gap,info_session_or_outage,gap of 3 days 00:00:00 (expected 1 days 00:00:00),micro
2025-10-20 00:00:00+00:00,MES,gap,info_session_or_outage,gap of 3 days 00:00:00 (expected 1 days 00:00:00),micro
2025-10-27 00:00:00+00:00,MES,gap,info_session_or_outage,gap of 3 days 00:00:00 (expected 1 days 00:00:00),micro
2025-11-03 00:00:00+00:00,MES,gap,info_session_or_outage,gap of 3 days 00:00:00 (expected 1 days 00:00:00),micro
2025-11-10 00:00:00+00:00,MES,gap,info_session_or_outage,gap of 3 days 00:00:00 (expected 1 days 00:00:00),micro
2025-11-17 00:00:00+00:00,MES,gap,info_session_or_outage,gap of 3 days 00:00:00 (expected 1 days 00:00:00),micro
2025-11-24 00:00:00+00:00,MES,gap,info_session_or_outage,gap of 3 days 00:00:00 (expected 1 days 00:00:00),micro
2025-11-28 00:00:00+00:00,MES,gap,info_session_or_outage,gap of 2 days 00:00:00 (expected 1 days 00:00:00),micro
2025-12-01 00:00:00+00:00,MES,gap,info_session_or_outage,gap of 3 days 00:00:00 (expected 1 days 00:00:00),micro
2025-12-08 00:00:00+00:00,MES,gap,info_session_or_outage,gap of 3 days 00:00:00 (expected 1 days 00:00:00),micro
2025-12-15 00:00:00+00:00,MES,gap,info_session_or_outage,gap of 3 days 00:00:00 (expected 1 days 00:00:00),micro
2025-12-22 00:00:00+00:00,MES,gap,info_session_or_outage,gap of 3 days 00:00:00 (expected 1 days 00:00:00),micro
2025-12-26 00:00:00+00:00,MES,gap,info_session_or_outage,gap of 2 days 00:00:00 (expected 1 days 00:00:00),micro
2025-12-29 00:00:00+00:00,MES,gap,info_session_or_outage,gap of 3 days 00:00:00 (expected 1 days 00:00:00),micro
2026-01-02 00:00:00+00:00,MES,gap,info_session_or_outage,gap of 2 days 00:00:00 (expected 1 days 00:00:00),micro
2026-01-05 00:00:00+00:00,MES,gap,info_session_or_outage,gap of 3 days 00:00:00 (expected 1 days 00:00:00),micro
2026-01-12 00:00:00+00:00,MES,gap,info_session_or_outage,gap of 3 days 00:00:00 (expected 1 days 00:00:00),micro
2026-01-20 00:00:00+00:00,MES,gap,info_session_or_outage,gap of 4 days 00:00:00 (expected 1 days 00:00:00),micro
2026-01-26 00:00:00+00:00,MES,gap,info_session_or_outage,gap of 3 days 00:00:00 (expected 1 days 00:00:00),micro
2026-02-02 00:00:00+00:00,MES,gap,info_session_or_outage,gap of 3 days 00:00:00 (expected 1 days 00:00:00),micro
2026-02-09 00:00:00+00:00,MES,gap,info_session_or_outage,gap of 3 days 00:00:00 (expected 1 days 00:00:00),micro
2026-02-17 00:00:00+00:00,MES,gap,info_session_or_outage,gap of 4 days 00:00:00 (expected 1 days 00:00:00),micro
2026-02-23 00:00:00+00:00,MES,gap,info_session_or_outage,gap of 3 days 00:00:00 (expected 1 days 00:00:00),micro
2026-03-02 00:00:00+00:00,MES,gap,info_session_or_outage,gap of 3 days 00:00:00 (expected 1 days 00:00:00),micro
2026-03-09 00:00:00+00:00,MES,gap,info_session_or_outage,gap of 3 days 00:00:00 (expected 1 days 00:00:00),micro
2026-03-16 00:00:00+00:00,MES,gap,info_session_or_outage,gap of 3 days 00:00:00 (expected 1 days 00:00:00),micro
2026-03-23 00:00:00+00:00,MES,gap,info_session_or_outage,gap of 3 days 00:00:00 (expected 1 days 00:00:00),micro
2026-03-30 00:00:00+00:00,MES,gap,info_session_or_outage,gap of 3 days 00:00:00 (expected 1 days 00:00:00),micro
2026-04-06 00:00:00+00:00,MES,gap,info_session_or_outage,gap of 4 days 00:00:00 (expected 1 days 00:00:00),micro
2026-04-13 00:00:00+00:00,MES,gap,info_session_or_outage,gap of 3 days 00:00:00 (expected 1 days 00:00:00),micro
2026-04-20 00:00:00+00:00,MES,gap,info_session_or_outage,gap of 3 days 00:00:00 (expected 1 days 00:00:00),micro
2026-04-27 00:00:00+00:00,MES,gap,info_session_or_outage,gap of 3 days 00:00:00 (expected 1 days 00:00:00),micro
2026-05-04 00:00:00+00:00,MES,gap,info_session_or_outage,gap of 3 days 00:00:00 (expected 1 days 00:00:00),micro
2026-05-11 00:00:00+00:00,MES,gap,info_session_or_outage,gap of 3 days 00:00:00 (expected 1 days 00:00:00),micro
2026-05-18 00:00:00+00:00,MES,gap,info_session_or_outage,gap of 3 days 00:00:00 (expected 1 days 00:00:00),micro
2026-05-26 00:00:00+00:00,MES,gap,info_session_or_outage,gap of 4 days 00:00:00 (expected 1 days 00:00:00),micro
2026-06-01 00:00:00+00:00,MES,gap,info_session_or_outage,gap of 3 days 00:00:00 (expected 1 days 00:00:00),micro
2026-06-08 00:00:00+00:00,MES,gap,info_session_or_outage,gap of 3 days 00:00:00 (expected 1 days 00:00:00),micro
2026-06-15 00:00:00+00:00,MES,gap,info_session_or_outage,gap of 3 days 00:00:00 (expected 1 days 00:00:00),micro
2026-06-22 00:00:00+00:00,MES,gap,info_session_or_outage,gap of 4 days 00:00:00 (expected 1 days 00:00:00),micro
2026-06-29 00:00:00+00:00,MES,gap,info_session_or_outage,gap of 3 days 00:00:00 (expected 1 days 00:00:00),micro
2026-07-06 00:00:00+00:00,MES,gap,info_session_or_outage,gap of 4 days 00:00:00 (expected 1 days 00:00:00),micro
2026-07-13 00:00:00+00:00,MES,gap,info_session_or_outage,gap of 3 days 00:00:00 (expected 1 days 00:00:00),micro
2026-07-20 00:00:00+00:00,MES,gap,info_session_or_outage,gap of 3 days 00:00:00 (expected 1 days 00:00:00),micro
2026-07-27 00:00:00+00:00,MES,gap,info_session_or_outage,gap of 3 days 00:00:00 (expected 1 days 00:00:00),micro
2019-05-06 00:00:00+00:00,MNQ,gap,info_session_or_outage,gap of 3 days 00:00:00 (expected 1 days 00:00:00),micro
2019-05-13 00:00:00+00:00,MNQ,gap,info_session_or_outage,gap of 3 days 00:00:00 (expected 1 days 00:00:00),micro
2019-05-20 00:00:00+00:00,MNQ,gap,info_session_or_outage,gap of 3 days 00:00:00 (expected 1 days 00:00:00),micro
2019-05-28 00:00:00+00:00,MNQ,gap,info_session_or_outage,gap of 4 days 00:00:00 (expected 1 days 00:00:00),micro
2019-06-03 00:00:00+00:00,MNQ,gap,info_session_or_outage,gap of 3 days 00:00:00 (expected 1 days 00:00:00),micro
2019-06-10 00:00:00+00:00,MNQ,gap,info_session_or_outage,gap of 3 days 00:00:00 (expected 1 days 00:00:00),micro
2019-06-17 00:00:00+00:00,MNQ,gap,info_session_or_outage,gap of 3 days 00:00:00 (expected 1 days 00:00:00),micro
2019-06-24 00:00:00+00:00,MNQ,gap,info_session_or_outage,gap of 3 days 00:00:00 (expected 1 days 00:00:00),micro
2019-07-01 00:00:00+00:00,MNQ,gap,info_session_or_outage,gap of 3 days 00:00:00 (expected 1 days 00:00:00),micro
2019-07-05 00:00:00+00:00,MNQ,gap,info_session_or_outage,gap of 2 days 00:00:00 (expected 1 days 00:00:00),micro
2019-07-08 00:00:00+00:00,MNQ,gap,info_session_or_outage,gap of 3 days 00:00:00 (expected 1 days 00:00:00),micro
2019-07-15 00:00:00+00:00,MNQ,gap,info_session_or_outage,gap of 3 days 00:00:00 (expected 1 days 00:00:00),micro
2019-07-22 00:00:00+00:00,MNQ,gap,info_session_or_outage,gap of 3 days 00:00:00 (expected 1 days 00:00:00),micro
2019-07-29 00:00:00+00:00,MNQ,gap,info_session_or_outage,gap of 3 days 00:00:00 (expected 1 days 00:00:00),micro
2019-08-05 00:00:00+00:00,MNQ,gap,info_session_or_outage,gap of 3 days 00:00:00 (expected 1 days 00:00:00),micro
2019-08-12 00:00:00+00:00,MNQ,gap,info_session_or_outage,gap of 3 days 00:00:00 (expected 1 days 00:00:00),micro
2019-08-19 00:00:00+00:00,MNQ,gap,info_session_or_outage,gap of 3 days 00:00:00 (expected 1 days 00:00:00),micro
2019-08-26 00:00:00+00:00,MNQ,gap,info_session_or_outage,gap of 3 days 00:00:00 (expected 1 days 00:00:00),micro
2019-09-03 00:00:00+00:00,MNQ,gap,info_session_or_outage,gap of 4 days 00:00:00 (expected 1 days 00:00:00),micro
2019-09-09 00:00:00+00:00,MNQ,gap,info_session_or_outage,gap of 3 days 00:00:00 (expected 1 days 00:00:00),micro
2019-09-16 00:00:00+00:00,MNQ,gap,info_session_or_outage,gap of 3 days 00:00:00 (expected 1 days 00:00:00),micro
2019-09-23 00:00:00+00:00,MNQ,gap,info_session_or_outage,gap of 3 days 00:00:00 (expected 1 days 00:00:00),micro
2019-09-30 00:00:00+00:00,MNQ,gap,info_session_or_outage,gap of 3 days 00:00:00 (expected 1 days 00:00:00),micro
2019-10-07 00:00:00+00:00,MNQ,gap,info_session_or_outage,gap of 3 days 00:00:00 (expected 1 days 00:00:00),micro
2019-10-14 00:00:00+00:00,MNQ,gap,info_session_or_outage,gap of 3 days 00:00:00 (expected 1 days 00:00:00),micro
2019-10-21 00:00:00+00:00,MNQ,gap,info_session_or_outage,gap of 3 days 00:00:00 (expected 1 days 00:00:00),micro
2019-10-28 00:00:00+00:00,MNQ,gap,info_session_or_outage,gap of 3 days 00:00:00 (expected 1 days 00:00:00),micro
2019-11-04 00:00:00+00:00,MNQ,gap,info_session_or_outage,gap of 3 days 00:00:00 (expected 1 days 00:00:00),micro
2019-11-11 00:00:00+00:00,MNQ,gap,info_session_or_outage,gap of 3 days 00:00:00 (expected 1 days 00:00:00),micro
2019-11-18 00:00:00+00:00,MNQ,gap,info_session_or_outage,gap of 3 days 00:00:00 (expected 1 days 00:00:00),micro
2019-11-25 00:00:00+00:00,MNQ,gap,info_session_or_outage,gap of 3 days 00:00:00 (expected 1 days 00:00:00),micro
2019-11-29 00:00:00+00:00,MNQ,gap,info_session_or_outage,gap of 2 days 00:00:00 (expected 1 days 00:00:00),micro
2019-12-02 00:00:00+00:00,MNQ,gap,info_session_or_outage,gap of 3 days 00:00:00 (expected 1 days 00:00:00),micro
2019-12-09 00:00:00+00:00,MNQ,gap,info_session_or_outage,gap of 3 days 00:00:00 (expected 1 days 00:00:00),micro
2019-12-16 00:00:00+00:00,MNQ,gap,info_session_or_outage,gap of 3 days 00:00:00 (expected 1 days 00:00:00),micro
2019-12-23 00:00:00+00:00,MNQ,gap,info_session_or_outage,gap of 3 days 00:00:00 (expected 1 days 00:00:00),micro
2019-12-26 00:00:00+00:00,MNQ,gap,info_session_or_outage,gap of 2 days 00:00:00 (expected 1 days 00:00:00),micro
2019-12-30 00:00:00+00:00,MNQ,gap,info_session_or_outage,gap of 3 days 00:00:00 (expected 1 days 00:00:00),micro
2020-01-02 00:00:00+00:00,MNQ,gap,info_session_or_outage,gap of 2 days 00:00:00 (expected 1 days 00:00:00),micro
2020-01-06 00:00:00+00:00,MNQ,gap,info_session_or_outage,gap of 3 days 00:00:00 (expected 1 days 00:00:00),micro
2020-01-13 00:00:00+00:00,MNQ,gap,info_session_or_outage,gap of 3 days 00:00:00 (expected 1 days 00:00:00),micro
2020-01-21 00:00:00+00:00,MNQ,gap,info_session_or_outage,gap of 4 days 00:00:00 (expected 1 days 00:00:00),micro
2020-01-27 00:00:00+00:00,MNQ,gap,info_session_or_outage,gap of 3 days 00:00:00 (expected 1 days 00:00:00),micro
2020-02-03 00:00:00+00:00,MNQ,gap,info_session_or_outage,gap of 3 days 00:00:00 (expected 1 days 00:00:00),micro
2020-02-10 00:00:00+00:00,MNQ,gap,info_session_or_outage,gap of 3 days 00:00:00 (expected 1 days 00:00:00),micro
2020-02-18 00:00:00+00:00,MNQ,gap,info_session_or_outage,gap of 4 days 00:00:00 (expected 1 days 00:00:00),micro
2020-02-24 00:00:00+00:00,MNQ,gap,info_session_or_outage,gap of 3 days 00:00:00 (expected 1 days 00:00:00),micro
2020-03-02 00:00:00+00:00,MNQ,gap,info_session_or_outage,gap of 3 days 00:00:00 (expected 1 days 00:00:00),micro
2020-03-09 00:00:00+00:00,MNQ,gap,info_session_or_outage,gap of 3 days 00:00:00 (expected 1 days 00:00:00),micro
2020-03-16 00:00:00+00:00,MNQ,gap,info_session_or_outage,gap of 3 days 00:00:00 (expected 1 days 00:00:00),micro
2020-03-23 00:00:00+00:00,MNQ,gap,info_session_or_outage,gap of 3 days 00:00:00 (expected 1 days 00:00:00),micro
2020-03-30 00:00:00+00:00,MNQ,gap,info_session_or_outage,gap of 3 days 00:00:00 (expected 1 days 00:00:00),micro
2020-04-06 00:00:00+00:00,MNQ,gap,info_session_or_outage,gap of 3 days 00:00:00 (expected 1 days 00:00:00),micro
2020-04-13 00:00:00+00:00,MNQ,gap,info_session_or_outage,gap of 4 days 00:00:00 (expected 1 days 00:00:00),micro
2020-04-20 00:00:00+00:00,MNQ,gap,info_session_or_outage,gap of 3 days 00:00:00 (expected 1 days 00:00:00),micro
2020-04-27 00:00:00+00:00,MNQ,gap,info_session_or_outage,gap of 3 days 00:00:00 (expected 1 days 00:00:00),micro
2020-05-04 00:00:00+00:00,MNQ,gap,info_session_or_outage,gap of 3 days 00:00:00 (expected 1 days 00:00:00),micro
2020-05-11 00:00:00+00:00,MNQ,gap,info_session_or_outage,gap of 3 days 00:00:00 (expected 1 days 00:00:00),micro
2020-05-18 00:00:00+00:00,MNQ,gap,info_session_or_outage,gap of 3 days 00:00:00 (expected 1 days 00:00:00),micro
2020-05-26 00:00:00+00:00,MNQ,gap,info_session_or_outage,gap of 4 days 00:00:00 (expected 1 days 00:00:00),micro
2020-06-01 00:00:00+00:00,MNQ,gap,info_session_or_outage,gap of 3 days 00:00:00 (expected 1 days 00:00:00),micro
2020-06-08 00:00:00+00:00,MNQ,gap,info_session_or_outage,gap of 3 days 00:00:00 (expected 1 days 00:00:00),micro
2020-06-15 00:00:00+00:00,MNQ,gap,info_session_or_outage,gap of 3 days 00:00:00 (expected 1 days 00:00:00),micro
2020-06-22 00:00:00+00:00,MNQ,gap,info_session_or_outage,gap of 3 days 00:00:00 (expected 1 days 00:00:00),micro
2020-06-29 00:00:00+00:00,MNQ,gap,info_session_or_outage,gap of 3 days 00:00:00 (expected 1 days 00:00:00),micro
2020-07-06 00:00:00+00:00,MNQ,gap,info_session_or_outage,gap of 4 days 00:00:00 (expected 1 days 00:00:00),micro
2020-07-13 00:00:00+00:00,MNQ,gap,info_session_or_outage,gap of 3 days 00:00:00 (expected 1 days 00:00:00),micro
2020-07-20 00:00:00+00:00,MNQ,gap,info_session_or_outage,gap of 3 days 00:00:00 (expected 1 days 00:00:00),micro
2020-07-27 00:00:00+00:00,MNQ,gap,info_session_or_outage,gap of 3 days 00:00:00 (expected 1 days 00:00:00),micro
2020-08-03 00:00:00+00:00,MNQ,gap,info_session_or_outage,gap of 3 days 00:00:00 (expected 1 days 00:00:00),micro
2020-08-10 00:00:00+00:00,MNQ,gap,info_session_or_outage,gap of 3 days 00:00:00 (expected 1 days 00:00:00),micro
2020-08-17 00:00:00+00:00,MNQ,gap,info_session_or_outage,gap of 3 days 00:00:00 (expected 1 days 00:00:00),micro
2020-08-24 00:00:00+00:00,MNQ,gap,info_session_or_outage,gap of 3 days 00:00:00 (expected 1 days 00:00:00),micro
2020-08-31 00:00:00+00:00,MNQ,gap,info_session_or_outage,gap of 3 days 00:00:00 (expected 1 days 00:00:00),micro
2020-09-08 00:00:00+00:00,MNQ,gap,info_session_or_outage,gap of 4 days 00:00:00 (expected 1 days 00:00:00),micro
2020-09-14 00:00:00+00:00,MNQ,gap,info_session_or_outage,gap of 3 days 00:00:00 (expected 1 days 00:00:00),micro
2020-09-21 00:00:00+00:00,MNQ,gap,info_session_or_outage,gap of 3 days 00:00:00 (expected 1 days 00:00:00),micro
2020-09-28 00:00:00+00:00,MNQ,gap,info_session_or_outage,gap of 3 days 00:00:00 (expected 1 days 00:00:00),micro
2020-10-05 00:00:00+00:00,MNQ,gap,info_session_or_outage,gap of 3 days 00:00:00 (expected 1 days 00:00:00),micro
2020-10-12 00:00:00+00:00,MNQ,gap,info_session_or_outage,gap of 3 days 00:00:00 (expected 1 days 00:00:00),micro
2020-10-19 00:00:00+00:00,MNQ,gap,info_session_or_outage,gap of 3 days 00:00:00 (expected 1 days 00:00:00),micro
2020-10-26 00:00:00+00:00,MNQ,gap,info_session_or_outage,gap of 3 days 00:00:00 (expected 1 days 00:00:00),micro
2020-11-02 00:00:00+00:00,MNQ,gap,info_session_or_outage,gap of 3 days 00:00:00 (expected 1 days 00:00:00),micro
2020-11-09 00:00:00+00:00,MNQ,gap,info_session_or_outage,gap of 3 days 00:00:00 (expected 1 days 00:00:00),micro
2020-11-16 00:00:00+00:00,MNQ,gap,info_session_or_outage,gap of 3 days 00:00:00 (expected 1 days 00:00:00),micro
2020-11-23 00:00:00+00:00,MNQ,gap,info_session_or_outage,gap of 3 days 00:00:00 (expected 1 days 00:00:00),micro
2020-11-27 00:00:00+00:00,MNQ,gap,info_session_or_outage,gap of 2 days 00:00:00 (expected 1 days 00:00:00),micro
2020-11-30 00:00:00+00:00,MNQ,gap,info_session_or_outage,gap of 3 days 00:00:00 (expected 1 days 00:00:00),micro
2020-12-07 00:00:00+00:00,MNQ,gap,info_session_or_outage,gap of 3 days 00:00:00 (expected 1 days 00:00:00),micro
2020-12-14 00:00:00+00:00,MNQ,gap,info_session_or_outage,gap of 3 days 00:00:00 (expected 1 days 00:00:00),micro
2020-12-21 00:00:00+00:00,MNQ,gap,info_session_or_outage,gap of 3 days 00:00:00 (expected 1 days 00:00:00),micro
2020-12-28 00:00:00+00:00,MNQ,gap,info_session_or_outage,gap of 4 days 00:00:00 (expected 1 days 00:00:00),micro
2021-01-04 00:00:00+00:00,MNQ,gap,info_session_or_outage,gap of 4 days 00:00:00 (expected 1 days 00:00:00),micro
2021-01-11 00:00:00+00:00,MNQ,gap,info_session_or_outage,gap of 3 days 00:00:00 (expected 1 days 00:00:00),micro
2021-01-19 00:00:00+00:00,MNQ,gap,info_session_or_outage,gap of 4 days 00:00:00 (expected 1 days 00:00:00),micro
2021-01-25 00:00:00+00:00,MNQ,gap,info_session_or_outage,gap of 3 days 00:00:00 (expected 1 days 00:00:00),micro
2021-02-01 00:00:00+00:00,MNQ,gap,info_session_or_outage,gap of 3 days 00:00:00 (expected 1 days 00:00:00),micro
2021-02-08 00:00:00+00:00,MNQ,gap,info_session_or_outage,gap of 3 days 00:00:00 (expected 1 days 00:00:00),micro
2021-02-16 00:00:00+00:00,MNQ,gap,info_session_or_outage,gap of 4 days 00:00:00 (expected 1 days 00:00:00),micro
2021-02-22 00:00:00+00:00,MNQ,gap,info_session_or_outage,gap of 3 days 00:00:00 (expected 1 days 00:00:00),micro
2021-03-01 00:00:00+00:00,MNQ,gap,info_session_or_outage,gap of 3 days 00:00:00 (expected 1 days 00:00:00),micro
2021-03-08 00:00:00+00:00,MNQ,gap,info_session_or_outage,gap of 3 days 00:00:00 (expected 1 days 00:00:00),micro
2021-03-15 00:00:00+00:00,MNQ,gap,info_session_or_outage,gap of 3 days 00:00:00 (expected 1 days 00:00:00),micro
2021-03-22 00:00:00+00:00,MNQ,gap,info_session_or_outage,gap of 3 days 00:00:00 (expected 1 days 00:00:00),micro
2021-03-29 00:00:00+00:00,MNQ,gap,info_session_or_outage,gap of 3 days 00:00:00 (expected 1 days 00:00:00),micro
2021-04-05 00:00:00+00:00,MNQ,gap,info_session_or_outage,gap of 4 days 00:00:00 (expected 1 days 00:00:00),micro
2021-04-12 00:00:00+00:00,MNQ,gap,info_session_or_outage,gap of 3 days 00:00:00 (expected 1 days 00:00:00),micro
2021-04-19 00:00:00+00:00,MNQ,gap,info_session_or_outage,gap of 3 days 00:00:00 (expected 1 days 00:00:00),micro
2021-04-26 00:00:00+00:00,MNQ,gap,info_session_or_outage,gap of 3 days 00:00:00 (expected 1 days 00:00:00),micro
2021-05-03 00:00:00+00:00,MNQ,gap,info_session_or_outage,gap of 3 days 00:00:00 (expected 1 days 00:00:00),micro
2021-05-10 00:00:00+00:00,MNQ,gap,info_session_or_outage,gap of 3 days 00:00:00 (expected 1 days 00:00:00),micro
2021-05-17 00:00:00+00:00,MNQ,gap,info_session_or_outage,gap of 3 days 00:00:00 (expected 1 days 00:00:00),micro
2021-05-24 00:00:00+00:00,MNQ,gap,info_session_or_outage,gap of 3 days 00:00:00 (expected 1 days 00:00:00),micro
2021-06-01 00:00:00+00:00,MNQ,gap,info_session_or_outage,gap of 4 days 00:00:00 (expected 1 days 00:00:00),micro
2021-06-07 00:00:00+00:00,MNQ,gap,info_session_or_outage,gap of 3 days 00:00:00 (expected 1 days 00:00:00),micro
2021-06-14 00:00:00+00:00,MNQ,gap,info_session_or_outage,gap of 3 days 00:00:00 (expected 1 days 00:00:00),micro
2021-06-21 00:00:00+00:00,MNQ,gap,info_session_or_outage,gap of 3 days 00:00:00 (expected 1 days 00:00:00),micro
2021-06-28 00:00:00+00:00,MNQ,gap,info_session_or_outage,gap of 3 days 00:00:00 (expected 1 days 00:00:00),micro
2021-07-06 00:00:00+00:00,MNQ,gap,info_session_or_outage,gap of 4 days 00:00:00 (expected 1 days 00:00:00),micro
2021-07-12 00:00:00+00:00,MNQ,gap,info_session_or_outage,gap of 3 days 00:00:00 (expected 1 days 00:00:00),micro
2021-07-19 00:00:00+00:00,MNQ,gap,info_session_or_outage,gap of 3 days 00:00:00 (expected 1 days 00:00:00),micro
2021-07-26 00:00:00+00:00,MNQ,gap,info_session_or_outage,gap of 3 days 00:00:00 (expected 1 days 00:00:00),micro
2021-08-02 00:00:00+00:00,MNQ,gap,info_session_or_outage,gap of 3 days 00:00:00 (expected 1 days 00:00:00),micro
2021-08-09 00:00:00+00:00,MNQ,gap,info_session_or_outage,gap of 3 days 00:00:00 (expected 1 days 00:00:00),micro
2021-08-16 00:00:00+00:00,MNQ,gap,info_session_or_outage,gap of 3 days 00:00:00 (expected 1 days 00:00:00),micro
2021-08-23 00:00:00+00:00,MNQ,gap,info_session_or_outage,gap of 3 days 00:00:00 (expected 1 days 00:00:00),micro
2021-08-30 00:00:00+00:00,MNQ,gap,info_session_or_outage,gap of 3 days 00:00:00 (expected 1 days 00:00:00),micro
2021-09-07 00:00:00+00:00,MNQ,gap,info_session_or_outage,gap of 4 days 00:00:00 (expected 1 days 00:00:00),micro
2021-09-13 00:00:00+00:00,MNQ,gap,info_session_or_outage,gap of 3 days 00:00:00 (expected 1 days 00:00:00),micro
2021-09-20 00:00:00+00:00,MNQ,gap,info_session_or_outage,gap of 3 days 00:00:00 (expected 1 days 00:00:00),micro
2021-09-27 00:00:00+00:00,MNQ,gap,info_session_or_outage,gap of 3 days 00:00:00 (expected 1 days 00:00:00),micro
2021-10-04 00:00:00+00:00,MNQ,gap,info_session_or_outage,gap of 3 days 00:00:00 (expected 1 days 00:00:00),micro
2021-10-11 00:00:00+00:00,MNQ,gap,info_session_or_outage,gap of 3 days 00:00:00 (expected 1 days 00:00:00),micro
2021-10-18 00:00:00+00:00,MNQ,gap,info_session_or_outage,gap of 3 days 00:00:00 (expected 1 days 00:00:00),micro
2021-10-25 00:00:00+00:00,MNQ,gap,info_session_or_outage,gap of 3 days 00:00:00 (expected 1 days 00:00:00),micro
2021-11-01 00:00:00+00:00,MNQ,gap,info_session_or_outage,gap of 3 days 00:00:00 (expected 1 days 00:00:00),micro
2021-11-08 00:00:00+00:00,MNQ,gap,info_session_or_outage,gap of 3 days 00:00:00 (expected 1 days 00:00:00),micro
2021-11-15 00:00:00+00:00,MNQ,gap,info_session_or_outage,gap of 3 days 00:00:00 (expected 1 days 00:00:00),micro
2021-11-22 00:00:00+00:00,MNQ,gap,info_session_or_outage,gap of 3 days 00:00:00 (expected 1 days 00:00:00),micro
2021-11-26 00:00:00+00:00,MNQ,gap,info_session_or_outage,gap of 2 days 00:00:00 (expected 1 days 00:00:00),micro
2021-11-29 00:00:00+00:00,MNQ,gap,info_session_or_outage,gap of 3 days 00:00:00 (expected 1 days 00:00:00),micro
2021-12-06 00:00:00+00:00,MNQ,gap,info_session_or_outage,gap of 3 days 00:00:00 (expected 1 days 00:00:00),micro
2021-12-13 00:00:00+00:00,MNQ,gap,info_session_or_outage,gap of 3 days 00:00:00 (expected 1 days 00:00:00),micro
2021-12-20 00:00:00+00:00,MNQ,gap,info_session_or_outage,gap of 3 days 00:00:00 (expected 1 days 00:00:00),micro
2021-12-27 00:00:00+00:00,MNQ,gap,info_session_or_outage,gap of 4 days 00:00:00 (expected 1 days 00:00:00),micro
2022-01-03 00:00:00+00:00,MNQ,gap,info_session_or_outage,gap of 3 days 00:00:00 (expected 1 days 00:00:00),micro
2022-01-10 00:00:00+00:00,MNQ,gap,info_session_or_outage,gap of 3 days 00:00:00 (expected 1 days 00:00:00),micro
2022-01-18 00:00:00+00:00,MNQ,gap,info_session_or_outage,gap of 4 days 00:00:00 (expected 1 days 00:00:00),micro
2022-01-24 00:00:00+00:00,MNQ,gap,info_session_or_outage,gap of 3 days 00:00:00 (expected 1 days 00:00:00),micro
2022-01-31 00:00:00+00:00,MNQ,gap,info_session_or_outage,gap of 3 days 00:00:00 (expected 1 days 00:00:00),micro
2022-02-07 00:00:00+00:00,MNQ,gap,info_session_or_outage,gap of 3 days 00:00:00 (expected 1 days 00:00:00),micro
2022-02-14 00:00:00+00:00,MNQ,gap,info_session_or_outage,gap of 3 days 00:00:00 (expected 1 days 00:00:00),micro
2022-02-22 00:00:00+00:00,MNQ,gap,info_session_or_outage,gap of 4 days 00:00:00 (expected 1 days 00:00:00),micro
2022-02-28 00:00:00+00:00,MNQ,gap,info_session_or_outage,gap of 3 days 00:00:00 (expected 1 days 00:00:00),micro
2022-03-07 00:00:00+00:00,MNQ,gap,info_session_or_outage,gap of 3 days 00:00:00 (expected 1 days 00:00:00),micro
2022-03-14 00:00:00+00:00,MNQ,gap,info_session_or_outage,gap of 3 days 00:00:00 (expected 1 days 00:00:00),micro
2022-03-21 00:00:00+00:00,MNQ,gap,info_session_or_outage,gap of 3 days 00:00:00 (expected 1 days 00:00:00),micro
2022-03-28 00:00:00+00:00,MNQ,gap,info_session_or_outage,gap of 3 days 00:00:00 (expected 1 days 00:00:00),micro
2022-04-04 00:00:00+00:00,MNQ,gap,info_session_or_outage,gap of 3 days 00:00:00 (expected 1 days 00:00:00),micro
2022-04-11 00:00:00+00:00,MNQ,gap,info_session_or_outage,gap of 3 days 00:00:00 (expected 1 days 00:00:00),micro
2022-04-18 00:00:00+00:00,MNQ,gap,info_session_or_outage,gap of 4 days 00:00:00 (expected 1 days 00:00:00),micro
2022-04-25 00:00:00+00:00,MNQ,gap,info_session_or_outage,gap of 3 days 00:00:00 (expected 1 days 00:00:00),micro
2022-05-02 00:00:00+00:00,MNQ,gap,info_session_or_outage,gap of 3 days 00:00:00 (expected 1 days 00:00:00),micro
2022-05-09 00:00:00+00:00,MNQ,gap,info_session_or_outage,gap of 3 days 00:00:00 (expected 1 days 00:00:00),micro
2022-05-16 00:00:00+00:00,MNQ,gap,info_session_or_outage,gap of 3 days 00:00:00 (expected 1 days 00:00:00),micro
2022-05-23 00:00:00+00:00,MNQ,gap,info_session_or_outage,gap of 3 days 00:00:00 (expected 1 days 00:00:00),micro
2022-05-31 00:00:00+00:00,MNQ,gap,info_session_or_outage,gap of 4 days 00:00:00 (expected 1 days 00:00:00),micro
2022-06-06 00:00:00+00:00,MNQ,gap,info_session_or_outage,gap of 3 days 00:00:00 (expected 1 days 00:00:00),micro
2022-06-13 00:00:00+00:00,MNQ,gap,info_session_or_outage,gap of 3 days 00:00:00 (expected 1 days 00:00:00),micro
2022-06-21 00:00:00+00:00,MNQ,gap,info_session_or_outage,gap of 4 days 00:00:00 (expected 1 days 00:00:00),micro
2022-06-27 00:00:00+00:00,MNQ,gap,info_session_or_outage,gap of 3 days 00:00:00 (expected 1 days 00:00:00),micro
2022-07-05 00:00:00+00:00,MNQ,gap,info_session_or_outage,gap of 4 days 00:00:00 (expected 1 days 00:00:00),micro
2022-07-11 00:00:00+00:00,MNQ,gap,info_session_or_outage,gap of 3 days 00:00:00 (expected 1 days 00:00:00),micro
2022-07-18 00:00:00+00:00,MNQ,gap,info_session_or_outage,gap of 3 days 00:00:00 (expected 1 days 00:00:00),micro
2022-07-25 00:00:00+00:00,MNQ,gap,info_session_or_outage,gap of 3 days 00:00:00 (expected 1 days 00:00:00),micro
2022-08-01 00:00:00+00:00,MNQ,gap,info_session_or_outage,gap of 3 days 00:00:00 (expected 1 days 00:00:00),micro
2022-08-08 00:00:00+00:00,MNQ,gap,info_session_or_outage,gap of 3 days 00:00:00 (expected 1 days 00:00:00),micro
2022-08-15 00:00:00+00:00,MNQ,gap,info_session_or_outage,gap of 3 days 00:00:00 (expected 1 days 00:00:00),micro
2022-08-22 00:00:00+00:00,MNQ,gap,info_session_or_outage,gap of 3 days 00:00:00 (expected 1 days 00:00:00),micro
2022-08-29 00:00:00+00:00,MNQ,gap,info_session_or_outage,gap of 3 days 00:00:00 (expected 1 days 00:00:00),micro
2022-09-06 00:00:00+00:00,MNQ,gap,info_session_or_outage,gap of 4 days 00:00:00 (expected 1 days 00:00:00),micro
2022-09-12 00:00:00+00:00,MNQ,gap,info_session_or_outage,gap of 3 days 00:00:00 (expected 1 days 00:00:00),micro
2022-09-19 00:00:00+00:00,MNQ,gap,info_session_or_outage,gap of 3 days 00:00:00 (expected 1 days 00:00:00),micro
2022-09-26 00:00:00+00:00,MNQ,gap,info_session_or_outage,gap of 3 days 00:00:00 (expected 1 days 00:00:00),micro
2022-10-03 00:00:00+00:00,MNQ,gap,info_session_or_outage,gap of 3 days 00:00:00 (expected 1 days 00:00:00),micro
2022-10-10 00:00:00+00:00,MNQ,gap,info_session_or_outage,gap of 3 days 00:00:00 (expected 1 days 00:00:00),micro
2022-10-17 00:00:00+00:00,MNQ,gap,info_session_or_outage,gap of 3 days 00:00:00 (expected 1 days 00:00:00),micro
2022-10-24 00:00:00+00:00,MNQ,gap,info_session_or_outage,gap of 3 days 00:00:00 (expected 1 days 00:00:00),micro
2022-10-31 00:00:00+00:00,MNQ,gap,info_session_or_outage,gap of 3 days 00:00:00 (expected 1 days 00:00:00),micro
2022-11-07 00:00:00+00:00,MNQ,gap,info_session_or_outage,gap of 3 days 00:00:00 (expected 1 days 00:00:00),micro
2022-11-14 00:00:00+00:00,MNQ,gap,info_session_or_outage,gap of 3 days 00:00:00 (expected 1 days 00:00:00),micro
2022-11-21 00:00:00+00:00,MNQ,gap,info_session_or_outage,gap of 3 days 00:00:00 (expected 1 days 00:00:00),micro
2022-11-25 00:00:00+00:00,MNQ,gap,info_session_or_outage,gap of 2 days 00:00:00 (expected 1 days 00:00:00),micro
2022-11-28 00:00:00+00:00,MNQ,gap,info_session_or_outage,gap of 3 days 00:00:00 (expected 1 days 00:00:00),micro
2022-12-05 00:00:00+00:00,MNQ,gap,info_session_or_outage,gap of 3 days 00:00:00 (expected 1 days 00:00:00),micro
2022-12-12 00:00:00+00:00,MNQ,gap,info_session_or_outage,gap of 3 days 00:00:00 (expected 1 days 00:00:00),micro
2022-12-19 00:00:00+00:00,MNQ,gap,info_session_or_outage,gap of 3 days 00:00:00 (expected 1 days 00:00:00),micro
2022-12-27 00:00:00+00:00,MNQ,gap,info_session_or_outage,gap of 4 days 00:00:00 (expected 1 days 00:00:00),micro
2023-01-03 00:00:00+00:00,MNQ,gap,info_session_or_outage,gap of 4 days 00:00:00 (expected 1 days 00:00:00),micro
2023-01-09 00:00:00+00:00,MNQ,gap,info_session_or_outage,gap of 3 days 00:00:00 (expected 1 days 00:00:00),micro
2023-01-17 00:00:00+00:00,MNQ,gap,info_session_or_outage,gap of 4 days 00:00:00 (expected 1 days 00:00:00),micro
2023-01-23 00:00:00+00:00,MNQ,gap,info_session_or_outage,gap of 3 days 00:00:00 (expected 1 days 00:00:00),micro
2023-01-30 00:00:00+00:00,MNQ,gap,info_session_or_outage,gap of 3 days 00:00:00 (expected 1 days 00:00:00),micro
2023-02-06 00:00:00+00:00,MNQ,gap,info_session_or_outage,gap of 3 days 00:00:00 (expected 1 days 00:00:00),micro
2023-02-13 00:00:00+00:00,MNQ,gap,info_session_or_outage,gap of 3 days 00:00:00 (expected 1 days 00:00:00),micro
2023-02-21 00:00:00+00:00,MNQ,gap,info_session_or_outage,gap of 4 days 00:00:00 (expected 1 days 00:00:00),micro
2023-02-27 00:00:00+00:00,MNQ,gap,info_session_or_outage,gap of 3 days 00:00:00 (expected 1 days 00:00:00),micro
2023-03-06 00:00:00+00:00,MNQ,gap,info_session_or_outage,gap of 3 days 00:00:00 (expected 1 days 00:00:00),micro
2023-03-13 00:00:00+00:00,MNQ,gap,info_session_or_outage,gap of 3 days 00:00:00 (expected 1 days 00:00:00),micro
2023-03-20 00:00:00+00:00,MNQ,gap,info_session_or_outage,gap of 3 days 00:00:00 (expected 1 days 00:00:00),micro
2023-03-27 00:00:00+00:00,MNQ,gap,info_session_or_outage,gap of 3 days 00:00:00 (expected 1 days 00:00:00),micro
2023-04-03 00:00:00+00:00,MNQ,gap,info_session_or_outage,gap of 3 days 00:00:00 (expected 1 days 00:00:00),micro
2023-04-10 00:00:00+00:00,MNQ,gap,info_session_or_outage,gap of 4 days 00:00:00 (expected 1 days 00:00:00),micro
2023-04-17 00:00:00+00:00,MNQ,gap,info_session_or_outage,gap of 3 days 00:00:00 (expected 1 days 00:00:00),micro
2023-04-24 00:00:00+00:00,MNQ,gap,info_session_or_outage,gap of 3 days 00:00:00 (expected 1 days 00:00:00),micro
2023-05-01 00:00:00+00:00,MNQ,gap,info_session_or_outage,gap of 3 days 00:00:00 (expected 1 days 00:00:00),micro
2023-05-08 00:00:00+00:00,MNQ,gap,info_session_or_outage,gap of 3 days 00:00:00 (expected 1 days 00:00:00),micro
2023-05-15 00:00:00+00:00,MNQ,gap,info_session_or_outage,gap of 3 days 00:00:00 (expected 1 days 00:00:00),micro
2023-05-22 00:00:00+00:00,MNQ,gap,info_session_or_outage,gap of 3 days 00:00:00 (expected 1 days 00:00:00),micro
2023-05-30 00:00:00+00:00,MNQ,gap,info_session_or_outage,gap of 4 days 00:00:00 (expected 1 days 00:00:00),micro
2023-06-05 00:00:00+00:00,MNQ,gap,info_session_or_outage,gap of 3 days 00:00:00 (expected 1 days 00:00:00),micro
2023-06-12 00:00:00+00:00,MNQ,gap,info_session_or_outage,gap of 3 days 00:00:00 (expected 1 days 00:00:00),micro
2023-06-20 00:00:00+00:00,MNQ,gap,info_session_or_outage,gap of 4 days 00:00:00 (expected 1 days 00:00:00),micro
2023-06-26 00:00:00+00:00,MNQ,gap,info_session_or_outage,gap of 3 days 00:00:00 (expected 1 days 00:00:00),micro
2023-07-03 00:00:00+00:00,MNQ,gap,info_session_or_outage,gap of 3 days 00:00:00 (expected 1 days 00:00:00),micro
2023-07-05 00:00:00+00:00,MNQ,gap,info_session_or_outage,gap of 2 days 00:00:00 (expected 1 days 00:00:00),micro
2023-07-10 00:00:00+00:00,MNQ,gap,info_session_or_outage,gap of 3 days 00:00:00 (expected 1 days 00:00:00),micro
2023-07-17 00:00:00+00:00,MNQ,gap,info_session_or_outage,gap of 3 days 00:00:00 (expected 1 days 00:00:00),micro
2023-07-24 00:00:00+00:00,MNQ,gap,info_session_or_outage,gap of 3 days 00:00:00 (expected 1 days 00:00:00),micro
2023-07-31 00:00:00+00:00,MNQ,gap,info_session_or_outage,gap of 3 days 00:00:00 (expected 1 days 00:00:00),micro
2023-08-07 00:00:00+00:00,MNQ,gap,info_session_or_outage,gap of 3 days 00:00:00 (expected 1 days 00:00:00),micro
2023-08-14 00:00:00+00:00,MNQ,gap,info_session_or_outage,gap of 3 days 00:00:00 (expected 1 days 00:00:00),micro
2023-08-21 00:00:00+00:00,MNQ,gap,info_session_or_outage,gap of 3 days 00:00:00 (expected 1 days 00:00:00),micro
2023-08-28 00:00:00+00:00,MNQ,gap,info_session_or_outage,gap of 3 days 00:00:00 (expected 1 days 00:00:00),micro
2023-09-05 00:00:00+00:00,MNQ,gap,info_session_or_outage,gap of 4 days 00:00:00 (expected 1 days 00:00:00),micro
2023-09-11 00:00:00+00:00,MNQ,gap,info_session_or_outage,gap of 3 days 00:00:00 (expected 1 days 00:00:00),micro
2023-09-18 00:00:00+00:00,MNQ,gap,info_session_or_outage,gap of 3 days 00:00:00 (expected 1 days 00:00:00),micro
2023-09-25 00:00:00+00:00,MNQ,gap,info_session_or_outage,gap of 3 days 00:00:00 (expected 1 days 00:00:00),micro
2023-10-02 00:00:00+00:00,MNQ,gap,info_session_or_outage,gap of 3 days 00:00:00 (expected 1 days 00:00:00),micro
2023-10-09 00:00:00+00:00,MNQ,gap,info_session_or_outage,gap of 3 days 00:00:00 (expected 1 days 00:00:00),micro
2023-10-16 00:00:00+00:00,MNQ,gap,info_session_or_outage,gap of 3 days 00:00:00 (expected 1 days 00:00:00),micro
2023-10-23 00:00:00+00:00,MNQ,gap,info_session_or_outage,gap of 3 days 00:00:00 (expected 1 days 00:00:00),micro
2023-10-30 00:00:00+00:00,MNQ,gap,info_session_or_outage,gap of 3 days 00:00:00 (expected 1 days 00:00:00),micro
2023-11-06 00:00:00+00:00,MNQ,gap,info_session_or_outage,gap of 3 days 00:00:00 (expected 1 days 00:00:00),micro
2023-11-13 00:00:00+00:00,MNQ,gap,info_session_or_outage,gap of 3 days 00:00:00 (expected 1 days 00:00:00),micro
2023-11-20 00:00:00+00:00,MNQ,gap,info_session_or_outage,gap of 3 days 00:00:00 (expected 1 days 00:00:00),micro
2023-11-27 00:00:00+00:00,MNQ,gap,info_session_or_outage,gap of 3 days 00:00:00 (expected 1 days 00:00:00),micro
2023-12-04 00:00:00+00:00,MNQ,gap,info_session_or_outage,gap of 3 days 00:00:00 (expected 1 days 00:00:00),micro
2023-12-11 00:00:00+00:00,MNQ,gap,info_session_or_outage,gap of 3 days 00:00:00 (expected 1 days 00:00:00),micro
2023-12-18 00:00:00+00:00,MNQ,gap,info_session_or_outage,gap of 3 days 00:00:00 (expected 1 days 00:00:00),micro
2023-12-26 00:00:00+00:00,MNQ,gap,info_session_or_outage,gap of 4 days 00:00:00 (expected 1 days 00:00:00),micro
2024-01-02 00:00:00+00:00,MNQ,gap,info_session_or_outage,gap of 4 days 00:00:00 (expected 1 days 00:00:00),micro
2024-01-08 00:00:00+00:00,MNQ,gap,info_session_or_outage,gap of 3 days 00:00:00 (expected 1 days 00:00:00),micro
2024-01-16 00:00:00+00:00,MNQ,gap,info_session_or_outage,gap of 4 days 00:00:00 (expected 1 days 00:00:00),micro
2024-01-22 00:00:00+00:00,MNQ,gap,info_session_or_outage,gap of 3 days 00:00:00 (expected 1 days 00:00:00),micro
2024-01-29 00:00:00+00:00,MNQ,gap,info_session_or_outage,gap of 3 days 00:00:00 (expected 1 days 00:00:00),micro
2024-02-05 00:00:00+00:00,MNQ,gap,info_session_or_outage,gap of 3 days 00:00:00 (expected 1 days 00:00:00),micro
2024-02-12 00:00:00+00:00,MNQ,gap,info_session_or_outage,gap of 3 days 00:00:00 (expected 1 days 00:00:00),micro
2024-02-20 00:00:00+00:00,MNQ,gap,info_session_or_outage,gap of 4 days 00:00:00 (expected 1 days 00:00:00),micro
2024-02-26 00:00:00+00:00,MNQ,gap,info_session_or_outage,gap of 3 days 00:00:00 (expected 1 days 00:00:00),micro
2024-03-04 00:00:00+00:00,MNQ,gap,info_session_or_outage,gap of 3 days 00:00:00 (expected 1 days 00:00:00),micro
2024-03-11 00:00:00+00:00,MNQ,gap,info_session_or_outage,gap of 3 days 00:00:00 (expected 1 days 00:00:00),micro
2024-03-18 00:00:00+00:00,MNQ,gap,info_session_or_outage,gap of 3 days 00:00:00 (expected 1 days 00:00:00),micro
2024-03-25 00:00:00+00:00,MNQ,gap,info_session_or_outage,gap of 3 days 00:00:00 (expected 1 days 00:00:00),micro
2024-04-01 00:00:00+00:00,MNQ,gap,info_session_or_outage,gap of 4 days 00:00:00 (expected 1 days 00:00:00),micro
2024-04-08 00:00:00+00:00,MNQ,gap,info_session_or_outage,gap of 3 days 00:00:00 (expected 1 days 00:00:00),micro
2024-04-15 00:00:00+00:00,MNQ,gap,info_session_or_outage,gap of 3 days 00:00:00 (expected 1 days 00:00:00),micro
2024-04-22 00:00:00+00:00,MNQ,gap,info_session_or_outage,gap of 3 days 00:00:00 (expected 1 days 00:00:00),micro
2024-04-29 00:00:00+00:00,MNQ,gap,info_session_or_outage,gap of 3 days 00:00:00 (expected 1 days 00:00:00),micro
2024-05-06 00:00:00+00:00,MNQ,gap,info_session_or_outage,gap of 3 days 00:00:00 (expected 1 days 00:00:00),micro
2024-05-13 00:00:00+00:00,MNQ,gap,info_session_or_outage,gap of 3 days 00:00:00 (expected 1 days 00:00:00),micro
2024-05-20 00:00:00+00:00,MNQ,gap,info_session_or_outage,gap of 3 days 00:00:00 (expected 1 days 00:00:00),micro
2024-05-28 00:00:00+00:00,MNQ,gap,info_session_or_outage,gap of 4 days 00:00:00 (expected 1 days 00:00:00),micro
2024-06-03 00:00:00+00:00,MNQ,gap,info_session_or_outage,gap of 3 days 00:00:00 (expected 1 days 00:00:00),micro
2024-06-10 00:00:00+00:00,MNQ,gap,info_session_or_outage,gap of 3 days 00:00:00 (expected 1 days 00:00:00),micro
2024-06-17 00:00:00+00:00,MNQ,gap,info_session_or_outage,gap of 3 days 00:00:00 (expected 1 days 00:00:00),micro
2024-06-20 00:00:00+00:00,MNQ,gap,info_session_or_outage,gap of 2 days 00:00:00 (expected 1 days 00:00:00),micro
2024-06-24 00:00:00+00:00,MNQ,gap,info_session_or_outage,gap of 3 days 00:00:00 (expected 1 days 00:00:00),micro
2024-07-01 00:00:00+00:00,MNQ,gap,info_session_or_outage,gap of 3 days 00:00:00 (expected 1 days 00:00:00),micro
2024-07-05 00:00:00+00:00,MNQ,gap,info_session_or_outage,gap of 2 days 00:00:00 (expected 1 days 00:00:00),micro
2024-07-08 00:00:00+00:00,MNQ,gap,info_session_or_outage,gap of 3 days 00:00:00 (expected 1 days 00:00:00),micro
2024-07-15 00:00:00+00:00,MNQ,gap,info_session_or_outage,gap of 3 days 00:00:00 (expected 1 days 00:00:00),micro
2024-07-22 00:00:00+00:00,MNQ,gap,info_session_or_outage,gap of 3 days 00:00:00 (expected 1 days 00:00:00),micro
2024-07-29 00:00:00+00:00,MNQ,gap,info_session_or_outage,gap of 3 days 00:00:00 (expected 1 days 00:00:00),micro
2024-08-05 00:00:00+00:00,MNQ,gap,info_session_or_outage,gap of 3 days 00:00:00 (expected 1 days 00:00:00),micro
2024-08-12 00:00:00+00:00,MNQ,gap,info_session_or_outage,gap of 3 days 00:00:00 (expected 1 days 00:00:00),micro
2024-08-19 00:00:00+00:00,MNQ,gap,info_session_or_outage,gap of 3 days 00:00:00 (expected 1 days 00:00:00),micro
2024-08-26 00:00:00+00:00,MNQ,gap,info_session_or_outage,gap of 3 days 00:00:00 (expected 1 days 00:00:00),micro
2024-09-03 00:00:00+00:00,MNQ,gap,info_session_or_outage,gap of 4 days 00:00:00 (expected 1 days 00:00:00),micro
2024-09-09 00:00:00+00:00,MNQ,gap,info_session_or_outage,gap of 3 days 00:00:00 (expected 1 days 00:00:00),micro
2024-09-16 00:00:00+00:00,MNQ,gap,info_session_or_outage,gap of 3 days 00:00:00 (expected 1 days 00:00:00),micro
2024-09-23 00:00:00+00:00,MNQ,gap,info_session_or_outage,gap of 3 days 00:00:00 (expected 1 days 00:00:00),micro
2024-09-30 00:00:00+00:00,MNQ,gap,info_session_or_outage,gap of 3 days 00:00:00 (expected 1 days 00:00:00),micro
2024-10-07 00:00:00+00:00,MNQ,gap,info_session_or_outage,gap of 3 days 00:00:00 (expected 1 days 00:00:00),micro
2024-10-14 00:00:00+00:00,MNQ,gap,info_session_or_outage,gap of 3 days 00:00:00 (expected 1 days 00:00:00),micro
2024-10-21 00:00:00+00:00,MNQ,gap,info_session_or_outage,gap of 3 days 00:00:00 (expected 1 days 00:00:00),micro
2024-10-28 00:00:00+00:00,MNQ,gap,info_session_or_outage,gap of 3 days 00:00:00 (expected 1 days 00:00:00),micro
2024-11-04 00:00:00+00:00,MNQ,gap,info_session_or_outage,gap of 3 days 00:00:00 (expected 1 days 00:00:00),micro
2024-11-11 00:00:00+00:00,MNQ,gap,info_session_or_outage,gap of 3 days 00:00:00 (expected 1 days 00:00:00),micro
2024-11-18 00:00:00+00:00,MNQ,gap,info_session_or_outage,gap of 3 days 00:00:00 (expected 1 days 00:00:00),micro
2024-11-25 00:00:00+00:00,MNQ,gap,info_session_or_outage,gap of 3 days 00:00:00 (expected 1 days 00:00:00),micro
2024-11-29 00:00:00+00:00,MNQ,gap,info_session_or_outage,gap of 2 days 00:00:00 (expected 1 days 00:00:00),micro
2024-12-02 00:00:00+00:00,MNQ,gap,info_session_or_outage,gap of 3 days 00:00:00 (expected 1 days 00:00:00),micro
2024-12-09 00:00:00+00:00,MNQ,gap,info_session_or_outage,gap of 3 days 00:00:00 (expected 1 days 00:00:00),micro
2024-12-16 00:00:00+00:00,MNQ,gap,info_session_or_outage,gap of 3 days 00:00:00 (expected 1 days 00:00:00),micro
2024-12-23 00:00:00+00:00,MNQ,gap,info_session_or_outage,gap of 3 days 00:00:00 (expected 1 days 00:00:00),micro
2024-12-26 00:00:00+00:00,MNQ,gap,info_session_or_outage,gap of 2 days 00:00:00 (expected 1 days 00:00:00),micro
2024-12-30 00:00:00+00:00,MNQ,gap,info_session_or_outage,gap of 3 days 00:00:00 (expected 1 days 00:00:00),micro
2025-01-02 00:00:00+00:00,MNQ,gap,info_session_or_outage,gap of 2 days 00:00:00 (expected 1 days 00:00:00),micro
2025-01-06 00:00:00+00:00,MNQ,gap,info_session_or_outage,gap of 3 days 00:00:00 (expected 1 days 00:00:00),micro
2025-01-13 00:00:00+00:00,MNQ,gap,info_session_or_outage,gap of 3 days 00:00:00 (expected 1 days 00:00:00),micro
2025-01-21 00:00:00+00:00,MNQ,gap,info_session_or_outage,gap of 4 days 00:00:00 (expected 1 days 00:00:00),micro
2025-01-27 00:00:00+00:00,MNQ,gap,info_session_or_outage,gap of 3 days 00:00:00 (expected 1 days 00:00:00),micro
2025-02-03 00:00:00+00:00,MNQ,gap,info_session_or_outage,gap of 3 days 00:00:00 (expected 1 days 00:00:00),micro
2025-02-10 00:00:00+00:00,MNQ,gap,info_session_or_outage,gap of 3 days 00:00:00 (expected 1 days 00:00:00),micro
2025-02-18 00:00:00+00:00,MNQ,gap,info_session_or_outage,gap of 4 days 00:00:00 (expected 1 days 00:00:00),micro
2025-02-24 00:00:00+00:00,MNQ,gap,info_session_or_outage,gap of 3 days 00:00:00 (expected 1 days 00:00:00),micro
2025-03-03 00:00:00+00:00,MNQ,gap,info_session_or_outage,gap of 3 days 00:00:00 (expected 1 days 00:00:00),micro
2025-03-10 00:00:00+00:00,MNQ,gap,info_session_or_outage,gap of 3 days 00:00:00 (expected 1 days 00:00:00),micro
2025-03-17 00:00:00+00:00,MNQ,gap,info_session_or_outage,gap of 3 days 00:00:00 (expected 1 days 00:00:00),micro
2025-03-24 00:00:00+00:00,MNQ,gap,info_session_or_outage,gap of 3 days 00:00:00 (expected 1 days 00:00:00),micro
2025-03-31 00:00:00+00:00,MNQ,gap,info_session_or_outage,gap of 3 days 00:00:00 (expected 1 days 00:00:00),micro
2025-04-07 00:00:00+00:00,MNQ,gap,info_session_or_outage,gap of 3 days 00:00:00 (expected 1 days 00:00:00),micro
2025-04-14 00:00:00+00:00,MNQ,gap,info_session_or_outage,gap of 3 days 00:00:00 (expected 1 days 00:00:00),micro
2025-04-21 00:00:00+00:00,MNQ,gap,info_session_or_outage,gap of 4 days 00:00:00 (expected 1 days 00:00:00),micro
2025-04-28 00:00:00+00:00,MNQ,gap,info_session_or_outage,gap of 3 days 00:00:00 (expected 1 days 00:00:00),micro
2025-05-05 00:00:00+00:00,MNQ,gap,info_session_or_outage,gap of 3 days 00:00:00 (expected 1 days 00:00:00),micro
2025-05-12 00:00:00+00:00,MNQ,gap,info_session_or_outage,gap of 3 days 00:00:00 (expected 1 days 00:00:00),micro
2025-05-19 00:00:00+00:00,MNQ,gap,info_session_or_outage,gap of 3 days 00:00:00 (expected 1 days 00:00:00),micro
2025-05-27 00:00:00+00:00,MNQ,gap,info_session_or_outage,gap of 4 days 00:00:00 (expected 1 days 00:00:00),micro
2025-06-02 00:00:00+00:00,MNQ,gap,info_session_or_outage,gap of 3 days 00:00:00 (expected 1 days 00:00:00),micro
2025-06-09 00:00:00+00:00,MNQ,gap,info_session_or_outage,gap of 3 days 00:00:00 (expected 1 days 00:00:00),micro
2025-06-16 00:00:00+00:00,MNQ,gap,info_session_or_outage,gap of 3 days 00:00:00 (expected 1 days 00:00:00),micro
2025-06-20 00:00:00+00:00,MNQ,gap,info_session_or_outage,gap of 2 days 00:00:00 (expected 1 days 00:00:00),micro
2025-06-23 00:00:00+00:00,MNQ,gap,info_session_or_outage,gap of 3 days 00:00:00 (expected 1 days 00:00:00),micro
2025-06-30 00:00:00+00:00,MNQ,gap,info_session_or_outage,gap of 3 days 00:00:00 (expected 1 days 00:00:00),micro
2025-07-07 00:00:00+00:00,MNQ,gap,info_session_or_outage,gap of 3 days 00:00:00 (expected 1 days 00:00:00),micro
2025-07-14 00:00:00+00:00,MNQ,gap,info_session_or_outage,gap of 3 days 00:00:00 (expected 1 days 00:00:00),micro
2025-07-21 00:00:00+00:00,MNQ,gap,info_session_or_outage,gap of 3 days 00:00:00 (expected 1 days 00:00:00),micro
2025-07-28 00:00:00+00:00,MNQ,gap,info_session_or_outage,gap of 3 days 00:00:00 (expected 1 days 00:00:00),micro
2025-08-04 00:00:00+00:00,MNQ,gap,info_session_or_outage,gap of 3 days 00:00:00 (expected 1 days 00:00:00),micro
2025-08-11 00:00:00+00:00,MNQ,gap,info_session_or_outage,gap of 3 days 00:00:00 (expected 1 days 00:00:00),micro
2025-08-18 00:00:00+00:00,MNQ,gap,info_session_or_outage,gap of 3 days 00:00:00 (expected 1 days 00:00:00),micro
2025-08-25 00:00:00+00:00,MNQ,gap,info_session_or_outage,gap of 3 days 00:00:00 (expected 1 days 00:00:00),micro
2025-09-02 00:00:00+00:00,MNQ,gap,info_session_or_outage,gap of 4 days 00:00:00 (expected 1 days 00:00:00),micro
2025-09-08 00:00:00+00:00,MNQ,gap,info_session_or_outage,gap of 3 days 00:00:00 (expected 1 days 00:00:00),micro
2025-09-15 00:00:00+00:00,MNQ,gap,info_session_or_outage,gap of 3 days 00:00:00 (expected 1 days 00:00:00),micro
2025-09-22 00:00:00+00:00,MNQ,gap,info_session_or_outage,gap of 3 days 00:00:00 (expected 1 days 00:00:00),micro
2025-09-29 00:00:00+00:00,MNQ,gap,info_session_or_outage,gap of 3 days 00:00:00 (expected 1 days 00:00:00),micro
2025-10-06 00:00:00+00:00,MNQ,gap,info_session_or_outage,gap of 3 days 00:00:00 (expected 1 days 00:00:00),micro
2025-10-13 00:00:00+00:00,MNQ,gap,info_session_or_outage,gap of 3 days 00:00:00 (expected 1 days 00:00:00),micro
2025-10-20 00:00:00+00:00,MNQ,gap,info_session_or_outage,gap of 3 days 00:00:00 (expected 1 days 00:00:00),micro
2025-10-27 00:00:00+00:00,MNQ,gap,info_session_or_outage,gap of 3 days 00:00:00 (expected 1 days 00:00:00),micro
2025-11-03 00:00:00+00:00,MNQ,gap,info_session_or_outage,gap of 3 days 00:00:00 (expected 1 days 00:00:00),micro
2025-11-10 00:00:00+00:00,MNQ,gap,info_session_or_outage,gap of 3 days 00:00:00 (expected 1 days 00:00:00),micro
2025-11-17 00:00:00+00:00,MNQ,gap,info_session_or_outage,gap of 3 days 00:00:00 (expected 1 days 00:00:00),micro
2025-11-24 00:00:00+00:00,MNQ,gap,info_session_or_outage,gap of 3 days 00:00:00 (expected 1 days 00:00:00),micro
2025-11-28 00:00:00+00:00,MNQ,gap,info_session_or_outage,gap of 2 days 00:00:00 (expected 1 days 00:00:00),micro
2025-12-01 00:00:00+00:00,MNQ,gap,info_session_or_outage,gap of 3 days 00:00:00 (expected 1 days 00:00:00),micro
2025-12-08 00:00:00+00:00,MNQ,gap,info_session_or_outage,gap of 3 days 00:00:00 (expected 1 days 00:00:00),micro
2025-12-15 00:00:00+00:00,MNQ,gap,info_session_or_outage,gap of 3 days 00:00:00 (expected 1 days 00:00:00),micro
2025-12-22 00:00:00+00:00,MNQ,gap,info_session_or_outage,gap of 3 days 00:00:00 (expected 1 days 00:00:00),micro
2025-12-26 00:00:00+00:00,MNQ,gap,info_session_or_outage,gap of 2 days 00:00:00 (expected 1 days 00:00:00),micro
2025-12-29 00:00:00+00:00,MNQ,gap,info_session_or_outage,gap of 3 days 00:00:00 (expected 1 days 00:00:00),micro
2026-01-02 00:00:00+00:00,MNQ,gap,info_session_or_outage,gap of 2 days 00:00:00 (expected 1 days 00:00:00),micro
2026-01-05 00:00:00+00:00,MNQ,gap,info_session_or_outage,gap of 3 days 00:00:00 (expected 1 days 00:00:00),micro
2026-01-12 00:00:00+00:00,MNQ,gap,info_session_or_outage,gap of 3 days 00:00:00 (expected 1 days 00:00:00),micro
2026-01-20 00:00:00+00:00,MNQ,gap,info_session_or_outage,gap of 4 days 00:00:00 (expected 1 days 00:00:00),micro
2026-01-26 00:00:00+00:00,MNQ,gap,info_session_or_outage,gap of 3 days 00:00:00 (expected 1 days 00:00:00),micro
2026-02-02 00:00:00+00:00,MNQ,gap,info_session_or_outage,gap of 3 days 00:00:00 (expected 1 days 00:00:00),micro
2026-02-09 00:00:00+00:00,MNQ,gap,info_session_or_outage,gap of 3 days 00:00:00 (expected 1 days 00:00:00),micro
2026-02-17 00:00:00+00:00,MNQ,gap,info_session_or_outage,gap of 4 days 00:00:00 (expected 1 days 00:00:00),micro
2026-02-23 00:00:00+00:00,MNQ,gap,info_session_or_outage,gap of 3 days 00:00:00 (expected 1 days 00:00:00),micro
2026-03-02 00:00:00+00:00,MNQ,gap,info_session_or_outage,gap of 3 days 00:00:00 (expected 1 days 00:00:00),micro
2026-03-09 00:00:00+00:00,MNQ,gap,info_session_or_outage,gap of 3 days 00:00:00 (expected 1 days 00:00:00),micro
2026-03-16 00:00:00+00:00,MNQ,gap,info_session_or_outage,gap of 3 days 00:00:00 (expected 1 days 00:00:00),micro
2026-03-23 00:00:00+00:00,MNQ,gap,info_session_or_outage,gap of 3 days 00:00:00 (expected 1 days 00:00:00),micro
2026-03-30 00:00:00+00:00,MNQ,gap,info_session_or_outage,gap of 3 days 00:00:00 (expected 1 days 00:00:00),micro
2026-04-06 00:00:00+00:00,MNQ,gap,info_session_or_outage,gap of 4 days 00:00:00 (expected 1 days 00:00:00),micro
2026-04-13 00:00:00+00:00,MNQ,gap,info_session_or_outage,gap of 3 days 00:00:00 (expected 1 days 00:00:00),micro
2026-04-20 00:00:00+00:00,MNQ,gap,info_session_or_outage,gap of 3 days 00:00:00 (expected 1 days 00:00:00),micro
2026-04-27 00:00:00+00:00,MNQ,gap,info_session_or_outage,gap of 3 days 00:00:00 (expected 1 days 00:00:00),micro
2026-05-04 00:00:00+00:00,MNQ,gap,info_session_or_outage,gap of 3 days 00:00:00 (expected 1 days 00:00:00),micro
2026-05-11 00:00:00+00:00,MNQ,gap,info_session_or_outage,gap of 3 days 00:00:00 (expected 1 days 00:00:00),micro
2026-05-18 00:00:00+00:00,MNQ,gap,info_session_or_outage,gap of 3 days 00:00:00 (expected 1 days 00:00:00),micro
2026-05-26 00:00:00+00:00,MNQ,gap,info_session_or_outage,gap of 4 days 00:00:00 (expected 1 days 00:00:00),micro
2026-06-01 00:00:00+00:00,MNQ,gap,info_session_or_outage,gap of 3 days 00:00:00 (expected 1 days 00:00:00),micro
2026-06-08 00:00:00+00:00,MNQ,gap,info_session_or_outage,gap of 3 days 00:00:00 (expected 1 days 00:00:00),micro
2026-06-15 00:00:00+00:00,MNQ,gap,info_session_or_outage,gap of 3 days 00:00:00 (expected 1 days 00:00:00),micro
2026-06-22 00:00:00+00:00,MNQ,gap,info_session_or_outage,gap of 4 days 00:00:00 (expected 1 days 00:00:00),micro
2026-06-29 00:00:00+00:00,MNQ,gap,info_session_or_outage,gap of 3 days 00:00:00 (expected 1 days 00:00:00),micro
2026-07-06 00:00:00+00:00,MNQ,gap,info_session_or_outage,gap of 4 days 00:00:00 (expected 1 days 00:00:00),micro
2026-07-13 00:00:00+00:00,MNQ,gap,info_session_or_outage,gap of 3 days 00:00:00 (expected 1 days 00:00:00),micro
2026-07-20 00:00:00+00:00,MNQ,gap,info_session_or_outage,gap of 3 days 00:00:00 (expected 1 days 00:00:00),micro
2026-07-27 00:00:00+00:00,MNQ,gap,info_session_or_outage,gap of 3 days 00:00:00 (expected 1 days 00:00:00),micro
2019-05-06 00:00:00+00:00,M2K,gap,info_session_or_outage,gap of 3 days 00:00:00 (expected 1 days 00:00:00),micro
2019-05-13 00:00:00+00:00,M2K,gap,info_session_or_outage,gap of 3 days 00:00:00 (expected 1 days 00:00:00),micro
2019-05-20 00:00:00+00:00,M2K,gap,info_session_or_outage,gap of 3 days 00:00:00 (expected 1 days 00:00:00),micro
2019-05-28 00:00:00+00:00,M2K,gap,info_session_or_outage,gap of 4 days 00:00:00 (expected 1 days 00:00:00),micro
2019-06-03 00:00:00+00:00,M2K,gap,info_session_or_outage,gap of 3 days 00:00:00 (expected 1 days 00:00:00),micro
2019-06-10 00:00:00+00:00,M2K,gap,info_session_or_outage,gap of 3 days 00:00:00 (expected 1 days 00:00:00),micro
2019-06-17 00:00:00+00:00,M2K,gap,info_session_or_outage,gap of 3 days 00:00:00 (expected 1 days 00:00:00),micro
2019-06-24 00:00:00+00:00,M2K,gap,info_session_or_outage,gap of 3 days 00:00:00 (expected 1 days 00:00:00),micro
2019-07-01 00:00:00+00:00,M2K,gap,info_session_or_outage,gap of 3 days 00:00:00 (expected 1 days 00:00:00),micro
2019-07-05 00:00:00+00:00,M2K,gap,info_session_or_outage,gap of 2 days 00:00:00 (expected 1 days 00:00:00),micro
2019-07-08 00:00:00+00:00,M2K,gap,info_session_or_outage,gap of 3 days 00:00:00 (expected 1 days 00:00:00),micro
2019-07-15 00:00:00+00:00,M2K,gap,info_session_or_outage,gap of 3 days 00:00:00 (expected 1 days 00:00:00),micro
2019-07-22 00:00:00+00:00,M2K,gap,info_session_or_outage,gap of 3 days 00:00:00 (expected 1 days 00:00:00),micro
2019-07-29 00:00:00+00:00,M2K,gap,info_session_or_outage,gap of 3 days 00:00:00 (expected 1 days 00:00:00),micro
2019-08-05 00:00:00+00:00,M2K,gap,info_session_or_outage,gap of 3 days 00:00:00 (expected 1 days 00:00:00),micro
2019-08-12 00:00:00+00:00,M2K,gap,info_session_or_outage,gap of 3 days 00:00:00 (expected 1 days 00:00:00),micro
2019-08-19 00:00:00+00:00,M2K,gap,info_session_or_outage,gap of 3 days 00:00:00 (expected 1 days 00:00:00),micro
2019-08-26 00:00:00+00:00,M2K,gap,info_session_or_outage,gap of 3 days 00:00:00 (expected 1 days 00:00:00),micro
2019-09-03 00:00:00+00:00,M2K,gap,info_session_or_outage,gap of 4 days 00:00:00 (expected 1 days 00:00:00),micro
2019-09-09 00:00:00+00:00,M2K,gap,info_session_or_outage,gap of 3 days 00:00:00 (expected 1 days 00:00:00),micro
2019-09-16 00:00:00+00:00,M2K,gap,info_session_or_outage,gap of 3 days 00:00:00 (expected 1 days 00:00:00),micro
2019-09-23 00:00:00+00:00,M2K,gap,info_session_or_outage,gap of 3 days 00:00:00 (expected 1 days 00:00:00),micro
2019-09-30 00:00:00+00:00,M2K,gap,info_session_or_outage,gap of 3 days 00:00:00 (expected 1 days 00:00:00),micro
2019-10-07 00:00:00+00:00,M2K,gap,info_session_or_outage,gap of 3 days 00:00:00 (expected 1 days 00:00:00),micro
2019-10-14 00:00:00+00:00,M2K,gap,info_session_or_outage,gap of 3 days 00:00:00 (expected 1 days 00:00:00),micro
2019-10-21 00:00:00+00:00,M2K,gap,info_session_or_outage,gap of 3 days 00:00:00 (expected 1 days 00:00:00),micro
2019-10-28 00:00:00+00:00,M2K,gap,info_session_or_outage,gap of 3 days 00:00:00 (expected 1 days 00:00:00),micro
2019-11-04 00:00:00+00:00,M2K,gap,info_session_or_outage,gap of 3 days 00:00:00 (expected 1 days 00:00:00),micro
2019-11-11 00:00:00+00:00,M2K,gap,info_session_or_outage,gap of 3 days 00:00:00 (expected 1 days 00:00:00),micro
2019-11-18 00:00:00+00:00,M2K,gap,info_session_or_outage,gap of 3 days 00:00:00 (expected 1 days 00:00:00),micro
2019-11-25 00:00:00+00:00,M2K,gap,info_session_or_outage,gap of 3 days 00:00:00 (expected 1 days 00:00:00),micro
2019-11-29 00:00:00+00:00,M2K,gap,info_session_or_outage,gap of 2 days 00:00:00 (expected 1 days 00:00:00),micro
2019-12-02 00:00:00+00:00,M2K,gap,info_session_or_outage,gap of 3 days 00:00:00 (expected 1 days 00:00:00),micro
2019-12-09 00:00:00+00:00,M2K,gap,info_session_or_outage,gap of 3 days 00:00:00 (expected 1 days 00:00:00),micro
2019-12-16 00:00:00+00:00,M2K,gap,info_session_or_outage,gap of 3 days 00:00:00 (expected 1 days 00:00:00),micro
2019-12-23 00:00:00+00:00,M2K,gap,info_session_or_outage,gap of 3 days 00:00:00 (expected 1 days 00:00:00),micro
2019-12-26 00:00:00+00:00,M2K,gap,info_session_or_outage,gap of 2 days 00:00:00 (expected 1 days 00:00:00),micro
2019-12-30 00:00:00+00:00,M2K,gap,info_session_or_outage,gap of 3 days 00:00:00 (expected 1 days 00:00:00),micro
2020-01-02 00:00:00+00:00,M2K,gap,info_session_or_outage,gap of 2 days 00:00:00 (expected 1 days 00:00:00),micro
2020-01-06 00:00:00+00:00,M2K,gap,info_session_or_outage,gap of 3 days 00:00:00 (expected 1 days 00:00:00),micro
2020-01-13 00:00:00+00:00,M2K,gap,info_session_or_outage,gap of 3 days 00:00:00 (expected 1 days 00:00:00),micro
2020-01-21 00:00:00+00:00,M2K,gap,info_session_or_outage,gap of 4 days 00:00:00 (expected 1 days 00:00:00),micro
2020-01-27 00:00:00+00:00,M2K,gap,info_session_or_outage,gap of 3 days 00:00:00 (expected 1 days 00:00:00),micro
2020-02-03 00:00:00+00:00,M2K,gap,info_session_or_outage,gap of 3 days 00:00:00 (expected 1 days 00:00:00),micro
2020-02-10 00:00:00+00:00,M2K,gap,info_session_or_outage,gap of 3 days 00:00:00 (expected 1 days 00:00:00),micro
2020-02-18 00:00:00+00:00,M2K,gap,info_session_or_outage,gap of 4 days 00:00:00 (expected 1 days 00:00:00),micro
2020-02-24 00:00:00+00:00,M2K,gap,info_session_or_outage,gap of 3 days 00:00:00 (expected 1 days 00:00:00),micro
2020-03-02 00:00:00+00:00,M2K,gap,info_session_or_outage,gap of 3 days 00:00:00 (expected 1 days 00:00:00),micro
2020-03-09 00:00:00+00:00,M2K,gap,info_session_or_outage,gap of 3 days 00:00:00 (expected 1 days 00:00:00),micro
2020-03-16 00:00:00+00:00,M2K,gap,info_session_or_outage,gap of 3 days 00:00:00 (expected 1 days 00:00:00),micro
2020-03-23 00:00:00+00:00,M2K,gap,info_session_or_outage,gap of 3 days 00:00:00 (expected 1 days 00:00:00),micro
2020-03-30 00:00:00+00:00,M2K,gap,info_session_or_outage,gap of 3 days 00:00:00 (expected 1 days 00:00:00),micro
2020-04-06 00:00:00+00:00,M2K,gap,info_session_or_outage,gap of 3 days 00:00:00 (expected 1 days 00:00:00),micro
2020-04-13 00:00:00+00:00,M2K,gap,info_session_or_outage,gap of 4 days 00:00:00 (expected 1 days 00:00:00),micro
2020-04-20 00:00:00+00:00,M2K,gap,info_session_or_outage,gap of 3 days 00:00:00 (expected 1 days 00:00:00),micro
2020-04-27 00:00:00+00:00,M2K,gap,info_session_or_outage,gap of 3 days 00:00:00 (expected 1 days 00:00:00),micro
2020-05-04 00:00:00+00:00,M2K,gap,info_session_or_outage,gap of 3 days 00:00:00 (expected 1 days 00:00:00),micro
2020-05-11 00:00:00+00:00,M2K,gap,info_session_or_outage,gap of 3 days 00:00:00 (expected 1 days 00:00:00),micro
2020-05-18 00:00:00+00:00,M2K,gap,info_session_or_outage,gap of 3 days 00:00:00 (expected 1 days 00:00:00),micro
2020-05-26 00:00:00+00:00,M2K,gap,info_session_or_outage,gap of 4 days 00:00:00 (expected 1 days 00:00:00),micro
2020-06-01 00:00:00+00:00,M2K,gap,info_session_or_outage,gap of 3 days 00:00:00 (expected 1 days 00:00:00),micro
2020-06-08 00:00:00+00:00,M2K,gap,info_session_or_outage,gap of 3 days 00:00:00 (expected 1 days 00:00:00),micro
2020-06-15 00:00:00+00:00,M2K,gap,info_session_or_outage,gap of 3 days 00:00:00 (expected 1 days 00:00:00),micro
2020-06-22 00:00:00+00:00,M2K,gap,info_session_or_outage,gap of 3 days 00:00:00 (expected 1 days 00:00:00),micro
2020-06-29 00:00:00+00:00,M2K,gap,info_session_or_outage,gap of 3 days 00:00:00 (expected 1 days 00:00:00),micro
2020-07-06 00:00:00+00:00,M2K,gap,info_session_or_outage,gap of 4 days 00:00:00 (expected 1 days 00:00:00),micro
2020-07-13 00:00:00+00:00,M2K,gap,info_session_or_outage,gap of 3 days 00:00:00 (expected 1 days 00:00:00),micro
2020-07-20 00:00:00+00:00,M2K,gap,info_session_or_outage,gap of 3 days 00:00:00 (expected 1 days 00:00:00),micro
2020-07-27 00:00:00+00:00,M2K,gap,info_session_or_outage,gap of 3 days 00:00:00 (expected 1 days 00:00:00),micro
2020-08-03 00:00:00+00:00,M2K,gap,info_session_or_outage,gap of 3 days 00:00:00 (expected 1 days 00:00:00),micro
2020-08-10 00:00:00+00:00,M2K,gap,info_session_or_outage,gap of 3 days 00:00:00 (expected 1 days 00:00:00),micro
2020-08-17 00:00:00+00:00,M2K,gap,info_session_or_outage,gap of 3 days 00:00:00 (expected 1 days 00:00:00),micro
2020-08-24 00:00:00+00:00,M2K,gap,info_session_or_outage,gap of 3 days 00:00:00 (expected 1 days 00:00:00),micro
2020-08-31 00:00:00+00:00,M2K,gap,info_session_or_outage,gap of 3 days 00:00:00 (expected 1 days 00:00:00),micro
2020-09-08 00:00:00+00:00,M2K,gap,info_session_or_outage,gap of 4 days 00:00:00 (expected 1 days 00:00:00),micro
2020-09-14 00:00:00+00:00,M2K,gap,info_session_or_outage,gap of 3 days 00:00:00 (expected 1 days 00:00:00),micro
2020-09-21 00:00:00+00:00,M2K,gap,info_session_or_outage,gap of 3 days 00:00:00 (expected 1 days 00:00:00),micro
2020-09-28 00:00:00+00:00,M2K,gap,info_session_or_outage,gap of 3 days 00:00:00 (expected 1 days 00:00:00),micro
2020-10-05 00:00:00+00:00,M2K,gap,info_session_or_outage,gap of 3 days 00:00:00 (expected 1 days 00:00:00),micro
2020-10-12 00:00:00+00:00,M2K,gap,info_session_or_outage,gap of 3 days 00:00:00 (expected 1 days 00:00:00),micro
2020-10-19 00:00:00+00:00,M2K,gap,info_session_or_outage,gap of 3 days 00:00:00 (expected 1 days 00:00:00),micro
2020-10-26 00:00:00+00:00,M2K,gap,info_session_or_outage,gap of 3 days 00:00:00 (expected 1 days 00:00:00),micro
2020-11-02 00:00:00+00:00,M2K,gap,info_session_or_outage,gap of 3 days 00:00:00 (expected 1 days 00:00:00),micro
2020-11-09 00:00:00+00:00,M2K,gap,info_session_or_outage,gap of 3 days 00:00:00 (expected 1 days 00:00:00),micro
2020-11-16 00:00:00+00:00,M2K,gap,info_session_or_outage,gap of 3 days 00:00:00 (expected 1 days 00:00:00),micro
2020-11-23 00:00:00+00:00,M2K,gap,info_session_or_outage,gap of 3 days 00:00:00 (expected 1 days 00:00:00),micro
2020-11-27 00:00:00+00:00,M2K,gap,info_session_or_outage,gap of 2 days 00:00:00 (expected 1 days 00:00:00),micro
2020-11-30 00:00:00+00:00,M2K,gap,info_session_or_outage,gap of 3 days 00:00:00 (expected 1 days 00:00:00),micro
2020-12-07 00:00:00+00:00,M2K,gap,info_session_or_outage,gap of 3 days 00:00:00 (expected 1 days 00:00:00),micro
2020-12-14 00:00:00+00:00,M2K,gap,info_session_or_outage,gap of 3 days 00:00:00 (expected 1 days 00:00:00),micro
2020-12-21 00:00:00+00:00,M2K,gap,info_session_or_outage,gap of 3 days 00:00:00 (expected 1 days 00:00:00),micro
2020-12-28 00:00:00+00:00,M2K,gap,info_session_or_outage,gap of 4 days 00:00:00 (expected 1 days 00:00:00),micro
2021-01-04 00:00:00+00:00,M2K,gap,info_session_or_outage,gap of 4 days 00:00:00 (expected 1 days 00:00:00),micro
2021-01-11 00:00:00+00:00,M2K,gap,info_session_or_outage,gap of 3 days 00:00:00 (expected 1 days 00:00:00),micro
2021-01-19 00:00:00+00:00,M2K,gap,info_session_or_outage,gap of 4 days 00:00:00 (expected 1 days 00:00:00),micro
2021-01-25 00:00:00+00:00,M2K,gap,info_session_or_outage,gap of 3 days 00:00:00 (expected 1 days 00:00:00),micro
2021-02-01 00:00:00+00:00,M2K,gap,info_session_or_outage,gap of 3 days 00:00:00 (expected 1 days 00:00:00),micro
2021-02-08 00:00:00+00:00,M2K,gap,info_session_or_outage,gap of 3 days 00:00:00 (expected 1 days 00:00:00),micro
2021-02-16 00:00:00+00:00,M2K,gap,info_session_or_outage,gap of 4 days 00:00:00 (expected 1 days 00:00:00),micro
2021-02-22 00:00:00+00:00,M2K,gap,info_session_or_outage,gap of 3 days 00:00:00 (expected 1 days 00:00:00),micro
2021-03-01 00:00:00+00:00,M2K,gap,info_session_or_outage,gap of 3 days 00:00:00 (expected 1 days 00:00:00),micro
2021-03-08 00:00:00+00:00,M2K,gap,info_session_or_outage,gap of 3 days 00:00:00 (expected 1 days 00:00:00),micro
2021-03-15 00:00:00+00:00,M2K,gap,info_session_or_outage,gap of 3 days 00:00:00 (expected 1 days 00:00:00),micro
2021-03-22 00:00:00+00:00,M2K,gap,info_session_or_outage,gap of 3 days 00:00:00 (expected 1 days 00:00:00),micro
2021-03-29 00:00:00+00:00,M2K,gap,info_session_or_outage,gap of 3 days 00:00:00 (expected 1 days 00:00:00),micro
2021-04-05 00:00:00+00:00,M2K,gap,info_session_or_outage,gap of 4 days 00:00:00 (expected 1 days 00:00:00),micro
2021-04-12 00:00:00+00:00,M2K,gap,info_session_or_outage,gap of 3 days 00:00:00 (expected 1 days 00:00:00),micro
2021-04-19 00:00:00+00:00,M2K,gap,info_session_or_outage,gap of 3 days 00:00:00 (expected 1 days 00:00:00),micro
2021-04-26 00:00:00+00:00,M2K,gap,info_session_or_outage,gap of 3 days 00:00:00 (expected 1 days 00:00:00),micro
2021-05-03 00:00:00+00:00,M2K,gap,info_session_or_outage,gap of 3 days 00:00:00 (expected 1 days 00:00:00),micro
2021-05-10 00:00:00+00:00,M2K,gap,info_session_or_outage,gap of 3 days 00:00:00 (expected 1 days 00:00:00),micro
2021-05-17 00:00:00+00:00,M2K,gap,info_session_or_outage,gap of 3 days 00:00:00 (expected 1 days 00:00:00),micro
2021-05-24 00:00:00+00:00,M2K,gap,info_session_or_outage,gap of 3 days 00:00:00 (expected 1 days 00:00:00),micro
2021-06-01 00:00:00+00:00,M2K,gap,info_session_or_outage,gap of 4 days 00:00:00 (expected 1 days 00:00:00),micro
2021-06-07 00:00:00+00:00,M2K,gap,info_session_or_outage,gap of 3 days 00:00:00 (expected 1 days 00:00:00),micro
2021-06-14 00:00:00+00:00,M2K,gap,info_session_or_outage,gap of 3 days 00:00:00 (expected 1 days 00:00:00),micro
2021-06-21 00:00:00+00:00,M2K,gap,info_session_or_outage,gap of 3 days 00:00:00 (expected 1 days 00:00:00),micro
2021-06-28 00:00:00+00:00,M2K,gap,info_session_or_outage,gap of 3 days 00:00:00 (expected 1 days 00:00:00),micro
2021-07-06 00:00:00+00:00,M2K,gap,info_session_or_outage,gap of 4 days 00:00:00 (expected 1 days 00:00:00),micro
2021-07-12 00:00:00+00:00,M2K,gap,info_session_or_outage,gap of 3 days 00:00:00 (expected 1 days 00:00:00),micro
2021-07-19 00:00:00+00:00,M2K,gap,info_session_or_outage,gap of 3 days 00:00:00 (expected 1 days 00:00:00),micro
2021-07-26 00:00:00+00:00,M2K,gap,info_session_or_outage,gap of 3 days 00:00:00 (expected 1 days 00:00:00),micro
2021-08-02 00:00:00+00:00,M2K,gap,info_session_or_outage,gap of 3 days 00:00:00 (expected 1 days 00:00:00),micro
2021-08-09 00:00:00+00:00,M2K,gap,info_session_or_outage,gap of 3 days 00:00:00 (expected 1 days 00:00:00),micro
2021-08-16 00:00:00+00:00,M2K,gap,info_session_or_outage,gap of 3 days 00:00:00 (expected 1 days 00:00:00),micro
2021-08-23 00:00:00+00:00,M2K,gap,info_session_or_outage,gap of 3 days 00:00:00 (expected 1 days 00:00:00),micro
2021-08-30 00:00:00+00:00,M2K,gap,info_session_or_outage,gap of 3 days 00:00:00 (expected 1 days 00:00:00),micro
2021-09-07 00:00:00+00:00,M2K,gap,info_session_or_outage,gap of 4 days 00:00:00 (expected 1 days 00:00:00),micro
2021-09-13 00:00:00+00:00,M2K,gap,info_session_or_outage,gap of 3 days 00:00:00 (expected 1 days 00:00:00),micro
2021-09-20 00:00:00+00:00,M2K,gap,info_session_or_outage,gap of 3 days 00:00:00 (expected 1 days 00:00:00),micro
2021-09-27 00:00:00+00:00,M2K,gap,info_session_or_outage,gap of 3 days 00:00:00 (expected 1 days 00:00:00),micro
2021-10-04 00:00:00+00:00,M2K,gap,info_session_or_outage,gap of 3 days 00:00:00 (expected 1 days 00:00:00),micro
2021-10-11 00:00:00+00:00,M2K,gap,info_session_or_outage,gap of 3 days 00:00:00 (expected 1 days 00:00:00),micro
2021-10-18 00:00:00+00:00,M2K,gap,info_session_or_outage,gap of 3 days 00:00:00 (expected 1 days 00:00:00),micro
2021-10-25 00:00:00+00:00,M2K,gap,info_session_or_outage,gap of 3 days 00:00:00 (expected 1 days 00:00:00),micro
2021-11-01 00:00:00+00:00,M2K,gap,info_session_or_outage,gap of 3 days 00:00:00 (expected 1 days 00:00:00),micro
2021-11-08 00:00:00+00:00,M2K,gap,info_session_or_outage,gap of 3 days 00:00:00 (expected 1 days 00:00:00),micro
2021-11-15 00:00:00+00:00,M2K,gap,info_session_or_outage,gap of 3 days 00:00:00 (expected 1 days 00:00:00),micro
2021-11-22 00:00:00+00:00,M2K,gap,info_session_or_outage,gap of 3 days 00:00:00 (expected 1 days 00:00:00),micro
2021-11-26 00:00:00+00:00,M2K,gap,info_session_or_outage,gap of 2 days 00:00:00 (expected 1 days 00:00:00),micro
2021-11-29 00:00:00+00:00,M2K,gap,info_session_or_outage,gap of 3 days 00:00:00 (expected 1 days 00:00:00),micro
2021-12-06 00:00:00+00:00,M2K,gap,info_session_or_outage,gap of 3 days 00:00:00 (expected 1 days 00:00:00),micro
2021-12-13 00:00:00+00:00,M2K,gap,info_session_or_outage,gap of 3 days 00:00:00 (expected 1 days 00:00:00),micro
2021-12-20 00:00:00+00:00,M2K,gap,info_session_or_outage,gap of 3 days 00:00:00 (expected 1 days 00:00:00),micro
2021-12-27 00:00:00+00:00,M2K,gap,info_session_or_outage,gap of 4 days 00:00:00 (expected 1 days 00:00:00),micro
2022-01-03 00:00:00+00:00,M2K,gap,info_session_or_outage,gap of 3 days 00:00:00 (expected 1 days 00:00:00),micro
2022-01-10 00:00:00+00:00,M2K,gap,info_session_or_outage,gap of 3 days 00:00:00 (expected 1 days 00:00:00),micro
2022-01-18 00:00:00+00:00,M2K,gap,info_session_or_outage,gap of 4 days 00:00:00 (expected 1 days 00:00:00),micro
2022-01-24 00:00:00+00:00,M2K,gap,info_session_or_outage,gap of 3 days 00:00:00 (expected 1 days 00:00:00),micro
2022-01-31 00:00:00+00:00,M2K,gap,info_session_or_outage,gap of 3 days 00:00:00 (expected 1 days 00:00:00),micro
2022-02-07 00:00:00+00:00,M2K,gap,info_session_or_outage,gap of 3 days 00:00:00 (expected 1 days 00:00:00),micro
2022-02-14 00:00:00+00:00,M2K,gap,info_session_or_outage,gap of 3 days 00:00:00 (expected 1 days 00:00:00),micro
2022-02-22 00:00:00+00:00,M2K,gap,info_session_or_outage,gap of 4 days 00:00:00 (expected 1 days 00:00:00),micro
2022-02-28 00:00:00+00:00,M2K,gap,info_session_or_outage,gap of 3 days 00:00:00 (expected 1 days 00:00:00),micro
2022-03-07 00:00:00+00:00,M2K,gap,info_session_or_outage,gap of 3 days 00:00:00 (expected 1 days 00:00:00),micro
2022-03-14 00:00:00+00:00,M2K,gap,info_session_or_outage,gap of 3 days 00:00:00 (expected 1 days 00:00:00),micro
2022-03-21 00:00:00+00:00,M2K,gap,info_session_or_outage,gap of 3 days 00:00:00 (expected 1 days 00:00:00),micro
2022-03-28 00:00:00+00:00,M2K,gap,info_session_or_outage,gap of 3 days 00:00:00 (expected 1 days 00:00:00),micro
2022-04-04 00:00:00+00:00,M2K,gap,info_session_or_outage,gap of 3 days 00:00:00 (expected 1 days 00:00:00),micro
2022-04-11 00:00:00+00:00,M2K,gap,info_session_or_outage,gap of 3 days 00:00:00 (expected 1 days 00:00:00),micro
2022-04-18 00:00:00+00:00,M2K,gap,info_session_or_outage,gap of 4 days 00:00:00 (expected 1 days 00:00:00),micro
2022-04-25 00:00:00+00:00,M2K,gap,info_session_or_outage,gap of 3 days 00:00:00 (expected 1 days 00:00:00),micro
2022-05-02 00:00:00+00:00,M2K,gap,info_session_or_outage,gap of 3 days 00:00:00 (expected 1 days 00:00:00),micro
2022-05-09 00:00:00+00:00,M2K,gap,info_session_or_outage,gap of 3 days 00:00:00 (expected 1 days 00:00:00),micro
2022-05-16 00:00:00+00:00,M2K,gap,info_session_or_outage,gap of 3 days 00:00:00 (expected 1 days 00:00:00),micro
2022-05-23 00:00:00+00:00,M2K,gap,info_session_or_outage,gap of 3 days 00:00:00 (expected 1 days 00:00:00),micro
2022-05-31 00:00:00+00:00,M2K,gap,info_session_or_outage,gap of 4 days 00:00:00 (expected 1 days 00:00:00),micro
2022-06-06 00:00:00+00:00,M2K,gap,info_session_or_outage,gap of 3 days 00:00:00 (expected 1 days 00:00:00),micro
2022-06-13 00:00:00+00:00,M2K,gap,info_session_or_outage,gap of 3 days 00:00:00 (expected 1 days 00:00:00),micro
2022-06-21 00:00:00+00:00,M2K,gap,info_session_or_outage,gap of 4 days 00:00:00 (expected 1 days 00:00:00),micro
2022-06-27 00:00:00+00:00,M2K,gap,info_session_or_outage,gap of 3 days 00:00:00 (expected 1 days 00:00:00),micro
2022-07-05 00:00:00+00:00,M2K,gap,info_session_or_outage,gap of 4 days 00:00:00 (expected 1 days 00:00:00),micro
2022-07-11 00:00:00+00:00,M2K,gap,info_session_or_outage,gap of 3 days 00:00:00 (expected 1 days 00:00:00),micro
2022-07-18 00:00:00+00:00,M2K,gap,info_session_or_outage,gap of 3 days 00:00:00 (expected 1 days 00:00:00),micro
2022-07-25 00:00:00+00:00,M2K,gap,info_session_or_outage,gap of 3 days 00:00:00 (expected 1 days 00:00:00),micro
2022-08-01 00:00:00+00:00,M2K,gap,info_session_or_outage,gap of 3 days 00:00:00 (expected 1 days 00:00:00),micro
2022-08-08 00:00:00+00:00,M2K,gap,info_session_or_outage,gap of 3 days 00:00:00 (expected 1 days 00:00:00),micro
2022-08-15 00:00:00+00:00,M2K,gap,info_session_or_outage,gap of 3 days 00:00:00 (expected 1 days 00:00:00),micro
2022-08-22 00:00:00+00:00,M2K,gap,info_session_or_outage,gap of 3 days 00:00:00 (expected 1 days 00:00:00),micro
2022-08-29 00:00:00+00:00,M2K,gap,info_session_or_outage,gap of 3 days 00:00:00 (expected 1 days 00:00:00),micro
2022-09-06 00:00:00+00:00,M2K,gap,info_session_or_outage,gap of 4 days 00:00:00 (expected 1 days 00:00:00),micro
2022-09-12 00:00:00+00:00,M2K,gap,info_session_or_outage,gap of 3 days 00:00:00 (expected 1 days 00:00:00),micro
2022-09-19 00:00:00+00:00,M2K,gap,info_session_or_outage,gap of 3 days 00:00:00 (expected 1 days 00:00:00),micro
2022-09-26 00:00:00+00:00,M2K,gap,info_session_or_outage,gap of 3 days 00:00:00 (expected 1 days 00:00:00),micro
2022-10-03 00:00:00+00:00,M2K,gap,info_session_or_outage,gap of 3 days 00:00:00 (expected 1 days 00:00:00),micro
2022-10-10 00:00:00+00:00,M2K,gap,info_session_or_outage,gap of 3 days 00:00:00 (expected 1 days 00:00:00),micro
2022-10-17 00:00:00+00:00,M2K,gap,info_session_or_outage,gap of 3 days 00:00:00 (expected 1 days 00:00:00),micro
2022-10-24 00:00:00+00:00,M2K,gap,info_session_or_outage,gap of 3 days 00:00:00 (expected 1 days 00:00:00),micro
2022-10-31 00:00:00+00:00,M2K,gap,info_session_or_outage,gap of 3 days 00:00:00 (expected 1 days 00:00:00),micro
2022-11-07 00:00:00+00:00,M2K,gap,info_session_or_outage,gap of 3 days 00:00:00 (expected 1 days 00:00:00),micro
2022-11-14 00:00:00+00:00,M2K,gap,info_session_or_outage,gap of 3 days 00:00:00 (expected 1 days 00:00:00),micro
2022-11-21 00:00:00+00:00,M2K,gap,info_session_or_outage,gap of 3 days 00:00:00 (expected 1 days 00:00:00),micro
2022-11-25 00:00:00+00:00,M2K,gap,info_session_or_outage,gap of 2 days 00:00:00 (expected 1 days 00:00:00),micro
2022-11-28 00:00:00+00:00,M2K,gap,info_session_or_outage,gap of 3 days 00:00:00 (expected 1 days 00:00:00),micro
2022-12-05 00:00:00+00:00,M2K,gap,info_session_or_outage,gap of 3 days 00:00:00 (expected 1 days 00:00:00),micro
2022-12-12 00:00:00+00:00,M2K,gap,info_session_or_outage,gap of 3 days 00:00:00 (expected 1 days 00:00:00),micro
2022-12-19 00:00:00+00:00,M2K,gap,info_session_or_outage,gap of 3 days 00:00:00 (expected 1 days 00:00:00),micro
2022-12-27 00:00:00+00:00,M2K,gap,info_session_or_outage,gap of 4 days 00:00:00 (expected 1 days 00:00:00),micro
2023-01-03 00:00:00+00:00,M2K,gap,info_session_or_outage,gap of 4 days 00:00:00 (expected 1 days 00:00:00),micro
2023-01-09 00:00:00+00:00,M2K,gap,info_session_or_outage,gap of 3 days 00:00:00 (expected 1 days 00:00:00),micro
2023-01-17 00:00:00+00:00,M2K,gap,info_session_or_outage,gap of 4 days 00:00:00 (expected 1 days 00:00:00),micro
2023-01-23 00:00:00+00:00,M2K,gap,info_session_or_outage,gap of 3 days 00:00:00 (expected 1 days 00:00:00),micro
2023-01-30 00:00:00+00:00,M2K,gap,info_session_or_outage,gap of 3 days 00:00:00 (expected 1 days 00:00:00),micro
2023-02-06 00:00:00+00:00,M2K,gap,info_session_or_outage,gap of 3 days 00:00:00 (expected 1 days 00:00:00),micro
2023-02-13 00:00:00+00:00,M2K,gap,info_session_or_outage,gap of 3 days 00:00:00 (expected 1 days 00:00:00),micro
2023-02-21 00:00:00+00:00,M2K,gap,info_session_or_outage,gap of 4 days 00:00:00 (expected 1 days 00:00:00),micro
2023-02-27 00:00:00+00:00,M2K,gap,info_session_or_outage,gap of 3 days 00:00:00 (expected 1 days 00:00:00),micro
2023-03-06 00:00:00+00:00,M2K,gap,info_session_or_outage,gap of 3 days 00:00:00 (expected 1 days 00:00:00),micro
2023-03-13 00:00:00+00:00,M2K,gap,info_session_or_outage,gap of 3 days 00:00:00 (expected 1 days 00:00:00),micro
2023-03-20 00:00:00+00:00,M2K,gap,info_session_or_outage,gap of 3 days 00:00:00 (expected 1 days 00:00:00),micro
2023-03-27 00:00:00+00:00,M2K,gap,info_session_or_outage,gap of 3 days 00:00:00 (expected 1 days 00:00:00),micro
2023-04-03 00:00:00+00:00,M2K,gap,info_session_or_outage,gap of 3 days 00:00:00 (expected 1 days 00:00:00),micro
2023-04-10 00:00:00+00:00,M2K,gap,info_session_or_outage,gap of 4 days 00:00:00 (expected 1 days 00:00:00),micro
2023-04-17 00:00:00+00:00,M2K,gap,info_session_or_outage,gap of 3 days 00:00:00 (expected 1 days 00:00:00),micro
2023-04-24 00:00:00+00:00,M2K,gap,info_session_or_outage,gap of 3 days 00:00:00 (expected 1 days 00:00:00),micro
2023-05-01 00:00:00+00:00,M2K,gap,info_session_or_outage,gap of 3 days 00:00:00 (expected 1 days 00:00:00),micro
2023-05-08 00:00:00+00:00,M2K,gap,info_session_or_outage,gap of 3 days 00:00:00 (expected 1 days 00:00:00),micro
2023-05-15 00:00:00+00:00,M2K,gap,info_session_or_outage,gap of 3 days 00:00:00 (expected 1 days 00:00:00),micro
2023-05-22 00:00:00+00:00,M2K,gap,info_session_or_outage,gap of 3 days 00:00:00 (expected 1 days 00:00:00),micro
2023-05-30 00:00:00+00:00,M2K,gap,info_session_or_outage,gap of 4 days 00:00:00 (expected 1 days 00:00:00),micro
2023-06-05 00:00:00+00:00,M2K,gap,info_session_or_outage,gap of 3 days 00:00:00 (expected 1 days 00:00:00),micro
2023-06-12 00:00:00+00:00,M2K,gap,info_session_or_outage,gap of 3 days 00:00:00 (expected 1 days 00:00:00),micro
2023-06-20 00:00:00+00:00,M2K,gap,info_session_or_outage,gap of 4 days 00:00:00 (expected 1 days 00:00:00),micro
2023-06-26 00:00:00+00:00,M2K,gap,info_session_or_outage,gap of 3 days 00:00:00 (expected 1 days 00:00:00),micro
2023-07-03 00:00:00+00:00,M2K,gap,info_session_or_outage,gap of 3 days 00:00:00 (expected 1 days 00:00:00),micro
2023-07-05 00:00:00+00:00,M2K,gap,info_session_or_outage,gap of 2 days 00:00:00 (expected 1 days 00:00:00),micro
2023-07-10 00:00:00+00:00,M2K,gap,info_session_or_outage,gap of 3 days 00:00:00 (expected 1 days 00:00:00),micro
2023-07-17 00:00:00+00:00,M2K,gap,info_session_or_outage,gap of 3 days 00:00:00 (expected 1 days 00:00:00),micro
2023-07-24 00:00:00+00:00,M2K,gap,info_session_or_outage,gap of 3 days 00:00:00 (expected 1 days 00:00:00),micro
2023-07-31 00:00:00+00:00,M2K,gap,info_session_or_outage,gap of 3 days 00:00:00 (expected 1 days 00:00:00),micro
2023-08-07 00:00:00+00:00,M2K,gap,info_session_or_outage,gap of 3 days 00:00:00 (expected 1 days 00:00:00),micro
2023-08-14 00:00:00+00:00,M2K,gap,info_session_or_outage,gap of 3 days 00:00:00 (expected 1 days 00:00:00),micro
2023-08-21 00:00:00+00:00,M2K,gap,info_session_or_outage,gap of 3 days 00:00:00 (expected 1 days 00:00:00),micro
2023-08-28 00:00:00+00:00,M2K,gap,info_session_or_outage,gap of 3 days 00:00:00 (expected 1 days 00:00:00),micro
2023-09-05 00:00:00+00:00,M2K,gap,info_session_or_outage,gap of 4 days 00:00:00 (expected 1 days 00:00:00),micro
2023-09-11 00:00:00+00:00,M2K,gap,info_session_or_outage,gap of 3 days 00:00:00 (expected 1 days 00:00:00),micro
2023-09-18 00:00:00+00:00,M2K,gap,info_session_or_outage,gap of 3 days 00:00:00 (expected 1 days 00:00:00),micro
2023-09-25 00:00:00+00:00,M2K,gap,info_session_or_outage,gap of 3 days 00:00:00 (expected 1 days 00:00:00),micro
2023-10-02 00:00:00+00:00,M2K,gap,info_session_or_outage,gap of 3 days 00:00:00 (expected 1 days 00:00:00),micro
2023-10-09 00:00:00+00:00,M2K,gap,info_session_or_outage,gap of 3 days 00:00:00 (expected 1 days 00:00:00),micro
2023-10-16 00:00:00+00:00,M2K,gap,info_session_or_outage,gap of 3 days 00:00:00 (expected 1 days 00:00:00),micro
2023-10-23 00:00:00+00:00,M2K,gap,info_session_or_outage,gap of 3 days 00:00:00 (expected 1 days 00:00:00),micro
2023-10-30 00:00:00+00:00,M2K,gap,info_session_or_outage,gap of 3 days 00:00:00 (expected 1 days 00:00:00),micro
2023-11-06 00:00:00+00:00,M2K,gap,info_session_or_outage,gap of 3 days 00:00:00 (expected 1 days 00:00:00),micro
2023-11-13 00:00:00+00:00,M2K,gap,info_session_or_outage,gap of 3 days 00:00:00 (expected 1 days 00:00:00),micro
2023-11-20 00:00:00+00:00,M2K,gap,info_session_or_outage,gap of 3 days 00:00:00 (expected 1 days 00:00:00),micro
2023-11-27 00:00:00+00:00,M2K,gap,info_session_or_outage,gap of 3 days 00:00:00 (expected 1 days 00:00:00),micro
2023-12-04 00:00:00+00:00,M2K,gap,info_session_or_outage,gap of 3 days 00:00:00 (expected 1 days 00:00:00),micro
2023-12-11 00:00:00+00:00,M2K,gap,info_session_or_outage,gap of 3 days 00:00:00 (expected 1 days 00:00:00),micro
2023-12-18 00:00:00+00:00,M2K,gap,info_session_or_outage,gap of 3 days 00:00:00 (expected 1 days 00:00:00),micro
2023-12-26 00:00:00+00:00,M2K,gap,info_session_or_outage,gap of 4 days 00:00:00 (expected 1 days 00:00:00),micro
2024-01-02 00:00:00+00:00,M2K,gap,info_session_or_outage,gap of 4 days 00:00:00 (expected 1 days 00:00:00),micro
2024-01-08 00:00:00+00:00,M2K,gap,info_session_or_outage,gap of 3 days 00:00:00 (expected 1 days 00:00:00),micro
2024-01-16 00:00:00+00:00,M2K,gap,info_session_or_outage,gap of 4 days 00:00:00 (expected 1 days 00:00:00),micro
2024-01-22 00:00:00+00:00,M2K,gap,info_session_or_outage,gap of 3 days 00:00:00 (expected 1 days 00:00:00),micro
2024-01-29 00:00:00+00:00,M2K,gap,info_session_or_outage,gap of 3 days 00:00:00 (expected 1 days 00:00:00),micro
2024-02-05 00:00:00+00:00,M2K,gap,info_session_or_outage,gap of 3 days 00:00:00 (expected 1 days 00:00:00),micro
2024-02-12 00:00:00+00:00,M2K,gap,info_session_or_outage,gap of 3 days 00:00:00 (expected 1 days 00:00:00),micro
2024-02-20 00:00:00+00:00,M2K,gap,info_session_or_outage,gap of 4 days 00:00:00 (expected 1 days 00:00:00),micro
2024-02-26 00:00:00+00:00,M2K,gap,info_session_or_outage,gap of 3 days 00:00:00 (expected 1 days 00:00:00),micro
2024-03-04 00:00:00+00:00,M2K,gap,info_session_or_outage,gap of 3 days 00:00:00 (expected 1 days 00:00:00),micro
2024-03-11 00:00:00+00:00,M2K,gap,info_session_or_outage,gap of 3 days 00:00:00 (expected 1 days 00:00:00),micro
2024-03-18 00:00:00+00:00,M2K,gap,info_session_or_outage,gap of 3 days 00:00:00 (expected 1 days 00:00:00),micro
2024-03-25 00:00:00+00:00,M2K,gap,info_session_or_outage,gap of 3 days 00:00:00 (expected 1 days 00:00:00),micro
2024-04-01 00:00:00+00:00,M2K,gap,info_session_or_outage,gap of 4 days 00:00:00 (expected 1 days 00:00:00),micro
2024-04-08 00:00:00+00:00,M2K,gap,info_session_or_outage,gap of 3 days 00:00:00 (expected 1 days 00:00:00),micro
2024-04-15 00:00:00+00:00,M2K,gap,info_session_or_outage,gap of 3 days 00:00:00 (expected 1 days 00:00:00),micro
2024-04-22 00:00:00+00:00,M2K,gap,info_session_or_outage,gap of 3 days 00:00:00 (expected 1 days 00:00:00),micro
2024-04-29 00:00:00+00:00,M2K,gap,info_session_or_outage,gap of 3 days 00:00:00 (expected 1 days 00:00:00),micro
2024-05-06 00:00:00+00:00,M2K,gap,info_session_or_outage,gap of 3 days 00:00:00 (expected 1 days 00:00:00),micro
2024-05-13 00:00:00+00:00,M2K,gap,info_session_or_outage,gap of 3 days 00:00:00 (expected 1 days 00:00:00),micro
2024-05-20 00:00:00+00:00,M2K,gap,info_session_or_outage,gap of 3 days 00:00:00 (expected 1 days 00:00:00),micro
2024-05-28 00:00:00+00:00,M2K,gap,info_session_or_outage,gap of 4 days 00:00:00 (expected 1 days 00:00:00),micro
2024-06-03 00:00:00+00:00,M2K,gap,info_session_or_outage,gap of 3 days 00:00:00 (expected 1 days 00:00:00),micro
2024-06-10 00:00:00+00:00,M2K,gap,info_session_or_outage,gap of 3 days 00:00:00 (expected 1 days 00:00:00),micro
2024-06-17 00:00:00+00:00,M2K,gap,info_session_or_outage,gap of 3 days 00:00:00 (expected 1 days 00:00:00),micro
2024-06-20 00:00:00+00:00,M2K,gap,info_session_or_outage,gap of 2 days 00:00:00 (expected 1 days 00:00:00),micro
2024-06-24 00:00:00+00:00,M2K,gap,info_session_or_outage,gap of 3 days 00:00:00 (expected 1 days 00:00:00),micro
2024-07-01 00:00:00+00:00,M2K,gap,info_session_or_outage,gap of 3 days 00:00:00 (expected 1 days 00:00:00),micro
2024-07-05 00:00:00+00:00,M2K,gap,info_session_or_outage,gap of 2 days 00:00:00 (expected 1 days 00:00:00),micro
2024-07-08 00:00:00+00:00,M2K,gap,info_session_or_outage,gap of 3 days 00:00:00 (expected 1 days 00:00:00),micro
2024-07-15 00:00:00+00:00,M2K,gap,info_session_or_outage,gap of 3 days 00:00:00 (expected 1 days 00:00:00),micro
2024-07-22 00:00:00+00:00,M2K,gap,info_session_or_outage,gap of 3 days 00:00:00 (expected 1 days 00:00:00),micro
2024-07-29 00:00:00+00:00,M2K,gap,info_session_or_outage,gap of 3 days 00:00:00 (expected 1 days 00:00:00),micro
2024-08-05 00:00:00+00:00,M2K,gap,info_session_or_outage,gap of 3 days 00:00:00 (expected 1 days 00:00:00),micro
2024-08-12 00:00:00+00:00,M2K,gap,info_session_or_outage,gap of 3 days 00:00:00 (expected 1 days 00:00:00),micro
2024-08-19 00:00:00+00:00,M2K,gap,info_session_or_outage,gap of 3 days 00:00:00 (expected 1 days 00:00:00),micro
2024-08-26 00:00:00+00:00,M2K,gap,info_session_or_outage,gap of 3 days 00:00:00 (expected 1 days 00:00:00),micro
2024-09-03 00:00:00+00:00,M2K,gap,info_session_or_outage,gap of 4 days 00:00:00 (expected 1 days 00:00:00),micro
2024-09-09 00:00:00+00:00,M2K,gap,info_session_or_outage,gap of 3 days 00:00:00 (expected 1 days 00:00:00),micro
2024-09-16 00:00:00+00:00,M2K,gap,info_session_or_outage,gap of 3 days 00:00:00 (expected 1 days 00:00:00),micro
2024-09-23 00:00:00+00:00,M2K,gap,info_session_or_outage,gap of 3 days 00:00:00 (expected 1 days 00:00:00),micro
2024-09-30 00:00:00+00:00,M2K,gap,info_session_or_outage,gap of 3 days 00:00:00 (expected 1 days 00:00:00),micro
2024-10-07 00:00:00+00:00,M2K,gap,info_session_or_outage,gap of 3 days 00:00:00 (expected 1 days 00:00:00),micro
2024-10-14 00:00:00+00:00,M2K,gap,info_session_or_outage,gap of 3 days 00:00:00 (expected 1 days 00:00:00),micro
2024-10-21 00:00:00+00:00,M2K,gap,info_session_or_outage,gap of 3 days 00:00:00 (expected 1 days 00:00:00),micro
2024-10-28 00:00:00+00:00,M2K,gap,info_session_or_outage,gap of 3 days 00:00:00 (expected 1 days 00:00:00),micro
2024-11-04 00:00:00+00:00,M2K,gap,info_session_or_outage,gap of 3 days 00:00:00 (expected 1 days 00:00:00),micro
2024-11-11 00:00:00+00:00,M2K,gap,info_session_or_outage,gap of 3 days 00:00:00 (expected 1 days 00:00:00),micro
2024-11-18 00:00:00+00:00,M2K,gap,info_session_or_outage,gap of 3 days 00:00:00 (expected 1 days 00:00:00),micro
2024-11-25 00:00:00+00:00,M2K,gap,info_session_or_outage,gap of 3 days 00:00:00 (expected 1 days 00:00:00),micro
2024-11-29 00:00:00+00:00,M2K,gap,info_session_or_outage,gap of 2 days 00:00:00 (expected 1 days 00:00:00),micro
2024-12-02 00:00:00+00:00,M2K,gap,info_session_or_outage,gap of 3 days 00:00:00 (expected 1 days 00:00:00),micro
2024-12-09 00:00:00+00:00,M2K,gap,info_session_or_outage,gap of 3 days 00:00:00 (expected 1 days 00:00:00),micro
2024-12-16 00:00:00+00:00,M2K,gap,info_session_or_outage,gap of 3 days 00:00:00 (expected 1 days 00:00:00),micro
2024-12-23 00:00:00+00:00,M2K,gap,info_session_or_outage,gap of 3 days 00:00:00 (expected 1 days 00:00:00),micro
2024-12-26 00:00:00+00:00,M2K,gap,info_session_or_outage,gap of 2 days 00:00:00 (expected 1 days 00:00:00),micro
2024-12-30 00:00:00+00:00,M2K,gap,info_session_or_outage,gap of 3 days 00:00:00 (expected 1 days 00:00:00),micro
2025-01-02 00:00:00+00:00,M2K,gap,info_session_or_outage,gap of 2 days 00:00:00 (expected 1 days 00:00:00),micro
2025-01-06 00:00:00+00:00,M2K,gap,info_session_or_outage,gap of 3 days 00:00:00 (expected 1 days 00:00:00),micro
2025-01-13 00:00:00+00:00,M2K,gap,info_session_or_outage,gap of 3 days 00:00:00 (expected 1 days 00:00:00),micro
2025-01-21 00:00:00+00:00,M2K,gap,info_session_or_outage,gap of 4 days 00:00:00 (expected 1 days 00:00:00),micro
2025-01-27 00:00:00+00:00,M2K,gap,info_session_or_outage,gap of 3 days 00:00:00 (expected 1 days 00:00:00),micro
2025-02-03 00:00:00+00:00,M2K,gap,info_session_or_outage,gap of 3 days 00:00:00 (expected 1 days 00:00:00),micro
2025-02-10 00:00:00+00:00,M2K,gap,info_session_or_outage,gap of 3 days 00:00:00 (expected 1 days 00:00:00),micro
2025-02-18 00:00:00+00:00,M2K,gap,info_session_or_outage,gap of 4 days 00:00:00 (expected 1 days 00:00:00),micro
2025-02-24 00:00:00+00:00,M2K,gap,info_session_or_outage,gap of 3 days 00:00:00 (expected 1 days 00:00:00),micro
2025-03-03 00:00:00+00:00,M2K,gap,info_session_or_outage,gap of 3 days 00:00:00 (expected 1 days 00:00:00),micro
2025-03-10 00:00:00+00:00,M2K,gap,info_session_or_outage,gap of 3 days 00:00:00 (expected 1 days 00:00:00),micro
2025-03-17 00:00:00+00:00,M2K,gap,info_session_or_outage,gap of 3 days 00:00:00 (expected 1 days 00:00:00),micro
2025-03-24 00:00:00+00:00,M2K,gap,info_session_or_outage,gap of 3 days 00:00:00 (expected 1 days 00:00:00),micro
2025-03-31 00:00:00+00:00,M2K,gap,info_session_or_outage,gap of 3 days 00:00:00 (expected 1 days 00:00:00),micro
2025-04-07 00:00:00+00:00,M2K,gap,info_session_or_outage,gap of 3 days 00:00:00 (expected 1 days 00:00:00),micro
2025-04-14 00:00:00+00:00,M2K,gap,info_session_or_outage,gap of 3 days 00:00:00 (expected 1 days 00:00:00),micro
2025-04-21 00:00:00+00:00,M2K,gap,info_session_or_outage,gap of 4 days 00:00:00 (expected 1 days 00:00:00),micro
2025-04-28 00:00:00+00:00,M2K,gap,info_session_or_outage,gap of 3 days 00:00:00 (expected 1 days 00:00:00),micro
2025-05-05 00:00:00+00:00,M2K,gap,info_session_or_outage,gap of 3 days 00:00:00 (expected 1 days 00:00:00),micro
2025-05-12 00:00:00+00:00,M2K,gap,info_session_or_outage,gap of 3 days 00:00:00 (expected 1 days 00:00:00),micro
2025-05-19 00:00:00+00:00,M2K,gap,info_session_or_outage,gap of 3 days 00:00:00 (expected 1 days 00:00:00),micro
2025-05-27 00:00:00+00:00,M2K,gap,info_session_or_outage,gap of 4 days 00:00:00 (expected 1 days 00:00:00),micro
2025-06-02 00:00:00+00:00,M2K,gap,info_session_or_outage,gap of 3 days 00:00:00 (expected 1 days 00:00:00),micro
2025-06-09 00:00:00+00:00,M2K,gap,info_session_or_outage,gap of 3 days 00:00:00 (expected 1 days 00:00:00),micro
2025-06-16 00:00:00+00:00,M2K,gap,info_session_or_outage,gap of 3 days 00:00:00 (expected 1 days 00:00:00),micro
2025-06-20 00:00:00+00:00,M2K,gap,info_session_or_outage,gap of 2 days 00:00:00 (expected 1 days 00:00:00),micro
2025-06-23 00:00:00+00:00,M2K,gap,info_session_or_outage,gap of 3 days 00:00:00 (expected 1 days 00:00:00),micro
2025-06-30 00:00:00+00:00,M2K,gap,info_session_or_outage,gap of 3 days 00:00:00 (expected 1 days 00:00:00),micro
2025-07-07 00:00:00+00:00,M2K,gap,info_session_or_outage,gap of 3 days 00:00:00 (expected 1 days 00:00:00),micro
2025-07-14 00:00:00+00:00,M2K,gap,info_session_or_outage,gap of 3 days 00:00:00 (expected 1 days 00:00:00),micro
2025-07-21 00:00:00+00:00,M2K,gap,info_session_or_outage,gap of 3 days 00:00:00 (expected 1 days 00:00:00),micro
2025-07-28 00:00:00+00:00,M2K,gap,info_session_or_outage,gap of 3 days 00:00:00 (expected 1 days 00:00:00),micro
2025-08-04 00:00:00+00:00,M2K,gap,info_session_or_outage,gap of 3 days 00:00:00 (expected 1 days 00:00:00),micro
2025-08-11 00:00:00+00:00,M2K,gap,info_session_or_outage,gap of 3 days 00:00:00 (expected 1 days 00:00:00),micro
2025-08-18 00:00:00+00:00,M2K,gap,info_session_or_outage,gap of 3 days 00:00:00 (expected 1 days 00:00:00),micro
2025-08-25 00:00:00+00:00,M2K,gap,info_session_or_outage,gap of 3 days 00:00:00 (expected 1 days 00:00:00),micro
2025-09-02 00:00:00+00:00,M2K,gap,info_session_or_outage,gap of 4 days 00:00:00 (expected 1 days 00:00:00),micro
2025-09-08 00:00:00+00:00,M2K,gap,info_session_or_outage,gap of 3 days 00:00:00 (expected 1 days 00:00:00),micro
2025-09-15 00:00:00+00:00,M2K,gap,info_session_or_outage,gap of 3 days 00:00:00 (expected 1 days 00:00:00),micro
2025-09-22 00:00:00+00:00,M2K,gap,info_session_or_outage,gap of 3 days 00:00:00 (expected 1 days 00:00:00),micro
2025-09-29 00:00:00+00:00,M2K,gap,info_session_or_outage,gap of 3 days 00:00:00 (expected 1 days 00:00:00),micro
2025-10-06 00:00:00+00:00,M2K,gap,info_session_or_outage,gap of 3 days 00:00:00 (expected 1 days 00:00:00),micro
2025-10-13 00:00:00+00:00,M2K,gap,info_session_or_outage,gap of 3 days 00:00:00 (expected 1 days 00:00:00),micro
2025-10-20 00:00:00+00:00,M2K,gap,info_session_or_outage,gap of 3 days 00:00:00 (expected 1 days 00:00:00),micro
2025-10-27 00:00:00+00:00,M2K,gap,info_session_or_outage,gap of 3 days 00:00:00 (expected 1 days 00:00:00),micro
2025-11-03 00:00:00+00:00,M2K,gap,info_session_or_outage,gap of 3 days 00:00:00 (expected 1 days 00:00:00),micro
2025-11-10 00:00:00+00:00,M2K,gap,info_session_or_outage,gap of 3 days 00:00:00 (expected 1 days 00:00:00),micro
2025-11-17 00:00:00+00:00,M2K,gap,info_session_or_outage,gap of 3 days 00:00:00 (expected 1 days 00:00:00),micro
2025-11-24 00:00:00+00:00,M2K,gap,info_session_or_outage,gap of 3 days 00:00:00 (expected 1 days 00:00:00),micro
2025-11-28 00:00:00+00:00,M2K,gap,info_session_or_outage,gap of 2 days 00:00:00 (expected 1 days 00:00:00),micro
2025-12-01 00:00:00+00:00,M2K,gap,info_session_or_outage,gap of 3 days 00:00:00 (expected 1 days 00:00:00),micro
2025-12-08 00:00:00+00:00,M2K,gap,info_session_or_outage,gap of 3 days 00:00:00 (expected 1 days 00:00:00),micro
2025-12-15 00:00:00+00:00,M2K,gap,info_session_or_outage,gap of 3 days 00:00:00 (expected 1 days 00:00:00),micro
2025-12-22 00:00:00+00:00,M2K,gap,info_session_or_outage,gap of 3 days 00:00:00 (expected 1 days 00:00:00),micro
2025-12-26 00:00:00+00:00,M2K,gap,info_session_or_outage,gap of 2 days 00:00:00 (expected 1 days 00:00:00),micro
2025-12-29 00:00:00+00:00,M2K,gap,info_session_or_outage,gap of 3 days 00:00:00 (expected 1 days 00:00:00),micro
2026-01-02 00:00:00+00:00,M2K,gap,info_session_or_outage,gap of 2 days 00:00:00 (expected 1 days 00:00:00),micro
2026-01-05 00:00:00+00:00,M2K,gap,info_session_or_outage,gap of 3 days 00:00:00 (expected 1 days 00:00:00),micro
2026-01-12 00:00:00+00:00,M2K,gap,info_session_or_outage,gap of 3 days 00:00:00 (expected 1 days 00:00:00),micro
2026-01-20 00:00:00+00:00,M2K,gap,info_session_or_outage,gap of 4 days 00:00:00 (expected 1 days 00:00:00),micro
2026-01-26 00:00:00+00:00,M2K,gap,info_session_or_outage,gap of 3 days 00:00:00 (expected 1 days 00:00:00),micro
2026-02-02 00:00:00+00:00,M2K,gap,info_session_or_outage,gap of 3 days 00:00:00 (expected 1 days 00:00:00),micro
2026-02-09 00:00:00+00:00,M2K,gap,info_session_or_outage,gap of 3 days 00:00:00 (expected 1 days 00:00:00),micro
2026-02-17 00:00:00+00:00,M2K,gap,info_session_or_outage,gap of 4 days 00:00:00 (expected 1 days 00:00:00),micro
2026-02-23 00:00:00+00:00,M2K,gap,info_session_or_outage,gap of 3 days 00:00:00 (expected 1 days 00:00:00),micro
2026-03-02 00:00:00+00:00,M2K,gap,info_session_or_outage,gap of 3 days 00:00:00 (expected 1 days 00:00:00),micro
2026-03-09 00:00:00+00:00,M2K,gap,info_session_or_outage,gap of 3 days 00:00:00 (expected 1 days 00:00:00),micro
2026-03-16 00:00:00+00:00,M2K,gap,info_session_or_outage,gap of 3 days 00:00:00 (expected 1 days 00:00:00),micro
2026-03-23 00:00:00+00:00,M2K,gap,info_session_or_outage,gap of 3 days 00:00:00 (expected 1 days 00:00:00),micro
2026-03-30 00:00:00+00:00,M2K,gap,info_session_or_outage,gap of 3 days 00:00:00 (expected 1 days 00:00:00),micro
2026-04-06 00:00:00+00:00,M2K,gap,info_session_or_outage,gap of 4 days 00:00:00 (expected 1 days 00:00:00),micro
2026-04-13 00:00:00+00:00,M2K,gap,info_session_or_outage,gap of 3 days 00:00:00 (expected 1 days 00:00:00),micro
2026-04-20 00:00:00+00:00,M2K,gap,info_session_or_outage,gap of 3 days 00:00:00 (expected 1 days 00:00:00),micro
2026-04-27 00:00:00+00:00,M2K,gap,info_session_or_outage,gap of 3 days 00:00:00 (expected 1 days 00:00:00),micro
2026-05-04 00:00:00+00:00,M2K,gap,info_session_or_outage,gap of 3 days 00:00:00 (expected 1 days 00:00:00),micro
2026-05-11 00:00:00+00:00,M2K,gap,info_session_or_outage,gap of 3 days 00:00:00 (expected 1 days 00:00:00),micro
2026-05-18 00:00:00+00:00,M2K,gap,info_session_or_outage,gap of 3 days 00:00:00 (expected 1 days 00:00:00),micro
2026-05-26 00:00:00+00:00,M2K,gap,info_session_or_outage,gap of 4 days 00:00:00 (expected 1 days 00:00:00),micro
2026-06-01 00:00:00+00:00,M2K,gap,info_session_or_outage,gap of 3 days 00:00:00 (expected 1 days 00:00:00),micro
2026-06-08 00:00:00+00:00,M2K,gap,info_session_or_outage,gap of 3 days 00:00:00 (expected 1 days 00:00:00),micro
2026-06-15 00:00:00+00:00,M2K,gap,info_session_or_outage,gap of 3 days 00:00:00 (expected 1 days 00:00:00),micro
2026-06-22 00:00:00+00:00,M2K,gap,info_session_or_outage,gap of 4 days 00:00:00 (expected 1 days 00:00:00),micro
2026-06-29 00:00:00+00:00,M2K,gap,info_session_or_outage,gap of 3 days 00:00:00 (expected 1 days 00:00:00),micro
2026-07-06 00:00:00+00:00,M2K,gap,info_session_or_outage,gap of 4 days 00:00:00 (expected 1 days 00:00:00),micro
2026-07-13 00:00:00+00:00,M2K,gap,info_session_or_outage,gap of 3 days 00:00:00 (expected 1 days 00:00:00),micro
2026-07-20 00:00:00+00:00,M2K,gap,info_session_or_outage,gap of 3 days 00:00:00 (expected 1 days 00:00:00),micro
2026-07-27 00:00:00+00:00,M2K,gap,info_session_or_outage,gap of 3 days 00:00:00 (expected 1 days 00:00:00),micro
2019-05-06 00:00:00+00:00,MYM,gap,info_session_or_outage,gap of 3 days 00:00:00 (expected 1 days 00:00:00),micro
2019-05-13 00:00:00+00:00,MYM,gap,info_session_or_outage,gap of 3 days 00:00:00 (expected 1 days 00:00:00),micro
2019-05-20 00:00:00+00:00,MYM,gap,info_session_or_outage,gap of 3 days 00:00:00 (expected 1 days 00:00:00),micro
2019-05-28 00:00:00+00:00,MYM,gap,info_session_or_outage,gap of 4 days 00:00:00 (expected 1 days 00:00:00),micro
2019-06-03 00:00:00+00:00,MYM,gap,info_session_or_outage,gap of 3 days 00:00:00 (expected 1 days 00:00:00),micro
2019-06-10 00:00:00+00:00,MYM,gap,info_session_or_outage,gap of 3 days 00:00:00 (expected 1 days 00:00:00),micro
2019-06-17 00:00:00+00:00,MYM,gap,info_session_or_outage,gap of 3 days 00:00:00 (expected 1 days 00:00:00),micro
2019-06-24 00:00:00+00:00,MYM,gap,info_session_or_outage,gap of 3 days 00:00:00 (expected 1 days 00:00:00),micro
2019-07-01 00:00:00+00:00,MYM,gap,info_session_or_outage,gap of 3 days 00:00:00 (expected 1 days 00:00:00),micro
2019-07-05 00:00:00+00:00,MYM,gap,info_session_or_outage,gap of 2 days 00:00:00 (expected 1 days 00:00:00),micro
2019-07-08 00:00:00+00:00,MYM,gap,info_session_or_outage,gap of 3 days 00:00:00 (expected 1 days 00:00:00),micro
2019-07-15 00:00:00+00:00,MYM,gap,info_session_or_outage,gap of 3 days 00:00:00 (expected 1 days 00:00:00),micro
2019-07-22 00:00:00+00:00,MYM,gap,info_session_or_outage,gap of 3 days 00:00:00 (expected 1 days 00:00:00),micro
2019-07-29 00:00:00+00:00,MYM,gap,info_session_or_outage,gap of 3 days 00:00:00 (expected 1 days 00:00:00),micro
2019-08-05 00:00:00+00:00,MYM,gap,info_session_or_outage,gap of 3 days 00:00:00 (expected 1 days 00:00:00),micro
2019-08-12 00:00:00+00:00,MYM,gap,info_session_or_outage,gap of 3 days 00:00:00 (expected 1 days 00:00:00),micro
2019-08-19 00:00:00+00:00,MYM,gap,info_session_or_outage,gap of 3 days 00:00:00 (expected 1 days 00:00:00),micro
2019-08-26 00:00:00+00:00,MYM,gap,info_session_or_outage,gap of 3 days 00:00:00 (expected 1 days 00:00:00),micro
2019-09-03 00:00:00+00:00,MYM,gap,info_session_or_outage,gap of 4 days 00:00:00 (expected 1 days 00:00:00),micro
2019-09-09 00:00:00+00:00,MYM,gap,info_session_or_outage,gap of 3 days 00:00:00 (expected 1 days 00:00:00),micro
2019-09-16 00:00:00+00:00,MYM,gap,info_session_or_outage,gap of 3 days 00:00:00 (expected 1 days 00:00:00),micro
2019-09-23 00:00:00+00:00,MYM,gap,info_session_or_outage,gap of 3 days 00:00:00 (expected 1 days 00:00:00),micro
2019-09-30 00:00:00+00:00,MYM,gap,info_session_or_outage,gap of 3 days 00:00:00 (expected 1 days 00:00:00),micro
2019-10-07 00:00:00+00:00,MYM,gap,info_session_or_outage,gap of 3 days 00:00:00 (expected 1 days 00:00:00),micro
2019-10-14 00:00:00+00:00,MYM,gap,info_session_or_outage,gap of 3 days 00:00:00 (expected 1 days 00:00:00),micro
2019-10-21 00:00:00+00:00,MYM,gap,info_session_or_outage,gap of 3 days 00:00:00 (expected 1 days 00:00:00),micro
2019-10-28 00:00:00+00:00,MYM,gap,info_session_or_outage,gap of 3 days 00:00:00 (expected 1 days 00:00:00),micro
2019-11-04 00:00:00+00:00,MYM,gap,info_session_or_outage,gap of 3 days 00:00:00 (expected 1 days 00:00:00),micro
2019-11-11 00:00:00+00:00,MYM,gap,info_session_or_outage,gap of 3 days 00:00:00 (expected 1 days 00:00:00),micro
2019-11-18 00:00:00+00:00,MYM,gap,info_session_or_outage,gap of 3 days 00:00:00 (expected 1 days 00:00:00),micro
2019-11-25 00:00:00+00:00,MYM,gap,info_session_or_outage,gap of 3 days 00:00:00 (expected 1 days 00:00:00),micro
2019-11-29 00:00:00+00:00,MYM,gap,info_session_or_outage,gap of 2 days 00:00:00 (expected 1 days 00:00:00),micro
2019-12-02 00:00:00+00:00,MYM,gap,info_session_or_outage,gap of 3 days 00:00:00 (expected 1 days 00:00:00),micro
2019-12-09 00:00:00+00:00,MYM,gap,info_session_or_outage,gap of 3 days 00:00:00 (expected 1 days 00:00:00),micro
2019-12-16 00:00:00+00:00,MYM,gap,info_session_or_outage,gap of 3 days 00:00:00 (expected 1 days 00:00:00),micro
2019-12-23 00:00:00+00:00,MYM,gap,info_session_or_outage,gap of 3 days 00:00:00 (expected 1 days 00:00:00),micro
2019-12-26 00:00:00+00:00,MYM,gap,info_session_or_outage,gap of 2 days 00:00:00 (expected 1 days 00:00:00),micro
2019-12-30 00:00:00+00:00,MYM,gap,info_session_or_outage,gap of 3 days 00:00:00 (expected 1 days 00:00:00),micro
2020-01-02 00:00:00+00:00,MYM,gap,info_session_or_outage,gap of 2 days 00:00:00 (expected 1 days 00:00:00),micro
2020-01-06 00:00:00+00:00,MYM,gap,info_session_or_outage,gap of 3 days 00:00:00 (expected 1 days 00:00:00),micro
2020-01-13 00:00:00+00:00,MYM,gap,info_session_or_outage,gap of 3 days 00:00:00 (expected 1 days 00:00:00),micro
2020-01-21 00:00:00+00:00,MYM,gap,info_session_or_outage,gap of 4 days 00:00:00 (expected 1 days 00:00:00),micro
2020-01-27 00:00:00+00:00,MYM,gap,info_session_or_outage,gap of 3 days 00:00:00 (expected 1 days 00:00:00),micro
2020-02-03 00:00:00+00:00,MYM,gap,info_session_or_outage,gap of 3 days 00:00:00 (expected 1 days 00:00:00),micro
2020-02-10 00:00:00+00:00,MYM,gap,info_session_or_outage,gap of 3 days 00:00:00 (expected 1 days 00:00:00),micro
2020-02-18 00:00:00+00:00,MYM,gap,info_session_or_outage,gap of 4 days 00:00:00 (expected 1 days 00:00:00),micro
2020-02-24 00:00:00+00:00,MYM,gap,info_session_or_outage,gap of 3 days 00:00:00 (expected 1 days 00:00:00),micro
2020-03-02 00:00:00+00:00,MYM,gap,info_session_or_outage,gap of 3 days 00:00:00 (expected 1 days 00:00:00),micro
2020-03-09 00:00:00+00:00,MYM,gap,info_session_or_outage,gap of 3 days 00:00:00 (expected 1 days 00:00:00),micro
2020-03-16 00:00:00+00:00,MYM,gap,info_session_or_outage,gap of 3 days 00:00:00 (expected 1 days 00:00:00),micro
2020-03-23 00:00:00+00:00,MYM,gap,info_session_or_outage,gap of 3 days 00:00:00 (expected 1 days 00:00:00),micro
2020-03-30 00:00:00+00:00,MYM,gap,info_session_or_outage,gap of 3 days 00:00:00 (expected 1 days 00:00:00),micro
2020-04-06 00:00:00+00:00,MYM,gap,info_session_or_outage,gap of 3 days 00:00:00 (expected 1 days 00:00:00),micro
2020-04-13 00:00:00+00:00,MYM,gap,info_session_or_outage,gap of 4 days 00:00:00 (expected 1 days 00:00:00),micro
2020-04-20 00:00:00+00:00,MYM,gap,info_session_or_outage,gap of 3 days 00:00:00 (expected 1 days 00:00:00),micro
2020-04-27 00:00:00+00:00,MYM,gap,info_session_or_outage,gap of 3 days 00:00:00 (expected 1 days 00:00:00),micro
2020-05-04 00:00:00+00:00,MYM,gap,info_session_or_outage,gap of 3 days 00:00:00 (expected 1 days 00:00:00),micro
2020-05-11 00:00:00+00:00,MYM,gap,info_session_or_outage,gap of 3 days 00:00:00 (expected 1 days 00:00:00),micro
2020-05-18 00:00:00+00:00,MYM,gap,info_session_or_outage,gap of 3 days 00:00:00 (expected 1 days 00:00:00),micro
2020-05-26 00:00:00+00:00,MYM,gap,info_session_or_outage,gap of 4 days 00:00:00 (expected 1 days 00:00:00),micro
2020-06-01 00:00:00+00:00,MYM,gap,info_session_or_outage,gap of 3 days 00:00:00 (expected 1 days 00:00:00),micro
2020-06-08 00:00:00+00:00,MYM,gap,info_session_or_outage,gap of 3 days 00:00:00 (expected 1 days 00:00:00),micro
2020-06-15 00:00:00+00:00,MYM,gap,info_session_or_outage,gap of 3 days 00:00:00 (expected 1 days 00:00:00),micro
2020-06-22 00:00:00+00:00,MYM,gap,info_session_or_outage,gap of 3 days 00:00:00 (expected 1 days 00:00:00),micro
2020-06-29 00:00:00+00:00,MYM,gap,info_session_or_outage,gap of 3 days 00:00:00 (expected 1 days 00:00:00),micro
2020-07-06 00:00:00+00:00,MYM,gap,info_session_or_outage,gap of 4 days 00:00:00 (expected 1 days 00:00:00),micro
2020-07-13 00:00:00+00:00,MYM,gap,info_session_or_outage,gap of 3 days 00:00:00 (expected 1 days 00:00:00),micro
2020-07-20 00:00:00+00:00,MYM,gap,info_session_or_outage,gap of 3 days 00:00:00 (expected 1 days 00:00:00),micro
2020-07-27 00:00:00+00:00,MYM,gap,info_session_or_outage,gap of 3 days 00:00:00 (expected 1 days 00:00:00),micro
2020-08-03 00:00:00+00:00,MYM,gap,info_session_or_outage,gap of 3 days 00:00:00 (expected 1 days 00:00:00),micro
2020-08-10 00:00:00+00:00,MYM,gap,info_session_or_outage,gap of 3 days 00:00:00 (expected 1 days 00:00:00),micro
2020-08-17 00:00:00+00:00,MYM,gap,info_session_or_outage,gap of 3 days 00:00:00 (expected 1 days 00:00:00),micro
2020-08-24 00:00:00+00:00,MYM,gap,info_session_or_outage,gap of 3 days 00:00:00 (expected 1 days 00:00:00),micro
2020-08-31 00:00:00+00:00,MYM,gap,info_session_or_outage,gap of 3 days 00:00:00 (expected 1 days 00:00:00),micro
2020-09-08 00:00:00+00:00,MYM,gap,info_session_or_outage,gap of 4 days 00:00:00 (expected 1 days 00:00:00),micro
2020-09-14 00:00:00+00:00,MYM,gap,info_session_or_outage,gap of 3 days 00:00:00 (expected 1 days 00:00:00),micro
2020-09-21 00:00:00+00:00,MYM,gap,info_session_or_outage,gap of 3 days 00:00:00 (expected 1 days 00:00:00),micro
2020-09-28 00:00:00+00:00,MYM,gap,info_session_or_outage,gap of 3 days 00:00:00 (expected 1 days 00:00:00),micro
2020-10-05 00:00:00+00:00,MYM,gap,info_session_or_outage,gap of 3 days 00:00:00 (expected 1 days 00:00:00),micro
2020-10-12 00:00:00+00:00,MYM,gap,info_session_or_outage,gap of 3 days 00:00:00 (expected 1 days 00:00:00),micro
2020-10-19 00:00:00+00:00,MYM,gap,info_session_or_outage,gap of 3 days 00:00:00 (expected 1 days 00:00:00),micro
2020-10-26 00:00:00+00:00,MYM,gap,info_session_or_outage,gap of 3 days 00:00:00 (expected 1 days 00:00:00),micro
2020-11-02 00:00:00+00:00,MYM,gap,info_session_or_outage,gap of 3 days 00:00:00 (expected 1 days 00:00:00),micro
2020-11-09 00:00:00+00:00,MYM,gap,info_session_or_outage,gap of 3 days 00:00:00 (expected 1 days 00:00:00),micro
2020-11-16 00:00:00+00:00,MYM,gap,info_session_or_outage,gap of 3 days 00:00:00 (expected 1 days 00:00:00),micro
2020-11-23 00:00:00+00:00,MYM,gap,info_session_or_outage,gap of 3 days 00:00:00 (expected 1 days 00:00:00),micro
2020-11-27 00:00:00+00:00,MYM,gap,info_session_or_outage,gap of 2 days 00:00:00 (expected 1 days 00:00:00),micro
2020-11-30 00:00:00+00:00,MYM,gap,info_session_or_outage,gap of 3 days 00:00:00 (expected 1 days 00:00:00),micro
2020-12-07 00:00:00+00:00,MYM,gap,info_session_or_outage,gap of 3 days 00:00:00 (expected 1 days 00:00:00),micro
2020-12-14 00:00:00+00:00,MYM,gap,info_session_or_outage,gap of 3 days 00:00:00 (expected 1 days 00:00:00),micro
2020-12-21 00:00:00+00:00,MYM,gap,info_session_or_outage,gap of 3 days 00:00:00 (expected 1 days 00:00:00),micro
2020-12-28 00:00:00+00:00,MYM,gap,info_session_or_outage,gap of 4 days 00:00:00 (expected 1 days 00:00:00),micro
2021-01-04 00:00:00+00:00,MYM,gap,info_session_or_outage,gap of 4 days 00:00:00 (expected 1 days 00:00:00),micro
2021-01-11 00:00:00+00:00,MYM,gap,info_session_or_outage,gap of 3 days 00:00:00 (expected 1 days 00:00:00),micro
2021-01-19 00:00:00+00:00,MYM,gap,info_session_or_outage,gap of 4 days 00:00:00 (expected 1 days 00:00:00),micro
2021-01-25 00:00:00+00:00,MYM,gap,info_session_or_outage,gap of 3 days 00:00:00 (expected 1 days 00:00:00),micro
2021-02-01 00:00:00+00:00,MYM,gap,info_session_or_outage,gap of 3 days 00:00:00 (expected 1 days 00:00:00),micro
2021-02-08 00:00:00+00:00,MYM,gap,info_session_or_outage,gap of 3 days 00:00:00 (expected 1 days 00:00:00),micro
2021-02-16 00:00:00+00:00,MYM,gap,info_session_or_outage,gap of 4 days 00:00:00 (expected 1 days 00:00:00),micro
2021-02-22 00:00:00+00:00,MYM,gap,info_session_or_outage,gap of 3 days 00:00:00 (expected 1 days 00:00:00),micro
2021-03-01 00:00:00+00:00,MYM,gap,info_session_or_outage,gap of 3 days 00:00:00 (expected 1 days 00:00:00),micro
2021-03-08 00:00:00+00:00,MYM,gap,info_session_or_outage,gap of 3 days 00:00:00 (expected 1 days 00:00:00),micro
2021-03-15 00:00:00+00:00,MYM,gap,info_session_or_outage,gap of 3 days 00:00:00 (expected 1 days 00:00:00),micro
2021-03-22 00:00:00+00:00,MYM,gap,info_session_or_outage,gap of 3 days 00:00:00 (expected 1 days 00:00:00),micro
2021-03-29 00:00:00+00:00,MYM,gap,info_session_or_outage,gap of 3 days 00:00:00 (expected 1 days 00:00:00),micro
2021-04-05 00:00:00+00:00,MYM,gap,info_session_or_outage,gap of 4 days 00:00:00 (expected 1 days 00:00:00),micro
2021-04-12 00:00:00+00:00,MYM,gap,info_session_or_outage,gap of 3 days 00:00:00 (expected 1 days 00:00:00),micro
2021-04-19 00:00:00+00:00,MYM,gap,info_session_or_outage,gap of 3 days 00:00:00 (expected 1 days 00:00:00),micro
2021-04-26 00:00:00+00:00,MYM,gap,info_session_or_outage,gap of 3 days 00:00:00 (expected 1 days 00:00:00),micro
2021-05-03 00:00:00+00:00,MYM,gap,info_session_or_outage,gap of 3 days 00:00:00 (expected 1 days 00:00:00),micro
2021-05-10 00:00:00+00:00,MYM,gap,info_session_or_outage,gap of 3 days 00:00:00 (expected 1 days 00:00:00),micro
2021-05-17 00:00:00+00:00,MYM,gap,info_session_or_outage,gap of 3 days 00:00:00 (expected 1 days 00:00:00),micro
2021-05-24 00:00:00+00:00,MYM,gap,info_session_or_outage,gap of 3 days 00:00:00 (expected 1 days 00:00:00),micro
2021-06-01 00:00:00+00:00,MYM,gap,info_session_or_outage,gap of 4 days 00:00:00 (expected 1 days 00:00:00),micro
2021-06-07 00:00:00+00:00,MYM,gap,info_session_or_outage,gap of 3 days 00:00:00 (expected 1 days 00:00:00),micro
2021-06-14 00:00:00+00:00,MYM,gap,info_session_or_outage,gap of 3 days 00:00:00 (expected 1 days 00:00:00),micro
2021-06-21 00:00:00+00:00,MYM,gap,info_session_or_outage,gap of 3 days 00:00:00 (expected 1 days 00:00:00),micro
2021-06-28 00:00:00+00:00,MYM,gap,info_session_or_outage,gap of 3 days 00:00:00 (expected 1 days 00:00:00),micro
2021-07-06 00:00:00+00:00,MYM,gap,info_session_or_outage,gap of 4 days 00:00:00 (expected 1 days 00:00:00),micro
2021-07-12 00:00:00+00:00,MYM,gap,info_session_or_outage,gap of 3 days 00:00:00 (expected 1 days 00:00:00),micro
2021-07-19 00:00:00+00:00,MYM,gap,info_session_or_outage,gap of 3 days 00:00:00 (expected 1 days 00:00:00),micro
2021-07-26 00:00:00+00:00,MYM,gap,info_session_or_outage,gap of 3 days 00:00:00 (expected 1 days 00:00:00),micro
2021-08-02 00:00:00+00:00,MYM,gap,info_session_or_outage,gap of 3 days 00:00:00 (expected 1 days 00:00:00),micro
2021-08-09 00:00:00+00:00,MYM,gap,info_session_or_outage,gap of 3 days 00:00:00 (expected 1 days 00:00:00),micro
2021-08-16 00:00:00+00:00,MYM,gap,info_session_or_outage,gap of 3 days 00:00:00 (expected 1 days 00:00:00),micro
2021-08-23 00:00:00+00:00,MYM,gap,info_session_or_outage,gap of 3 days 00:00:00 (expected 1 days 00:00:00),micro
2021-08-30 00:00:00+00:00,MYM,gap,info_session_or_outage,gap of 3 days 00:00:00 (expected 1 days 00:00:00),micro
2021-09-07 00:00:00+00:00,MYM,gap,info_session_or_outage,gap of 4 days 00:00:00 (expected 1 days 00:00:00),micro
2021-09-13 00:00:00+00:00,MYM,gap,info_session_or_outage,gap of 3 days 00:00:00 (expected 1 days 00:00:00),micro
2021-09-20 00:00:00+00:00,MYM,gap,info_session_or_outage,gap of 3 days 00:00:00 (expected 1 days 00:00:00),micro
2021-09-27 00:00:00+00:00,MYM,gap,info_session_or_outage,gap of 3 days 00:00:00 (expected 1 days 00:00:00),micro
2021-10-04 00:00:00+00:00,MYM,gap,info_session_or_outage,gap of 3 days 00:00:00 (expected 1 days 00:00:00),micro
2021-10-11 00:00:00+00:00,MYM,gap,info_session_or_outage,gap of 3 days 00:00:00 (expected 1 days 00:00:00),micro
2021-10-18 00:00:00+00:00,MYM,gap,info_session_or_outage,gap of 3 days 00:00:00 (expected 1 days 00:00:00),micro
2021-10-25 00:00:00+00:00,MYM,gap,info_session_or_outage,gap of 3 days 00:00:00 (expected 1 days 00:00:00),micro
2021-11-01 00:00:00+00:00,MYM,gap,info_session_or_outage,gap of 3 days 00:00:00 (expected 1 days 00:00:00),micro
2021-11-08 00:00:00+00:00,MYM,gap,info_session_or_outage,gap of 3 days 00:00:00 (expected 1 days 00:00:00),micro
2021-11-15 00:00:00+00:00,MYM,gap,info_session_or_outage,gap of 3 days 00:00:00 (expected 1 days 00:00:00),micro
2021-11-22 00:00:00+00:00,MYM,gap,info_session_or_outage,gap of 3 days 00:00:00 (expected 1 days 00:00:00),micro
2021-11-26 00:00:00+00:00,MYM,gap,info_session_or_outage,gap of 2 days 00:00:00 (expected 1 days 00:00:00),micro
2021-11-29 00:00:00+00:00,MYM,gap,info_session_or_outage,gap of 3 days 00:00:00 (expected 1 days 00:00:00),micro
2021-12-06 00:00:00+00:00,MYM,gap,info_session_or_outage,gap of 3 days 00:00:00 (expected 1 days 00:00:00),micro
2021-12-13 00:00:00+00:00,MYM,gap,info_session_or_outage,gap of 3 days 00:00:00 (expected 1 days 00:00:00),micro
2021-12-20 00:00:00+00:00,MYM,gap,info_session_or_outage,gap of 3 days 00:00:00 (expected 1 days 00:00:00),micro
2021-12-27 00:00:00+00:00,MYM,gap,info_session_or_outage,gap of 4 days 00:00:00 (expected 1 days 00:00:00),micro
2022-01-03 00:00:00+00:00,MYM,gap,info_session_or_outage,gap of 3 days 00:00:00 (expected 1 days 00:00:00),micro
2022-01-10 00:00:00+00:00,MYM,gap,info_session_or_outage,gap of 3 days 00:00:00 (expected 1 days 00:00:00),micro
2022-01-18 00:00:00+00:00,MYM,gap,info_session_or_outage,gap of 4 days 00:00:00 (expected 1 days 00:00:00),micro
2022-01-24 00:00:00+00:00,MYM,gap,info_session_or_outage,gap of 3 days 00:00:00 (expected 1 days 00:00:00),micro
2022-01-31 00:00:00+00:00,MYM,gap,info_session_or_outage,gap of 3 days 00:00:00 (expected 1 days 00:00:00),micro
2022-02-07 00:00:00+00:00,MYM,gap,info_session_or_outage,gap of 3 days 00:00:00 (expected 1 days 00:00:00),micro
2022-02-14 00:00:00+00:00,MYM,gap,info_session_or_outage,gap of 3 days 00:00:00 (expected 1 days 00:00:00),micro
2022-02-22 00:00:00+00:00,MYM,gap,info_session_or_outage,gap of 4 days 00:00:00 (expected 1 days 00:00:00),micro
2022-02-28 00:00:00+00:00,MYM,gap,info_session_or_outage,gap of 3 days 00:00:00 (expected 1 days 00:00:00),micro
2022-03-07 00:00:00+00:00,MYM,gap,info_session_or_outage,gap of 3 days 00:00:00 (expected 1 days 00:00:00),micro
2022-03-14 00:00:00+00:00,MYM,gap,info_session_or_outage,gap of 3 days 00:00:00 (expected 1 days 00:00:00),micro
2022-03-21 00:00:00+00:00,MYM,gap,info_session_or_outage,gap of 3 days 00:00:00 (expected 1 days 00:00:00),micro
2022-03-28 00:00:00+00:00,MYM,gap,info_session_or_outage,gap of 3 days 00:00:00 (expected 1 days 00:00:00),micro
2022-04-04 00:00:00+00:00,MYM,gap,info_session_or_outage,gap of 3 days 00:00:00 (expected 1 days 00:00:00),micro
2022-04-11 00:00:00+00:00,MYM,gap,info_session_or_outage,gap of 3 days 00:00:00 (expected 1 days 00:00:00),micro
2022-04-18 00:00:00+00:00,MYM,gap,info_session_or_outage,gap of 4 days 00:00:00 (expected 1 days 00:00:00),micro
2022-04-25 00:00:00+00:00,MYM,gap,info_session_or_outage,gap of 3 days 00:00:00 (expected 1 days 00:00:00),micro
2022-05-02 00:00:00+00:00,MYM,gap,info_session_or_outage,gap of 3 days 00:00:00 (expected 1 days 00:00:00),micro
2022-05-09 00:00:00+00:00,MYM,gap,info_session_or_outage,gap of 3 days 00:00:00 (expected 1 days 00:00:00),micro
2022-05-16 00:00:00+00:00,MYM,gap,info_session_or_outage,gap of 3 days 00:00:00 (expected 1 days 00:00:00),micro
2022-05-23 00:00:00+00:00,MYM,gap,info_session_or_outage,gap of 3 days 00:00:00 (expected 1 days 00:00:00),micro
2022-05-31 00:00:00+00:00,MYM,gap,info_session_or_outage,gap of 4 days 00:00:00 (expected 1 days 00:00:00),micro
2022-06-06 00:00:00+00:00,MYM,gap,info_session_or_outage,gap of 3 days 00:00:00 (expected 1 days 00:00:00),micro
2022-06-13 00:00:00+00:00,MYM,gap,info_session_or_outage,gap of 3 days 00:00:00 (expected 1 days 00:00:00),micro
2022-06-21 00:00:00+00:00,MYM,gap,info_session_or_outage,gap of 4 days 00:00:00 (expected 1 days 00:00:00),micro
2022-06-27 00:00:00+00:00,MYM,gap,info_session_or_outage,gap of 3 days 00:00:00 (expected 1 days 00:00:00),micro
2022-07-05 00:00:00+00:00,MYM,gap,info_session_or_outage,gap of 4 days 00:00:00 (expected 1 days 00:00:00),micro
2022-07-11 00:00:00+00:00,MYM,gap,info_session_or_outage,gap of 3 days 00:00:00 (expected 1 days 00:00:00),micro
2022-07-18 00:00:00+00:00,MYM,gap,info_session_or_outage,gap of 3 days 00:00:00 (expected 1 days 00:00:00),micro
2022-07-25 00:00:00+00:00,MYM,gap,info_session_or_outage,gap of 3 days 00:00:00 (expected 1 days 00:00:00),micro
2022-08-01 00:00:00+00:00,MYM,gap,info_session_or_outage,gap of 3 days 00:00:00 (expected 1 days 00:00:00),micro
2022-08-08 00:00:00+00:00,MYM,gap,info_session_or_outage,gap of 3 days 00:00:00 (expected 1 days 00:00:00),micro
2022-08-15 00:00:00+00:00,MYM,gap,info_session_or_outage,gap of 3 days 00:00:00 (expected 1 days 00:00:00),micro
2022-08-22 00:00:00+00:00,MYM,gap,info_session_or_outage,gap of 3 days 00:00:00 (expected 1 days 00:00:00),micro
2022-08-29 00:00:00+00:00,MYM,gap,info_session_or_outage,gap of 3 days 00:00:00 (expected 1 days 00:00:00),micro
2022-09-06 00:00:00+00:00,MYM,gap,info_session_or_outage,gap of 4 days 00:00:00 (expected 1 days 00:00:00),micro
2022-09-12 00:00:00+00:00,MYM,gap,info_session_or_outage,gap of 3 days 00:00:00 (expected 1 days 00:00:00),micro
2022-09-19 00:00:00+00:00,MYM,gap,info_session_or_outage,gap of 3 days 00:00:00 (expected 1 days 00:00:00),micro
2022-09-26 00:00:00+00:00,MYM,gap,info_session_or_outage,gap of 3 days 00:00:00 (expected 1 days 00:00:00),micro
2022-10-03 00:00:00+00:00,MYM,gap,info_session_or_outage,gap of 3 days 00:00:00 (expected 1 days 00:00:00),micro
2022-10-10 00:00:00+00:00,MYM,gap,info_session_or_outage,gap of 3 days 00:00:00 (expected 1 days 00:00:00),micro
2022-10-17 00:00:00+00:00,MYM,gap,info_session_or_outage,gap of 3 days 00:00:00 (expected 1 days 00:00:00),micro
2022-10-24 00:00:00+00:00,MYM,gap,info_session_or_outage,gap of 3 days 00:00:00 (expected 1 days 00:00:00),micro
2022-10-31 00:00:00+00:00,MYM,gap,info_session_or_outage,gap of 3 days 00:00:00 (expected 1 days 00:00:00),micro
2022-11-07 00:00:00+00:00,MYM,gap,info_session_or_outage,gap of 3 days 00:00:00 (expected 1 days 00:00:00),micro
2022-11-14 00:00:00+00:00,MYM,gap,info_session_or_outage,gap of 3 days 00:00:00 (expected 1 days 00:00:00),micro
2022-11-21 00:00:00+00:00,MYM,gap,info_session_or_outage,gap of 3 days 00:00:00 (expected 1 days 00:00:00),micro
2022-11-25 00:00:00+00:00,MYM,gap,info_session_or_outage,gap of 2 days 00:00:00 (expected 1 days 00:00:00),micro
2022-11-28 00:00:00+00:00,MYM,gap,info_session_or_outage,gap of 3 days 00:00:00 (expected 1 days 00:00:00),micro
2022-12-05 00:00:00+00:00,MYM,gap,info_session_or_outage,gap of 3 days 00:00:00 (expected 1 days 00:00:00),micro
2022-12-12 00:00:00+00:00,MYM,gap,info_session_or_outage,gap of 3 days 00:00:00 (expected 1 days 00:00:00),micro
2022-12-19 00:00:00+00:00,MYM,gap,info_session_or_outage,gap of 3 days 00:00:00 (expected 1 days 00:00:00),micro
2022-12-27 00:00:00+00:00,MYM,gap,info_session_or_outage,gap of 4 days 00:00:00 (expected 1 days 00:00:00),micro
2023-01-03 00:00:00+00:00,MYM,gap,info_session_or_outage,gap of 4 days 00:00:00 (expected 1 days 00:00:00),micro
2023-01-09 00:00:00+00:00,MYM,gap,info_session_or_outage,gap of 3 days 00:00:00 (expected 1 days 00:00:00),micro
2023-01-17 00:00:00+00:00,MYM,gap,info_session_or_outage,gap of 4 days 00:00:00 (expected 1 days 00:00:00),micro
2023-01-23 00:00:00+00:00,MYM,gap,info_session_or_outage,gap of 3 days 00:00:00 (expected 1 days 00:00:00),micro
2023-01-30 00:00:00+00:00,MYM,gap,info_session_or_outage,gap of 3 days 00:00:00 (expected 1 days 00:00:00),micro
2023-02-06 00:00:00+00:00,MYM,gap,info_session_or_outage,gap of 3 days 00:00:00 (expected 1 days 00:00:00),micro
2023-02-13 00:00:00+00:00,MYM,gap,info_session_or_outage,gap of 3 days 00:00:00 (expected 1 days 00:00:00),micro
2023-02-21 00:00:00+00:00,MYM,gap,info_session_or_outage,gap of 4 days 00:00:00 (expected 1 days 00:00:00),micro
2023-02-27 00:00:00+00:00,MYM,gap,info_session_or_outage,gap of 3 days 00:00:00 (expected 1 days 00:00:00),micro
2023-03-06 00:00:00+00:00,MYM,gap,info_session_or_outage,gap of 3 days 00:00:00 (expected 1 days 00:00:00),micro
2023-03-13 00:00:00+00:00,MYM,gap,info_session_or_outage,gap of 3 days 00:00:00 (expected 1 days 00:00:00),micro
2023-03-20 00:00:00+00:00,MYM,gap,info_session_or_outage,gap of 3 days 00:00:00 (expected 1 days 00:00:00),micro
2023-03-27 00:00:00+00:00,MYM,gap,info_session_or_outage,gap of 3 days 00:00:00 (expected 1 days 00:00:00),micro
2023-04-03 00:00:00+00:00,MYM,gap,info_session_or_outage,gap of 3 days 00:00:00 (expected 1 days 00:00:00),micro
2023-04-10 00:00:00+00:00,MYM,gap,info_session_or_outage,gap of 4 days 00:00:00 (expected 1 days 00:00:00),micro
2023-04-17 00:00:00+00:00,MYM,gap,info_session_or_outage,gap of 3 days 00:00:00 (expected 1 days 00:00:00),micro
2023-04-24 00:00:00+00:00,MYM,gap,info_session_or_outage,gap of 3 days 00:00:00 (expected 1 days 00:00:00),micro
2023-05-01 00:00:00+00:00,MYM,gap,info_session_or_outage,gap of 3 days 00:00:00 (expected 1 days 00:00:00),micro
2023-05-08 00:00:00+00:00,MYM,gap,info_session_or_outage,gap of 3 days 00:00:00 (expected 1 days 00:00:00),micro
2023-05-15 00:00:00+00:00,MYM,gap,info_session_or_outage,gap of 3 days 00:00:00 (expected 1 days 00:00:00),micro
2023-05-22 00:00:00+00:00,MYM,gap,info_session_or_outage,gap of 3 days 00:00:00 (expected 1 days 00:00:00),micro
2023-05-30 00:00:00+00:00,MYM,gap,info_session_or_outage,gap of 4 days 00:00:00 (expected 1 days 00:00:00),micro
2023-06-05 00:00:00+00:00,MYM,gap,info_session_or_outage,gap of 3 days 00:00:00 (expected 1 days 00:00:00),micro
2023-06-12 00:00:00+00:00,MYM,gap,info_session_or_outage,gap of 3 days 00:00:00 (expected 1 days 00:00:00),micro
2023-06-20 00:00:00+00:00,MYM,gap,info_session_or_outage,gap of 4 days 00:00:00 (expected 1 days 00:00:00),micro
2023-06-26 00:00:00+00:00,MYM,gap,info_session_or_outage,gap of 3 days 00:00:00 (expected 1 days 00:00:00),micro
2023-07-03 00:00:00+00:00,MYM,gap,info_session_or_outage,gap of 3 days 00:00:00 (expected 1 days 00:00:00),micro
2023-07-05 00:00:00+00:00,MYM,gap,info_session_or_outage,gap of 2 days 00:00:00 (expected 1 days 00:00:00),micro
2023-07-10 00:00:00+00:00,MYM,gap,info_session_or_outage,gap of 3 days 00:00:00 (expected 1 days 00:00:00),micro
2023-07-17 00:00:00+00:00,MYM,gap,info_session_or_outage,gap of 3 days 00:00:00 (expected 1 days 00:00:00),micro
2023-07-24 00:00:00+00:00,MYM,gap,info_session_or_outage,gap of 3 days 00:00:00 (expected 1 days 00:00:00),micro
2023-07-31 00:00:00+00:00,MYM,gap,info_session_or_outage,gap of 3 days 00:00:00 (expected 1 days 00:00:00),micro
2023-08-07 00:00:00+00:00,MYM,gap,info_session_or_outage,gap of 3 days 00:00:00 (expected 1 days 00:00:00),micro
2023-08-14 00:00:00+00:00,MYM,gap,info_session_or_outage,gap of 3 days 00:00:00 (expected 1 days 00:00:00),micro
2023-08-21 00:00:00+00:00,MYM,gap,info_session_or_outage,gap of 3 days 00:00:00 (expected 1 days 00:00:00),micro
2023-08-28 00:00:00+00:00,MYM,gap,info_session_or_outage,gap of 3 days 00:00:00 (expected 1 days 00:00:00),micro
2023-09-05 00:00:00+00:00,MYM,gap,info_session_or_outage,gap of 4 days 00:00:00 (expected 1 days 00:00:00),micro
2023-09-11 00:00:00+00:00,MYM,gap,info_session_or_outage,gap of 3 days 00:00:00 (expected 1 days 00:00:00),micro
2023-09-18 00:00:00+00:00,MYM,gap,info_session_or_outage,gap of 3 days 00:00:00 (expected 1 days 00:00:00),micro
2023-09-25 00:00:00+00:00,MYM,gap,info_session_or_outage,gap of 3 days 00:00:00 (expected 1 days 00:00:00),micro
2023-10-02 00:00:00+00:00,MYM,gap,info_session_or_outage,gap of 3 days 00:00:00 (expected 1 days 00:00:00),micro
2023-10-09 00:00:00+00:00,MYM,gap,info_session_or_outage,gap of 3 days 00:00:00 (expected 1 days 00:00:00),micro
2023-10-16 00:00:00+00:00,MYM,gap,info_session_or_outage,gap of 3 days 00:00:00 (expected 1 days 00:00:00),micro
2023-10-23 00:00:00+00:00,MYM,gap,info_session_or_outage,gap of 3 days 00:00:00 (expected 1 days 00:00:00),micro
2023-10-30 00:00:00+00:00,MYM,gap,info_session_or_outage,gap of 3 days 00:00:00 (expected 1 days 00:00:00),micro
2023-11-06 00:00:00+00:00,MYM,gap,info_session_or_outage,gap of 3 days 00:00:00 (expected 1 days 00:00:00),micro
2023-11-13 00:00:00+00:00,MYM,gap,info_session_or_outage,gap of 3 days 00:00:00 (expected 1 days 00:00:00),micro
2023-11-20 00:00:00+00:00,MYM,gap,info_session_or_outage,gap of 3 days 00:00:00 (expected 1 days 00:00:00),micro
2023-11-27 00:00:00+00:00,MYM,gap,info_session_or_outage,gap of 3 days 00:00:00 (expected 1 days 00:00:00),micro
2023-12-04 00:00:00+00:00,MYM,gap,info_session_or_outage,gap of 3 days 00:00:00 (expected 1 days 00:00:00),micro
2023-12-11 00:00:00+00:00,MYM,gap,info_session_or_outage,gap of 3 days 00:00:00 (expected 1 days 00:00:00),micro
2023-12-18 00:00:00+00:00,MYM,gap,info_session_or_outage,gap of 3 days 00:00:00 (expected 1 days 00:00:00),micro
2023-12-26 00:00:00+00:00,MYM,gap,info_session_or_outage,gap of 4 days 00:00:00 (expected 1 days 00:00:00),micro
2024-01-02 00:00:00+00:00,MYM,gap,info_session_or_outage,gap of 4 days 00:00:00 (expected 1 days 00:00:00),micro
2024-01-08 00:00:00+00:00,MYM,gap,info_session_or_outage,gap of 3 days 00:00:00 (expected 1 days 00:00:00),micro
2024-01-16 00:00:00+00:00,MYM,gap,info_session_or_outage,gap of 4 days 00:00:00 (expected 1 days 00:00:00),micro
2024-01-22 00:00:00+00:00,MYM,gap,info_session_or_outage,gap of 3 days 00:00:00 (expected 1 days 00:00:00),micro
2024-01-29 00:00:00+00:00,MYM,gap,info_session_or_outage,gap of 3 days 00:00:00 (expected 1 days 00:00:00),micro
2024-02-05 00:00:00+00:00,MYM,gap,info_session_or_outage,gap of 3 days 00:00:00 (expected 1 days 00:00:00),micro
2024-02-12 00:00:00+00:00,MYM,gap,info_session_or_outage,gap of 3 days 00:00:00 (expected 1 days 00:00:00),micro
2024-02-20 00:00:00+00:00,MYM,gap,info_session_or_outage,gap of 4 days 00:00:00 (expected 1 days 00:00:00),micro
2024-02-26 00:00:00+00:00,MYM,gap,info_session_or_outage,gap of 3 days 00:00:00 (expected 1 days 00:00:00),micro
2024-03-04 00:00:00+00:00,MYM,gap,info_session_or_outage,gap of 3 days 00:00:00 (expected 1 days 00:00:00),micro
2024-03-11 00:00:00+00:00,MYM,gap,info_session_or_outage,gap of 3 days 00:00:00 (expected 1 days 00:00:00),micro
2024-03-18 00:00:00+00:00,MYM,gap,info_session_or_outage,gap of 3 days 00:00:00 (expected 1 days 00:00:00),micro
2024-03-25 00:00:00+00:00,MYM,gap,info_session_or_outage,gap of 3 days 00:00:00 (expected 1 days 00:00:00),micro
2024-04-01 00:00:00+00:00,MYM,gap,info_session_or_outage,gap of 4 days 00:00:00 (expected 1 days 00:00:00),micro
2024-04-08 00:00:00+00:00,MYM,gap,info_session_or_outage,gap of 3 days 00:00:00 (expected 1 days 00:00:00),micro
2024-04-15 00:00:00+00:00,MYM,gap,info_session_or_outage,gap of 3 days 00:00:00 (expected 1 days 00:00:00),micro
2024-04-22 00:00:00+00:00,MYM,gap,info_session_or_outage,gap of 3 days 00:00:00 (expected 1 days 00:00:00),micro
2024-04-29 00:00:00+00:00,MYM,gap,info_session_or_outage,gap of 3 days 00:00:00 (expected 1 days 00:00:00),micro
2024-05-06 00:00:00+00:00,MYM,gap,info_session_or_outage,gap of 3 days 00:00:00 (expected 1 days 00:00:00),micro
2024-05-13 00:00:00+00:00,MYM,gap,info_session_or_outage,gap of 3 days 00:00:00 (expected 1 days 00:00:00),micro
2024-05-20 00:00:00+00:00,MYM,gap,info_session_or_outage,gap of 3 days 00:00:00 (expected 1 days 00:00:00),micro
2024-05-28 00:00:00+00:00,MYM,gap,info_session_or_outage,gap of 4 days 00:00:00 (expected 1 days 00:00:00),micro
2024-06-03 00:00:00+00:00,MYM,gap,info_session_or_outage,gap of 3 days 00:00:00 (expected 1 days 00:00:00),micro
2024-06-10 00:00:00+00:00,MYM,gap,info_session_or_outage,gap of 3 days 00:00:00 (expected 1 days 00:00:00),micro
2024-06-17 00:00:00+00:00,MYM,gap,info_session_or_outage,gap of 3 days 00:00:00 (expected 1 days 00:00:00),micro
2024-06-20 00:00:00+00:00,MYM,gap,info_session_or_outage,gap of 2 days 00:00:00 (expected 1 days 00:00:00),micro
2024-06-24 00:00:00+00:00,MYM,gap,info_session_or_outage,gap of 3 days 00:00:00 (expected 1 days 00:00:00),micro
2024-07-01 00:00:00+00:00,MYM,gap,info_session_or_outage,gap of 3 days 00:00:00 (expected 1 days 00:00:00),micro
2024-07-05 00:00:00+00:00,MYM,gap,info_session_or_outage,gap of 2 days 00:00:00 (expected 1 days 00:00:00),micro
2024-07-08 00:00:00+00:00,MYM,gap,info_session_or_outage,gap of 3 days 00:00:00 (expected 1 days 00:00:00),micro
2024-07-15 00:00:00+00:00,MYM,gap,info_session_or_outage,gap of 3 days 00:00:00 (expected 1 days 00:00:00),micro
2024-07-22 00:00:00+00:00,MYM,gap,info_session_or_outage,gap of 3 days 00:00:00 (expected 1 days 00:00:00),micro
2024-07-29 00:00:00+00:00,MYM,gap,info_session_or_outage,gap of 3 days 00:00:00 (expected 1 days 00:00:00),micro
2024-08-05 00:00:00+00:00,MYM,gap,info_session_or_outage,gap of 3 days 00:00:00 (expected 1 days 00:00:00),micro
2024-08-12 00:00:00+00:00,MYM,gap,info_session_or_outage,gap of 3 days 00:00:00 (expected 1 days 00:00:00),micro
2024-08-19 00:00:00+00:00,MYM,gap,info_session_or_outage,gap of 3 days 00:00:00 (expected 1 days 00:00:00),micro
2024-08-26 00:00:00+00:00,MYM,gap,info_session_or_outage,gap of 3 days 00:00:00 (expected 1 days 00:00:00),micro
2024-09-03 00:00:00+00:00,MYM,gap,info_session_or_outage,gap of 4 days 00:00:00 (expected 1 days 00:00:00),micro
2024-09-09 00:00:00+00:00,MYM,gap,info_session_or_outage,gap of 3 days 00:00:00 (expected 1 days 00:00:00),micro
2024-09-16 00:00:00+00:00,MYM,gap,info_session_or_outage,gap of 3 days 00:00:00 (expected 1 days 00:00:00),micro
2024-09-23 00:00:00+00:00,MYM,gap,info_session_or_outage,gap of 3 days 00:00:00 (expected 1 days 00:00:00),micro
2024-09-30 00:00:00+00:00,MYM,gap,info_session_or_outage,gap of 3 days 00:00:00 (expected 1 days 00:00:00),micro
2024-10-07 00:00:00+00:00,MYM,gap,info_session_or_outage,gap of 3 days 00:00:00 (expected 1 days 00:00:00),micro
2024-10-14 00:00:00+00:00,MYM,gap,info_session_or_outage,gap of 3 days 00:00:00 (expected 1 days 00:00:00),micro
2024-10-21 00:00:00+00:00,MYM,gap,info_session_or_outage,gap of 3 days 00:00:00 (expected 1 days 00:00:00),micro
2024-10-28 00:00:00+00:00,MYM,gap,info_session_or_outage,gap of 3 days 00:00:00 (expected 1 days 00:00:00),micro
2024-11-04 00:00:00+00:00,MYM,gap,info_session_or_outage,gap of 3 days 00:00:00 (expected 1 days 00:00:00),micro
2024-11-11 00:00:00+00:00,MYM,gap,info_session_or_outage,gap of 3 days 00:00:00 (expected 1 days 00:00:00),micro
2024-11-18 00:00:00+00:00,MYM,gap,info_session_or_outage,gap of 3 days 00:00:00 (expected 1 days 00:00:00),micro
2024-11-25 00:00:00+00:00,MYM,gap,info_session_or_outage,gap of 3 days 00:00:00 (expected 1 days 00:00:00),micro
2024-11-29 00:00:00+00:00,MYM,gap,info_session_or_outage,gap of 2 days 00:00:00 (expected 1 days 00:00:00),micro
2024-12-02 00:00:00+00:00,MYM,gap,info_session_or_outage,gap of 3 days 00:00:00 (expected 1 days 00:00:00),micro
2024-12-09 00:00:00+00:00,MYM,gap,info_session_or_outage,gap of 3 days 00:00:00 (expected 1 days 00:00:00),micro
2024-12-16 00:00:00+00:00,MYM,gap,info_session_or_outage,gap of 3 days 00:00:00 (expected 1 days 00:00:00),micro
2024-12-23 00:00:00+00:00,MYM,gap,info_session_or_outage,gap of 3 days 00:00:00 (expected 1 days 00:00:00),micro
2024-12-26 00:00:00+00:00,MYM,gap,info_session_or_outage,gap of 2 days 00:00:00 (expected 1 days 00:00:00),micro
2024-12-30 00:00:00+00:00,MYM,gap,info_session_or_outage,gap of 3 days 00:00:00 (expected 1 days 00:00:00),micro
2025-01-02 00:00:00+00:00,MYM,gap,info_session_or_outage,gap of 2 days 00:00:00 (expected 1 days 00:00:00),micro
2025-01-06 00:00:00+00:00,MYM,gap,info_session_or_outage,gap of 3 days 00:00:00 (expected 1 days 00:00:00),micro
2025-01-13 00:00:00+00:00,MYM,gap,info_session_or_outage,gap of 3 days 00:00:00 (expected 1 days 00:00:00),micro
2025-01-21 00:00:00+00:00,MYM,gap,info_session_or_outage,gap of 4 days 00:00:00 (expected 1 days 00:00:00),micro
2025-01-27 00:00:00+00:00,MYM,gap,info_session_or_outage,gap of 3 days 00:00:00 (expected 1 days 00:00:00),micro
2025-02-03 00:00:00+00:00,MYM,gap,info_session_or_outage,gap of 3 days 00:00:00 (expected 1 days 00:00:00),micro
2025-02-10 00:00:00+00:00,MYM,gap,info_session_or_outage,gap of 3 days 00:00:00 (expected 1 days 00:00:00),micro
2025-02-18 00:00:00+00:00,MYM,gap,info_session_or_outage,gap of 4 days 00:00:00 (expected 1 days 00:00:00),micro
2025-02-24 00:00:00+00:00,MYM,gap,info_session_or_outage,gap of 3 days 00:00:00 (expected 1 days 00:00:00),micro
2025-03-03 00:00:00+00:00,MYM,gap,info_session_or_outage,gap of 3 days 00:00:00 (expected 1 days 00:00:00),micro
2025-03-10 00:00:00+00:00,MYM,gap,info_session_or_outage,gap of 3 days 00:00:00 (expected 1 days 00:00:00),micro
2025-03-17 00:00:00+00:00,MYM,gap,info_session_or_outage,gap of 3 days 00:00:00 (expected 1 days 00:00:00),micro
2025-03-24 00:00:00+00:00,MYM,gap,info_session_or_outage,gap of 3 days 00:00:00 (expected 1 days 00:00:00),micro
2025-03-31 00:00:00+00:00,MYM,gap,info_session_or_outage,gap of 3 days 00:00:00 (expected 1 days 00:00:00),micro
2025-04-07 00:00:00+00:00,MYM,gap,info_session_or_outage,gap of 3 days 00:00:00 (expected 1 days 00:00:00),micro
2025-04-14 00:00:00+00:00,MYM,gap,info_session_or_outage,gap of 3 days 00:00:00 (expected 1 days 00:00:00),micro
2025-04-21 00:00:00+00:00,MYM,gap,info_session_or_outage,gap of 4 days 00:00:00 (expected 1 days 00:00:00),micro
2025-04-28 00:00:00+00:00,MYM,gap,info_session_or_outage,gap of 3 days 00:00:00 (expected 1 days 00:00:00),micro
2025-05-05 00:00:00+00:00,MYM,gap,info_session_or_outage,gap of 3 days 00:00:00 (expected 1 days 00:00:00),micro
2025-05-12 00:00:00+00:00,MYM,gap,info_session_or_outage,gap of 3 days 00:00:00 (expected 1 days 00:00:00),micro
2025-05-19 00:00:00+00:00,MYM,gap,info_session_or_outage,gap of 3 days 00:00:00 (expected 1 days 00:00:00),micro
2025-05-27 00:00:00+00:00,MYM,gap,info_session_or_outage,gap of 4 days 00:00:00 (expected 1 days 00:00:00),micro
2025-06-02 00:00:00+00:00,MYM,gap,info_session_or_outage,gap of 3 days 00:00:00 (expected 1 days 00:00:00),micro
2025-06-09 00:00:00+00:00,MYM,gap,info_session_or_outage,gap of 3 days 00:00:00 (expected 1 days 00:00:00),micro
2025-06-16 00:00:00+00:00,MYM,gap,info_session_or_outage,gap of 3 days 00:00:00 (expected 1 days 00:00:00),micro
2025-06-20 00:00:00+00:00,MYM,gap,info_session_or_outage,gap of 2 days 00:00:00 (expected 1 days 00:00:00),micro
2025-06-23 00:00:00+00:00,MYM,gap,info_session_or_outage,gap of 3 days 00:00:00 (expected 1 days 00:00:00),micro
2025-06-30 00:00:00+00:00,MYM,gap,info_session_or_outage,gap of 3 days 00:00:00 (expected 1 days 00:00:00),micro
2025-07-07 00:00:00+00:00,MYM,gap,info_session_or_outage,gap of 3 days 00:00:00 (expected 1 days 00:00:00),micro
2025-07-14 00:00:00+00:00,MYM,gap,info_session_or_outage,gap of 3 days 00:00:00 (expected 1 days 00:00:00),micro
2025-07-21 00:00:00+00:00,MYM,gap,info_session_or_outage,gap of 3 days 00:00:00 (expected 1 days 00:00:00),micro
2025-07-28 00:00:00+00:00,MYM,gap,info_session_or_outage,gap of 3 days 00:00:00 (expected 1 days 00:00:00),micro
2025-08-04 00:00:00+00:00,MYM,gap,info_session_or_outage,gap of 3 days 00:00:00 (expected 1 days 00:00:00),micro
2025-08-11 00:00:00+00:00,MYM,gap,info_session_or_outage,gap of 3 days 00:00:00 (expected 1 days 00:00:00),micro
2025-08-18 00:00:00+00:00,MYM,gap,info_session_or_outage,gap of 3 days 00:00:00 (expected 1 days 00:00:00),micro
2025-08-25 00:00:00+00:00,MYM,gap,info_session_or_outage,gap of 3 days 00:00:00 (expected 1 days 00:00:00),micro
2025-09-02 00:00:00+00:00,MYM,gap,info_session_or_outage,gap of 4 days 00:00:00 (expected 1 days 00:00:00),micro
2025-09-08 00:00:00+00:00,MYM,gap,info_session_or_outage,gap of 3 days 00:00:00 (expected 1 days 00:00:00),micro
2025-09-15 00:00:00+00:00,MYM,gap,info_session_or_outage,gap of 3 days 00:00:00 (expected 1 days 00:00:00),micro
2025-09-22 00:00:00+00:00,MYM,gap,info_session_or_outage,gap of 3 days 00:00:00 (expected 1 days 00:00:00),micro
2025-09-29 00:00:00+00:00,MYM,gap,info_session_or_outage,gap of 3 days 00:00:00 (expected 1 days 00:00:00),micro
2025-10-06 00:00:00+00:00,MYM,gap,info_session_or_outage,gap of 3 days 00:00:00 (expected 1 days 00:00:00),micro
2025-10-13 00:00:00+00:00,MYM,gap,info_session_or_outage,gap of 3 days 00:00:00 (expected 1 days 00:00:00),micro
2025-10-20 00:00:00+00:00,MYM,gap,info_session_or_outage,gap of 3 days 00:00:00 (expected 1 days 00:00:00),micro
2025-10-27 00:00:00+00:00,MYM,gap,info_session_or_outage,gap of 3 days 00:00:00 (expected 1 days 00:00:00),micro
2025-11-03 00:00:00+00:00,MYM,gap,info_session_or_outage,gap of 3 days 00:00:00 (expected 1 days 00:00:00),micro
2025-11-10 00:00:00+00:00,MYM,gap,info_session_or_outage,gap of 3 days 00:00:00 (expected 1 days 00:00:00),micro
2025-11-17 00:00:00+00:00,MYM,gap,info_session_or_outage,gap of 3 days 00:00:00 (expected 1 days 00:00:00),micro
2025-11-24 00:00:00+00:00,MYM,gap,info_session_or_outage,gap of 3 days 00:00:00 (expected 1 days 00:00:00),micro
2025-11-28 00:00:00+00:00,MYM,gap,info_session_or_outage,gap of 2 days 00:00:00 (expected 1 days 00:00:00),micro
2025-12-01 00:00:00+00:00,MYM,gap,info_session_or_outage,gap of 3 days 00:00:00 (expected 1 days 00:00:00),micro
2025-12-08 00:00:00+00:00,MYM,gap,info_session_or_outage,gap of 3 days 00:00:00 (expected 1 days 00:00:00),micro
2025-12-15 00:00:00+00:00,MYM,gap,info_session_or_outage,gap of 3 days 00:00:00 (expected 1 days 00:00:00),micro
2025-12-22 00:00:00+00:00,MYM,gap,info_session_or_outage,gap of 3 days 00:00:00 (expected 1 days 00:00:00),micro
2025-12-26 00:00:00+00:00,MYM,gap,info_session_or_outage,gap of 2 days 00:00:00 (expected 1 days 00:00:00),micro
2025-12-29 00:00:00+00:00,MYM,gap,info_session_or_outage,gap of 3 days 00:00:00 (expected 1 days 00:00:00),micro
2026-01-02 00:00:00+00:00,MYM,gap,info_session_or_outage,gap of 2 days 00:00:00 (expected 1 days 00:00:00),micro
2026-01-05 00:00:00+00:00,MYM,gap,info_session_or_outage,gap of 3 days 00:00:00 (expected 1 days 00:00:00),micro
2026-01-12 00:00:00+00:00,MYM,gap,info_session_or_outage,gap of 3 days 00:00:00 (expected 1 days 00:00:00),micro
2026-01-20 00:00:00+00:00,MYM,gap,info_session_or_outage,gap of 4 days 00:00:00 (expected 1 days 00:00:00),micro
2026-01-26 00:00:00+00:00,MYM,gap,info_session_or_outage,gap of 3 days 00:00:00 (expected 1 days 00:00:00),micro
2026-02-02 00:00:00+00:00,MYM,gap,info_session_or_outage,gap of 3 days 00:00:00 (expected 1 days 00:00:00),micro
2026-02-09 00:00:00+00:00,MYM,gap,info_session_or_outage,gap of 3 days 00:00:00 (expected 1 days 00:00:00),micro
2026-02-17 00:00:00+00:00,MYM,gap,info_session_or_outage,gap of 4 days 00:00:00 (expected 1 days 00:00:00),micro
2026-02-23 00:00:00+00:00,MYM,gap,info_session_or_outage,gap of 3 days 00:00:00 (expected 1 days 00:00:00),micro
2026-03-02 00:00:00+00:00,MYM,gap,info_session_or_outage,gap of 3 days 00:00:00 (expected 1 days 00:00:00),micro
2026-03-09 00:00:00+00:00,MYM,gap,info_session_or_outage,gap of 3 days 00:00:00 (expected 1 days 00:00:00),micro
2026-03-16 00:00:00+00:00,MYM,gap,info_session_or_outage,gap of 3 days 00:00:00 (expected 1 days 00:00:00),micro
2026-03-23 00:00:00+00:00,MYM,gap,info_session_or_outage,gap of 3 days 00:00:00 (expected 1 days 00:00:00),micro
2026-03-30 00:00:00+00:00,MYM,gap,info_session_or_outage,gap of 3 days 00:00:00 (expected 1 days 00:00:00),micro
2026-04-06 00:00:00+00:00,MYM,gap,info_session_or_outage,gap of 4 days 00:00:00 (expected 1 days 00:00:00),micro
2026-04-13 00:00:00+00:00,MYM,gap,info_session_or_outage,gap of 3 days 00:00:00 (expected 1 days 00:00:00),micro
2026-04-20 00:00:00+00:00,MYM,gap,info_session_or_outage,gap of 3 days 00:00:00 (expected 1 days 00:00:00),micro
2026-04-27 00:00:00+00:00,MYM,gap,info_session_or_outage,gap of 3 days 00:00:00 (expected 1 days 00:00:00),micro
2026-05-04 00:00:00+00:00,MYM,gap,info_session_or_outage,gap of 3 days 00:00:00 (expected 1 days 00:00:00),micro
2026-05-11 00:00:00+00:00,MYM,gap,info_session_or_outage,gap of 3 days 00:00:00 (expected 1 days 00:00:00),micro
2026-05-18 00:00:00+00:00,MYM,gap,info_session_or_outage,gap of 3 days 00:00:00 (expected 1 days 00:00:00),micro
2026-05-26 00:00:00+00:00,MYM,gap,info_session_or_outage,gap of 4 days 00:00:00 (expected 1 days 00:00:00),micro
2026-06-01 00:00:00+00:00,MYM,gap,info_session_or_outage,gap of 3 days 00:00:00 (expected 1 days 00:00:00),micro
2026-06-08 00:00:00+00:00,MYM,gap,info_session_or_outage,gap of 3 days 00:00:00 (expected 1 days 00:00:00),micro
2026-06-15 00:00:00+00:00,MYM,gap,info_session_or_outage,gap of 3 days 00:00:00 (expected 1 days 00:00:00),micro
2026-06-22 00:00:00+00:00,MYM,gap,info_session_or_outage,gap of 4 days 00:00:00 (expected 1 days 00:00:00),micro
2026-06-29 00:00:00+00:00,MYM,gap,info_session_or_outage,gap of 3 days 00:00:00 (expected 1 days 00:00:00),micro
2026-07-06 00:00:00+00:00,MYM,gap,info_session_or_outage,gap of 4 days 00:00:00 (expected 1 days 00:00:00),micro
2026-07-13 00:00:00+00:00,MYM,gap,info_session_or_outage,gap of 3 days 00:00:00 (expected 1 days 00:00:00),micro
2026-07-20 00:00:00+00:00,MYM,gap,info_session_or_outage,gap of 3 days 00:00:00 (expected 1 days 00:00:00),micro
2026-07-27 00:00:00+00:00,MYM,gap,info_session_or_outage,gap of 3 days 00:00:00 (expected 1 days 00:00:00),micro
2020-03-16 00:00:00+00:00,MYM,abnormal_jump,warning,log-return -0.11949 beyond 15.0x MAD,micro
2010-01-11 00:00:00+00:00,ZT,gap,info_session_or_outage,gap of 3 days 00:00:00 (expected 1 days 00:00:00),treasury
2010-01-19 00:00:00+00:00,ZT,gap,info_session_or_outage,gap of 4 days 00:00:00 (expected 1 days 00:00:00),treasury
2010-01-25 00:00:00+00:00,ZT,gap,info_session_or_outage,gap of 3 days 00:00:00 (expected 1 days 00:00:00),treasury
2010-02-01 00:00:00+00:00,ZT,gap,info_session_or_outage,gap of 3 days 00:00:00 (expected 1 days 00:00:00),treasury
2010-02-08 00:00:00+00:00,ZT,gap,info_session_or_outage,gap of 3 days 00:00:00 (expected 1 days 00:00:00),treasury
2010-02-16 00:00:00+00:00,ZT,gap,info_session_or_outage,gap of 4 days 00:00:00 (expected 1 days 00:00:00),treasury
2010-02-22 00:00:00+00:00,ZT,gap,info_session_or_outage,gap of 3 days 00:00:00 (expected 1 days 00:00:00),treasury
2010-03-01 00:00:00+00:00,ZT,gap,info_session_or_outage,gap of 3 days 00:00:00 (expected 1 days 00:00:00),treasury
2010-03-08 00:00:00+00:00,ZT,gap,info_session_or_outage,gap of 3 days 00:00:00 (expected 1 days 00:00:00),treasury
2010-03-15 00:00:00+00:00,ZT,gap,info_session_or_outage,gap of 3 days 00:00:00 (expected 1 days 00:00:00),treasury
2010-03-22 00:00:00+00:00,ZT,gap,info_session_or_outage,gap of 3 days 00:00:00 (expected 1 days 00:00:00),treasury
2010-03-29 00:00:00+00:00,ZT,gap,info_session_or_outage,gap of 3 days 00:00:00 (expected 1 days 00:00:00),treasury
2010-04-05 00:00:00+00:00,ZT,gap,info_session_or_outage,gap of 4 days 00:00:00 (expected 1 days 00:00:00),treasury
2010-04-12 00:00:00+00:00,ZT,gap,info_session_or_outage,gap of 3 days 00:00:00 (expected 1 days 00:00:00),treasury
2010-04-19 00:00:00+00:00,ZT,gap,info_session_or_outage,gap of 3 days 00:00:00 (expected 1 days 00:00:00),treasury
2010-04-26 00:00:00+00:00,ZT,gap,info_session_or_outage,gap of 3 days 00:00:00 (expected 1 days 00:00:00),treasury
2010-05-03 00:00:00+00:00,ZT,gap,info_session_or_outage,gap of 3 days 00:00:00 (expected 1 days 00:00:00),treasury
2010-05-10 00:00:00+00:00,ZT,gap,info_session_or_outage,gap of 3 days 00:00:00 (expected 1 days 00:00:00),treasury
2010-05-17 00:00:00+00:00,ZT,gap,info_session_or_outage,gap of 3 days 00:00:00 (expected 1 days 00:00:00),treasury
2010-05-24 00:00:00+00:00,ZT,gap,info_session_or_outage,gap of 3 days 00:00:00 (expected 1 days 00:00:00),treasury
2010-06-01 00:00:00+00:00,ZT,gap,info_session_or_outage,gap of 4 days 00:00:00 (expected 1 days 00:00:00),treasury
2010-06-07 00:00:00+00:00,ZT,gap,info_session_or_outage,gap of 3 days 00:00:00 (expected 1 days 00:00:00),treasury
2010-06-14 00:00:00+00:00,ZT,gap,info_session_or_outage,gap of 3 days 00:00:00 (expected 1 days 00:00:00),treasury
2010-06-21 00:00:00+00:00,ZT,gap,info_session_or_outage,gap of 3 days 00:00:00 (expected 1 days 00:00:00),treasury
2010-06-28 00:00:00+00:00,ZT,gap,info_session_or_outage,gap of 3 days 00:00:00 (expected 1 days 00:00:00),treasury
2010-07-06 00:00:00+00:00,ZT,gap,info_session_or_outage,gap of 4 days 00:00:00 (expected 1 days 00:00:00),treasury
2010-07-12 00:00:00+00:00,ZT,gap,info_session_or_outage,gap of 3 days 00:00:00 (expected 1 days 00:00:00),treasury
2010-07-19 00:00:00+00:00,ZT,gap,info_session_or_outage,gap of 3 days 00:00:00 (expected 1 days 00:00:00),treasury
2010-07-26 00:00:00+00:00,ZT,gap,info_session_or_outage,gap of 3 days 00:00:00 (expected 1 days 00:00:00),treasury
2010-08-02 00:00:00+00:00,ZT,gap,info_session_or_outage,gap of 3 days 00:00:00 (expected 1 days 00:00:00),treasury
2010-08-09 00:00:00+00:00,ZT,gap,info_session_or_outage,gap of 3 days 00:00:00 (expected 1 days 00:00:00),treasury
2010-08-16 00:00:00+00:00,ZT,gap,info_session_or_outage,gap of 3 days 00:00:00 (expected 1 days 00:00:00),treasury
2010-08-23 00:00:00+00:00,ZT,gap,info_session_or_outage,gap of 3 days 00:00:00 (expected 1 days 00:00:00),treasury
2010-08-30 00:00:00+00:00,ZT,gap,info_session_or_outage,gap of 3 days 00:00:00 (expected 1 days 00:00:00),treasury
2010-09-07 00:00:00+00:00,ZT,gap,info_session_or_outage,gap of 4 days 00:00:00 (expected 1 days 00:00:00),treasury
2010-09-13 00:00:00+00:00,ZT,gap,info_session_or_outage,gap of 3 days 00:00:00 (expected 1 days 00:00:00),treasury
2010-09-20 00:00:00+00:00,ZT,gap,info_session_or_outage,gap of 3 days 00:00:00 (expected 1 days 00:00:00),treasury
2010-09-27 00:00:00+00:00,ZT,gap,info_session_or_outage,gap of 3 days 00:00:00 (expected 1 days 00:00:00),treasury
2010-10-04 00:00:00+00:00,ZT,gap,info_session_or_outage,gap of 3 days 00:00:00 (expected 1 days 00:00:00),treasury
2010-10-11 00:00:00+00:00,ZT,gap,info_session_or_outage,gap of 3 days 00:00:00 (expected 1 days 00:00:00),treasury
2010-10-18 00:00:00+00:00,ZT,gap,info_session_or_outage,gap of 3 days 00:00:00 (expected 1 days 00:00:00),treasury
2010-10-25 00:00:00+00:00,ZT,gap,info_session_or_outage,gap of 3 days 00:00:00 (expected 1 days 00:00:00),treasury
2010-11-01 00:00:00+00:00,ZT,gap,info_session_or_outage,gap of 3 days 00:00:00 (expected 1 days 00:00:00),treasury
2010-11-08 00:00:00+00:00,ZT,gap,info_session_or_outage,gap of 3 days 00:00:00 (expected 1 days 00:00:00),treasury
2010-11-15 00:00:00+00:00,ZT,gap,info_session_or_outage,gap of 3 days 00:00:00 (expected 1 days 00:00:00),treasury
2010-11-22 00:00:00+00:00,ZT,gap,info_session_or_outage,gap of 3 days 00:00:00 (expected 1 days 00:00:00),treasury
2010-11-26 00:00:00+00:00,ZT,gap,info_session_or_outage,gap of 2 days 00:00:00 (expected 1 days 00:00:00),treasury
2010-11-29 00:00:00+00:00,ZT,gap,info_session_or_outage,gap of 3 days 00:00:00 (expected 1 days 00:00:00),treasury
2010-12-06 00:00:00+00:00,ZT,gap,info_session_or_outage,gap of 3 days 00:00:00 (expected 1 days 00:00:00),treasury
2010-12-13 00:00:00+00:00,ZT,gap,info_session_or_outage,gap of 3 days 00:00:00 (expected 1 days 00:00:00),treasury
2010-12-20 00:00:00+00:00,ZT,gap,info_session_or_outage,gap of 3 days 00:00:00 (expected 1 days 00:00:00),treasury
2010-12-27 00:00:00+00:00,ZT,gap,info_session_or_outage,gap of 4 days 00:00:00 (expected 1 days 00:00:00),treasury
2011-01-03 00:00:00+00:00,ZT,gap,info_session_or_outage,gap of 3 days 00:00:00 (expected 1 days 00:00:00),treasury
2011-01-10 00:00:00+00:00,ZT,gap,info_session_or_outage,gap of 3 days 00:00:00 (expected 1 days 00:00:00),treasury
2011-01-18 00:00:00+00:00,ZT,gap,info_session_or_outage,gap of 4 days 00:00:00 (expected 1 days 00:00:00),treasury
2011-01-24 00:00:00+00:00,ZT,gap,info_session_or_outage,gap of 3 days 00:00:00 (expected 1 days 00:00:00),treasury
2011-01-31 00:00:00+00:00,ZT,gap,info_session_or_outage,gap of 3 days 00:00:00 (expected 1 days 00:00:00),treasury
2011-02-07 00:00:00+00:00,ZT,gap,info_session_or_outage,gap of 3 days 00:00:00 (expected 1 days 00:00:00),treasury
2011-02-14 00:00:00+00:00,ZT,gap,info_session_or_outage,gap of 3 days 00:00:00 (expected 1 days 00:00:00),treasury
2011-02-22 00:00:00+00:00,ZT,gap,info_session_or_outage,gap of 4 days 00:00:00 (expected 1 days 00:00:00),treasury
2011-02-28 00:00:00+00:00,ZT,gap,info_session_or_outage,gap of 3 days 00:00:00 (expected 1 days 00:00:00),treasury
2011-03-07 00:00:00+00:00,ZT,gap,info_session_or_outage,gap of 3 days 00:00:00 (expected 1 days 00:00:00),treasury
2011-03-14 00:00:00+00:00,ZT,gap,info_session_or_outage,gap of 3 days 00:00:00 (expected 1 days 00:00:00),treasury
2011-03-21 00:00:00+00:00,ZT,gap,info_session_or_outage,gap of 3 days 00:00:00 (expected 1 days 00:00:00),treasury
2011-03-28 00:00:00+00:00,ZT,gap,info_session_or_outage,gap of 3 days 00:00:00 (expected 1 days 00:00:00),treasury
2011-04-04 00:00:00+00:00,ZT,gap,info_session_or_outage,gap of 3 days 00:00:00 (expected 1 days 00:00:00),treasury
2011-04-11 00:00:00+00:00,ZT,gap,info_session_or_outage,gap of 3 days 00:00:00 (expected 1 days 00:00:00),treasury
2011-04-18 00:00:00+00:00,ZT,gap,info_session_or_outage,gap of 3 days 00:00:00 (expected 1 days 00:00:00),treasury
2011-04-25 00:00:00+00:00,ZT,gap,info_session_or_outage,gap of 4 days 00:00:00 (expected 1 days 00:00:00),treasury
2011-05-02 00:00:00+00:00,ZT,gap,info_session_or_outage,gap of 3 days 00:00:00 (expected 1 days 00:00:00),treasury
2011-05-09 00:00:00+00:00,ZT,gap,info_session_or_outage,gap of 3 days 00:00:00 (expected 1 days 00:00:00),treasury
2011-05-16 00:00:00+00:00,ZT,gap,info_session_or_outage,gap of 3 days 00:00:00 (expected 1 days 00:00:00),treasury
2011-05-23 00:00:00+00:00,ZT,gap,info_session_or_outage,gap of 3 days 00:00:00 (expected 1 days 00:00:00),treasury
2011-05-31 00:00:00+00:00,ZT,gap,info_session_or_outage,gap of 4 days 00:00:00 (expected 1 days 00:00:00),treasury
2011-06-06 00:00:00+00:00,ZT,gap,info_session_or_outage,gap of 3 days 00:00:00 (expected 1 days 00:00:00),treasury
2011-06-13 00:00:00+00:00,ZT,gap,info_session_or_outage,gap of 3 days 00:00:00 (expected 1 days 00:00:00),treasury
2011-06-20 00:00:00+00:00,ZT,gap,info_session_or_outage,gap of 3 days 00:00:00 (expected 1 days 00:00:00),treasury
2011-06-27 00:00:00+00:00,ZT,gap,info_session_or_outage,gap of 3 days 00:00:00 (expected 1 days 00:00:00),treasury
2011-07-05 00:00:00+00:00,ZT,gap,info_session_or_outage,gap of 4 days 00:00:00 (expected 1 days 00:00:00),treasury
2011-07-11 00:00:00+00:00,ZT,gap,info_session_or_outage,gap of 3 days 00:00:00 (expected 1 days 00:00:00),treasury
2011-07-18 00:00:00+00:00,ZT,gap,info_session_or_outage,gap of 3 days 00:00:00 (expected 1 days 00:00:00),treasury
2011-07-25 00:00:00+00:00,ZT,gap,info_session_or_outage,gap of 3 days 00:00:00 (expected 1 days 00:00:00),treasury
2011-08-01 00:00:00+00:00,ZT,gap,info_session_or_outage,gap of 3 days 00:00:00 (expected 1 days 00:00:00),treasury
2011-08-08 00:00:00+00:00,ZT,gap,info_session_or_outage,gap of 3 days 00:00:00 (expected 1 days 00:00:00),treasury
2011-08-15 00:00:00+00:00,ZT,gap,info_session_or_outage,gap of 3 days 00:00:00 (expected 1 days 00:00:00),treasury
2011-08-22 00:00:00+00:00,ZT,gap,info_session_or_outage,gap of 3 days 00:00:00 (expected 1 days 00:00:00),treasury
2011-08-29 00:00:00+00:00,ZT,gap,info_session_or_outage,gap of 3 days 00:00:00 (expected 1 days 00:00:00),treasury
2011-09-06 00:00:00+00:00,ZT,gap,info_session_or_outage,gap of 4 days 00:00:00 (expected 1 days 00:00:00),treasury
2011-09-12 00:00:00+00:00,ZT,gap,info_session_or_outage,gap of 3 days 00:00:00 (expected 1 days 00:00:00),treasury
2011-09-19 00:00:00+00:00,ZT,gap,info_session_or_outage,gap of 3 days 00:00:00 (expected 1 days 00:00:00),treasury
2011-09-26 00:00:00+00:00,ZT,gap,info_session_or_outage,gap of 3 days 00:00:00 (expected 1 days 00:00:00),treasury
2011-10-03 00:00:00+00:00,ZT,gap,info_session_or_outage,gap of 3 days 00:00:00 (expected 1 days 00:00:00),treasury
2011-10-10 00:00:00+00:00,ZT,gap,info_session_or_outage,gap of 3 days 00:00:00 (expected 1 days 00:00:00),treasury
2011-10-17 00:00:00+00:00,ZT,gap,info_session_or_outage,gap of 3 days 00:00:00 (expected 1 days 00:00:00),treasury
2011-10-24 00:00:00+00:00,ZT,gap,info_session_or_outage,gap of 3 days 00:00:00 (expected 1 days 00:00:00),treasury
2011-10-31 00:00:00+00:00,ZT,gap,info_session_or_outage,gap of 3 days 00:00:00 (expected 1 days 00:00:00),treasury
2011-11-07 00:00:00+00:00,ZT,gap,info_session_or_outage,gap of 3 days 00:00:00 (expected 1 days 00:00:00),treasury
2011-11-14 00:00:00+00:00,ZT,gap,info_session_or_outage,gap of 3 days 00:00:00 (expected 1 days 00:00:00),treasury
2011-11-21 00:00:00+00:00,ZT,gap,info_session_or_outage,gap of 3 days 00:00:00 (expected 1 days 00:00:00),treasury
2011-11-25 00:00:00+00:00,ZT,gap,info_session_or_outage,gap of 2 days 00:00:00 (expected 1 days 00:00:00),treasury
2011-11-28 00:00:00+00:00,ZT,gap,info_session_or_outage,gap of 3 days 00:00:00 (expected 1 days 00:00:00),treasury
2011-12-05 00:00:00+00:00,ZT,gap,info_session_or_outage,gap of 3 days 00:00:00 (expected 1 days 00:00:00),treasury
2011-12-12 00:00:00+00:00,ZT,gap,info_session_or_outage,gap of 3 days 00:00:00 (expected 1 days 00:00:00),treasury
2011-12-19 00:00:00+00:00,ZT,gap,info_session_or_outage,gap of 3 days 00:00:00 (expected 1 days 00:00:00),treasury
2011-12-27 00:00:00+00:00,ZT,gap,info_session_or_outage,gap of 4 days 00:00:00 (expected 1 days 00:00:00),treasury
2012-01-03 00:00:00+00:00,ZT,gap,info_session_or_outage,gap of 4 days 00:00:00 (expected 1 days 00:00:00),treasury
2012-01-09 00:00:00+00:00,ZT,gap,info_session_or_outage,gap of 3 days 00:00:00 (expected 1 days 00:00:00),treasury
2012-01-17 00:00:00+00:00,ZT,gap,info_session_or_outage,gap of 4 days 00:00:00 (expected 1 days 00:00:00),treasury
2012-01-23 00:00:00+00:00,ZT,gap,info_session_or_outage,gap of 3 days 00:00:00 (expected 1 days 00:00:00),treasury
2012-01-30 00:00:00+00:00,ZT,gap,info_session_or_outage,gap of 3 days 00:00:00 (expected 1 days 00:00:00),treasury
2012-02-06 00:00:00+00:00,ZT,gap,info_session_or_outage,gap of 3 days 00:00:00 (expected 1 days 00:00:00),treasury
2012-02-13 00:00:00+00:00,ZT,gap,info_session_or_outage,gap of 3 days 00:00:00 (expected 1 days 00:00:00),treasury
2012-02-21 00:00:00+00:00,ZT,gap,info_session_or_outage,gap of 4 days 00:00:00 (expected 1 days 00:00:00),treasury
2012-02-27 00:00:00+00:00,ZT,gap,info_session_or_outage,gap of 3 days 00:00:00 (expected 1 days 00:00:00),treasury
2012-03-05 00:00:00+00:00,ZT,gap,info_session_or_outage,gap of 3 days 00:00:00 (expected 1 days 00:00:00),treasury
2012-03-12 00:00:00+00:00,ZT,gap,info_session_or_outage,gap of 3 days 00:00:00 (expected 1 days 00:00:00),treasury
2012-03-19 00:00:00+00:00,ZT,gap,info_session_or_outage,gap of 3 days 00:00:00 (expected 1 days 00:00:00),treasury
2012-03-26 00:00:00+00:00,ZT,gap,info_session_or_outage,gap of 3 days 00:00:00 (expected 1 days 00:00:00),treasury
2012-04-02 00:00:00+00:00,ZT,gap,info_session_or_outage,gap of 3 days 00:00:00 (expected 1 days 00:00:00),treasury
2012-04-09 00:00:00+00:00,ZT,gap,info_session_or_outage,gap of 4 days 00:00:00 (expected 1 days 00:00:00),treasury
2012-04-16 00:00:00+00:00,ZT,gap,info_session_or_outage,gap of 3 days 00:00:00 (expected 1 days 00:00:00),treasury
2012-04-23 00:00:00+00:00,ZT,gap,info_session_or_outage,gap of 3 days 00:00:00 (expected 1 days 00:00:00),treasury
2012-04-30 00:00:00+00:00,ZT,gap,info_session_or_outage,gap of 3 days 00:00:00 (expected 1 days 00:00:00),treasury
2012-05-07 00:00:00+00:00,ZT,gap,info_session_or_outage,gap of 3 days 00:00:00 (expected 1 days 00:00:00),treasury
2012-05-14 00:00:00+00:00,ZT,gap,info_session_or_outage,gap of 3 days 00:00:00 (expected 1 days 00:00:00),treasury
2012-05-21 00:00:00+00:00,ZT,gap,info_session_or_outage,gap of 3 days 00:00:00 (expected 1 days 00:00:00),treasury
2012-05-29 00:00:00+00:00,ZT,gap,info_session_or_outage,gap of 4 days 00:00:00 (expected 1 days 00:00:00),treasury
2012-06-04 00:00:00+00:00,ZT,gap,info_session_or_outage,gap of 3 days 00:00:00 (expected 1 days 00:00:00),treasury
2012-06-11 00:00:00+00:00,ZT,gap,info_session_or_outage,gap of 3 days 00:00:00 (expected 1 days 00:00:00),treasury
2012-06-18 00:00:00+00:00,ZT,gap,info_session_or_outage,gap of 3 days 00:00:00 (expected 1 days 00:00:00),treasury
2012-06-25 00:00:00+00:00,ZT,gap,info_session_or_outage,gap of 3 days 00:00:00 (expected 1 days 00:00:00),treasury
2012-07-02 00:00:00+00:00,ZT,gap,info_session_or_outage,gap of 3 days 00:00:00 (expected 1 days 00:00:00),treasury
2012-07-05 00:00:00+00:00,ZT,gap,info_session_or_outage,gap of 2 days 00:00:00 (expected 1 days 00:00:00),treasury
2012-07-09 00:00:00+00:00,ZT,gap,info_session_or_outage,gap of 3 days 00:00:00 (expected 1 days 00:00:00),treasury
2012-07-16 00:00:00+00:00,ZT,gap,info_session_or_outage,gap of 3 days 00:00:00 (expected 1 days 00:00:00),treasury
2012-07-23 00:00:00+00:00,ZT,gap,info_session_or_outage,gap of 3 days 00:00:00 (expected 1 days 00:00:00),treasury
2012-07-30 00:00:00+00:00,ZT,gap,info_session_or_outage,gap of 3 days 00:00:00 (expected 1 days 00:00:00),treasury
2012-08-06 00:00:00+00:00,ZT,gap,info_session_or_outage,gap of 3 days 00:00:00 (expected 1 days 00:00:00),treasury
2012-08-13 00:00:00+00:00,ZT,gap,info_session_or_outage,gap of 3 days 00:00:00 (expected 1 days 00:00:00),treasury
2012-08-20 00:00:00+00:00,ZT,gap,info_session_or_outage,gap of 3 days 00:00:00 (expected 1 days 00:00:00),treasury
2012-08-27 00:00:00+00:00,ZT,gap,info_session_or_outage,gap of 3 days 00:00:00 (expected 1 days 00:00:00),treasury
2012-09-04 00:00:00+00:00,ZT,gap,info_session_or_outage,gap of 4 days 00:00:00 (expected 1 days 00:00:00),treasury
2012-09-10 00:00:00+00:00,ZT,gap,info_session_or_outage,gap of 3 days 00:00:00 (expected 1 days 00:00:00),treasury
2012-09-17 00:00:00+00:00,ZT,gap,info_session_or_outage,gap of 3 days 00:00:00 (expected 1 days 00:00:00),treasury
2012-09-24 00:00:00+00:00,ZT,gap,info_session_or_outage,gap of 3 days 00:00:00 (expected 1 days 00:00:00),treasury
2012-10-01 00:00:00+00:00,ZT,gap,info_session_or_outage,gap of 3 days 00:00:00 (expected 1 days 00:00:00),treasury
2012-10-08 00:00:00+00:00,ZT,gap,info_session_or_outage,gap of 3 days 00:00:00 (expected 1 days 00:00:00),treasury
2012-10-15 00:00:00+00:00,ZT,gap,info_session_or_outage,gap of 3 days 00:00:00 (expected 1 days 00:00:00),treasury
2012-10-22 00:00:00+00:00,ZT,gap,info_session_or_outage,gap of 3 days 00:00:00 (expected 1 days 00:00:00),treasury
2012-10-31 00:00:00+00:00,ZT,gap,info_session_or_outage,gap of 5 days 00:00:00 (expected 1 days 00:00:00),treasury
2012-11-05 00:00:00+00:00,ZT,gap,info_session_or_outage,gap of 3 days 00:00:00 (expected 1 days 00:00:00),treasury
2012-11-12 00:00:00+00:00,ZT,gap,info_session_or_outage,gap of 3 days 00:00:00 (expected 1 days 00:00:00),treasury
2012-11-19 00:00:00+00:00,ZT,gap,info_session_or_outage,gap of 3 days 00:00:00 (expected 1 days 00:00:00),treasury
2012-11-23 00:00:00+00:00,ZT,gap,info_session_or_outage,gap of 2 days 00:00:00 (expected 1 days 00:00:00),treasury
2012-11-26 00:00:00+00:00,ZT,gap,info_session_or_outage,gap of 3 days 00:00:00 (expected 1 days 00:00:00),treasury
2012-12-03 00:00:00+00:00,ZT,gap,info_session_or_outage,gap of 3 days 00:00:00 (expected 1 days 00:00:00),treasury
2012-12-10 00:00:00+00:00,ZT,gap,info_session_or_outage,gap of 3 days 00:00:00 (expected 1 days 00:00:00),treasury
2012-12-17 00:00:00+00:00,ZT,gap,info_session_or_outage,gap of 3 days 00:00:00 (expected 1 days 00:00:00),treasury
2012-12-24 00:00:00+00:00,ZT,gap,info_session_or_outage,gap of 3 days 00:00:00 (expected 1 days 00:00:00),treasury
2012-12-26 00:00:00+00:00,ZT,gap,info_session_or_outage,gap of 2 days 00:00:00 (expected 1 days 00:00:00),treasury
2012-12-31 00:00:00+00:00,ZT,gap,info_session_or_outage,gap of 3 days 00:00:00 (expected 1 days 00:00:00),treasury
2013-01-02 00:00:00+00:00,ZT,gap,info_session_or_outage,gap of 2 days 00:00:00 (expected 1 days 00:00:00),treasury
2013-01-07 00:00:00+00:00,ZT,gap,info_session_or_outage,gap of 3 days 00:00:00 (expected 1 days 00:00:00),treasury
2013-01-14 00:00:00+00:00,ZT,gap,info_session_or_outage,gap of 3 days 00:00:00 (expected 1 days 00:00:00),treasury
2013-01-22 00:00:00+00:00,ZT,gap,info_session_or_outage,gap of 4 days 00:00:00 (expected 1 days 00:00:00),treasury
2013-01-28 00:00:00+00:00,ZT,gap,info_session_or_outage,gap of 3 days 00:00:00 (expected 1 days 00:00:00),treasury
2013-02-04 00:00:00+00:00,ZT,gap,info_session_or_outage,gap of 3 days 00:00:00 (expected 1 days 00:00:00),treasury
2013-02-11 00:00:00+00:00,ZT,gap,info_session_or_outage,gap of 3 days 00:00:00 (expected 1 days 00:00:00),treasury
2013-02-19 00:00:00+00:00,ZT,gap,info_session_or_outage,gap of 4 days 00:00:00 (expected 1 days 00:00:00),treasury
2013-02-25 00:00:00+00:00,ZT,gap,info_session_or_outage,gap of 3 days 00:00:00 (expected 1 days 00:00:00),treasury
2013-03-04 00:00:00+00:00,ZT,gap,info_session_or_outage,gap of 3 days 00:00:00 (expected 1 days 00:00:00),treasury
2013-03-11 00:00:00+00:00,ZT,gap,info_session_or_outage,gap of 3 days 00:00:00 (expected 1 days 00:00:00),treasury
2013-03-18 00:00:00+00:00,ZT,gap,info_session_or_outage,gap of 3 days 00:00:00 (expected 1 days 00:00:00),treasury
2013-03-25 00:00:00+00:00,ZT,gap,info_session_or_outage,gap of 3 days 00:00:00 (expected 1 days 00:00:00),treasury
2013-04-01 00:00:00+00:00,ZT,gap,info_session_or_outage,gap of 4 days 00:00:00 (expected 1 days 00:00:00),treasury
2013-04-08 00:00:00+00:00,ZT,gap,info_session_or_outage,gap of 3 days 00:00:00 (expected 1 days 00:00:00),treasury
2013-04-15 00:00:00+00:00,ZT,gap,info_session_or_outage,gap of 3 days 00:00:00 (expected 1 days 00:00:00),treasury
2013-04-22 00:00:00+00:00,ZT,gap,info_session_or_outage,gap of 3 days 00:00:00 (expected 1 days 00:00:00),treasury
2013-04-29 00:00:00+00:00,ZT,gap,info_session_or_outage,gap of 3 days 00:00:00 (expected 1 days 00:00:00),treasury
2013-05-06 00:00:00+00:00,ZT,gap,info_session_or_outage,gap of 3 days 00:00:00 (expected 1 days 00:00:00),treasury
2013-05-13 00:00:00+00:00,ZT,gap,info_session_or_outage,gap of 3 days 00:00:00 (expected 1 days 00:00:00),treasury
2013-05-20 00:00:00+00:00,ZT,gap,info_session_or_outage,gap of 3 days 00:00:00 (expected 1 days 00:00:00),treasury
2013-05-28 00:00:00+00:00,ZT,gap,info_session_or_outage,gap of 4 days 00:00:00 (expected 1 days 00:00:00),treasury
2013-06-03 00:00:00+00:00,ZT,gap,info_session_or_outage,gap of 3 days 00:00:00 (expected 1 days 00:00:00),treasury
2013-06-10 00:00:00+00:00,ZT,gap,info_session_or_outage,gap of 3 days 00:00:00 (expected 1 days 00:00:00),treasury
2013-06-17 00:00:00+00:00,ZT,gap,info_session_or_outage,gap of 3 days 00:00:00 (expected 1 days 00:00:00),treasury
2013-06-24 00:00:00+00:00,ZT,gap,info_session_or_outage,gap of 3 days 00:00:00 (expected 1 days 00:00:00),treasury
2013-07-01 00:00:00+00:00,ZT,gap,info_session_or_outage,gap of 3 days 00:00:00 (expected 1 days 00:00:00),treasury
2013-07-05 00:00:00+00:00,ZT,gap,info_session_or_outage,gap of 2 days 00:00:00 (expected 1 days 00:00:00),treasury
2013-07-08 00:00:00+00:00,ZT,gap,info_session_or_outage,gap of 3 days 00:00:00 (expected 1 days 00:00:00),treasury
2013-07-15 00:00:00+00:00,ZT,gap,info_session_or_outage,gap of 3 days 00:00:00 (expected 1 days 00:00:00),treasury
2013-07-22 00:00:00+00:00,ZT,gap,info_session_or_outage,gap of 3 days 00:00:00 (expected 1 days 00:00:00),treasury
2013-07-29 00:00:00+00:00,ZT,gap,info_session_or_outage,gap of 3 days 00:00:00 (expected 1 days 00:00:00),treasury
2013-08-05 00:00:00+00:00,ZT,gap,info_session_or_outage,gap of 3 days 00:00:00 (expected 1 days 00:00:00),treasury
2013-08-12 00:00:00+00:00,ZT,gap,info_session_or_outage,gap of 3 days 00:00:00 (expected 1 days 00:00:00),treasury
2013-08-19 00:00:00+00:00,ZT,gap,info_session_or_outage,gap of 3 days 00:00:00 (expected 1 days 00:00:00),treasury
2013-08-26 00:00:00+00:00,ZT,gap,info_session_or_outage,gap of 3 days 00:00:00 (expected 1 days 00:00:00),treasury
2013-09-03 00:00:00+00:00,ZT,gap,info_session_or_outage,gap of 4 days 00:00:00 (expected 1 days 00:00:00),treasury
2013-09-09 00:00:00+00:00,ZT,gap,info_session_or_outage,gap of 3 days 00:00:00 (expected 1 days 00:00:00),treasury
2013-09-16 00:00:00+00:00,ZT,gap,info_session_or_outage,gap of 3 days 00:00:00 (expected 1 days 00:00:00),treasury
2013-09-23 00:00:00+00:00,ZT,gap,info_session_or_outage,gap of 3 days 00:00:00 (expected 1 days 00:00:00),treasury
2013-09-30 00:00:00+00:00,ZT,gap,info_session_or_outage,gap of 3 days 00:00:00 (expected 1 days 00:00:00),treasury
2013-10-07 00:00:00+00:00,ZT,gap,info_session_or_outage,gap of 3 days 00:00:00 (expected 1 days 00:00:00),treasury
2013-10-14 00:00:00+00:00,ZT,gap,info_session_or_outage,gap of 3 days 00:00:00 (expected 1 days 00:00:00),treasury
2013-10-21 00:00:00+00:00,ZT,gap,info_session_or_outage,gap of 3 days 00:00:00 (expected 1 days 00:00:00),treasury
2013-10-28 00:00:00+00:00,ZT,gap,info_session_or_outage,gap of 3 days 00:00:00 (expected 1 days 00:00:00),treasury
2013-11-04 00:00:00+00:00,ZT,gap,info_session_or_outage,gap of 3 days 00:00:00 (expected 1 days 00:00:00),treasury
2013-11-11 00:00:00+00:00,ZT,gap,info_session_or_outage,gap of 3 days 00:00:00 (expected 1 days 00:00:00),treasury
2013-11-18 00:00:00+00:00,ZT,gap,info_session_or_outage,gap of 3 days 00:00:00 (expected 1 days 00:00:00),treasury
2013-11-25 00:00:00+00:00,ZT,gap,info_session_or_outage,gap of 3 days 00:00:00 (expected 1 days 00:00:00),treasury
2013-11-29 00:00:00+00:00,ZT,gap,info_session_or_outage,gap of 2 days 00:00:00 (expected 1 days 00:00:00),treasury
2013-12-02 00:00:00+00:00,ZT,gap,info_session_or_outage,gap of 3 days 00:00:00 (expected 1 days 00:00:00),treasury
2013-12-09 00:00:00+00:00,ZT,gap,info_session_or_outage,gap of 3 days 00:00:00 (expected 1 days 00:00:00),treasury
2013-12-16 00:00:00+00:00,ZT,gap,info_session_or_outage,gap of 3 days 00:00:00 (expected 1 days 00:00:00),treasury
2013-12-23 00:00:00+00:00,ZT,gap,info_session_or_outage,gap of 3 days 00:00:00 (expected 1 days 00:00:00),treasury
2013-12-26 00:00:00+00:00,ZT,gap,info_session_or_outage,gap of 2 days 00:00:00 (expected 1 days 00:00:00),treasury
2013-12-30 00:00:00+00:00,ZT,gap,info_session_or_outage,gap of 3 days 00:00:00 (expected 1 days 00:00:00),treasury
2014-01-02 00:00:00+00:00,ZT,gap,info_session_or_outage,gap of 2 days 00:00:00 (expected 1 days 00:00:00),treasury
2014-01-06 00:00:00+00:00,ZT,gap,info_session_or_outage,gap of 3 days 00:00:00 (expected 1 days 00:00:00),treasury
2014-01-13 00:00:00+00:00,ZT,gap,info_session_or_outage,gap of 3 days 00:00:00 (expected 1 days 00:00:00),treasury
2014-01-21 00:00:00+00:00,ZT,gap,info_session_or_outage,gap of 4 days 00:00:00 (expected 1 days 00:00:00),treasury
2014-01-27 00:00:00+00:00,ZT,gap,info_session_or_outage,gap of 3 days 00:00:00 (expected 1 days 00:00:00),treasury
2014-02-03 00:00:00+00:00,ZT,gap,info_session_or_outage,gap of 3 days 00:00:00 (expected 1 days 00:00:00),treasury
2014-02-10 00:00:00+00:00,ZT,gap,info_session_or_outage,gap of 3 days 00:00:00 (expected 1 days 00:00:00),treasury
2014-02-18 00:00:00+00:00,ZT,gap,info_session_or_outage,gap of 4 days 00:00:00 (expected 1 days 00:00:00),treasury
2014-02-24 00:00:00+00:00,ZT,gap,info_session_or_outage,gap of 3 days 00:00:00 (expected 1 days 00:00:00),treasury
2014-03-03 00:00:00+00:00,ZT,gap,info_session_or_outage,gap of 3 days 00:00:00 (expected 1 days 00:00:00),treasury
2014-03-10 00:00:00+00:00,ZT,gap,info_session_or_outage,gap of 3 days 00:00:00 (expected 1 days 00:00:00),treasury
2014-03-17 00:00:00+00:00,ZT,gap,info_session_or_outage,gap of 3 days 00:00:00 (expected 1 days 00:00:00),treasury
2014-03-24 00:00:00+00:00,ZT,gap,info_session_or_outage,gap of 3 days 00:00:00 (expected 1 days 00:00:00),treasury
2014-03-31 00:00:00+00:00,ZT,gap,info_session_or_outage,gap of 3 days 00:00:00 (expected 1 days 00:00:00),treasury
2014-04-07 00:00:00+00:00,ZT,gap,info_session_or_outage,gap of 3 days 00:00:00 (expected 1 days 00:00:00),treasury
2014-04-14 00:00:00+00:00,ZT,gap,info_session_or_outage,gap of 3 days 00:00:00 (expected 1 days 00:00:00),treasury
2014-04-21 00:00:00+00:00,ZT,gap,info_session_or_outage,gap of 4 days 00:00:00 (expected 1 days 00:00:00),treasury
2014-04-28 00:00:00+00:00,ZT,gap,info_session_or_outage,gap of 3 days 00:00:00 (expected 1 days 00:00:00),treasury
2014-05-05 00:00:00+00:00,ZT,gap,info_session_or_outage,gap of 3 days 00:00:00 (expected 1 days 00:00:00),treasury
2014-05-12 00:00:00+00:00,ZT,gap,info_session_or_outage,gap of 3 days 00:00:00 (expected 1 days 00:00:00),treasury
2014-05-19 00:00:00+00:00,ZT,gap,info_session_or_outage,gap of 3 days 00:00:00 (expected 1 days 00:00:00),treasury
2014-05-27 00:00:00+00:00,ZT,gap,info_session_or_outage,gap of 4 days 00:00:00 (expected 1 days 00:00:00),treasury
2014-06-02 00:00:00+00:00,ZT,gap,info_session_or_outage,gap of 3 days 00:00:00 (expected 1 days 00:00:00),treasury
2014-06-09 00:00:00+00:00,ZT,gap,info_session_or_outage,gap of 3 days 00:00:00 (expected 1 days 00:00:00),treasury
2014-06-16 00:00:00+00:00,ZT,gap,info_session_or_outage,gap of 3 days 00:00:00 (expected 1 days 00:00:00),treasury
2014-06-23 00:00:00+00:00,ZT,gap,info_session_or_outage,gap of 3 days 00:00:00 (expected 1 days 00:00:00),treasury
2014-06-30 00:00:00+00:00,ZT,gap,info_session_or_outage,gap of 3 days 00:00:00 (expected 1 days 00:00:00),treasury
2014-07-07 00:00:00+00:00,ZT,gap,info_session_or_outage,gap of 4 days 00:00:00 (expected 1 days 00:00:00),treasury
2014-07-14 00:00:00+00:00,ZT,gap,info_session_or_outage,gap of 3 days 00:00:00 (expected 1 days 00:00:00),treasury
2014-07-21 00:00:00+00:00,ZT,gap,info_session_or_outage,gap of 3 days 00:00:00 (expected 1 days 00:00:00),treasury
2014-07-28 00:00:00+00:00,ZT,gap,info_session_or_outage,gap of 3 days 00:00:00 (expected 1 days 00:00:00),treasury
2014-08-04 00:00:00+00:00,ZT,gap,info_session_or_outage,gap of 3 days 00:00:00 (expected 1 days 00:00:00),treasury
2014-08-11 00:00:00+00:00,ZT,gap,info_session_or_outage,gap of 3 days 00:00:00 (expected 1 days 00:00:00),treasury
2014-08-18 00:00:00+00:00,ZT,gap,info_session_or_outage,gap of 3 days 00:00:00 (expected 1 days 00:00:00),treasury
2014-08-25 00:00:00+00:00,ZT,gap,info_session_or_outage,gap of 3 days 00:00:00 (expected 1 days 00:00:00),treasury
2014-09-02 00:00:00+00:00,ZT,gap,info_session_or_outage,gap of 4 days 00:00:00 (expected 1 days 00:00:00),treasury
2014-09-08 00:00:00+00:00,ZT,gap,info_session_or_outage,gap of 3 days 00:00:00 (expected 1 days 00:00:00),treasury
2014-09-15 00:00:00+00:00,ZT,gap,info_session_or_outage,gap of 3 days 00:00:00 (expected 1 days 00:00:00),treasury
2014-09-22 00:00:00+00:00,ZT,gap,info_session_or_outage,gap of 3 days 00:00:00 (expected 1 days 00:00:00),treasury
2014-09-29 00:00:00+00:00,ZT,gap,info_session_or_outage,gap of 3 days 00:00:00 (expected 1 days 00:00:00),treasury
2014-10-06 00:00:00+00:00,ZT,gap,info_session_or_outage,gap of 3 days 00:00:00 (expected 1 days 00:00:00),treasury
2014-10-13 00:00:00+00:00,ZT,gap,info_session_or_outage,gap of 3 days 00:00:00 (expected 1 days 00:00:00),treasury
2014-10-20 00:00:00+00:00,ZT,gap,info_session_or_outage,gap of 3 days 00:00:00 (expected 1 days 00:00:00),treasury
2014-10-27 00:00:00+00:00,ZT,gap,info_session_or_outage,gap of 3 days 00:00:00 (expected 1 days 00:00:00),treasury
2014-11-03 00:00:00+00:00,ZT,gap,info_session_or_outage,gap of 3 days 00:00:00 (expected 1 days 00:00:00),treasury
2014-11-10 00:00:00+00:00,ZT,gap,info_session_or_outage,gap of 3 days 00:00:00 (expected 1 days 00:00:00),treasury
2014-11-17 00:00:00+00:00,ZT,gap,info_session_or_outage,gap of 3 days 00:00:00 (expected 1 days 00:00:00),treasury
2014-11-24 00:00:00+00:00,ZT,gap,info_session_or_outage,gap of 3 days 00:00:00 (expected 1 days 00:00:00),treasury
2014-11-28 00:00:00+00:00,ZT,gap,info_session_or_outage,gap of 2 days 00:00:00 (expected 1 days 00:00:00),treasury
2014-12-01 00:00:00+00:00,ZT,gap,info_session_or_outage,gap of 3 days 00:00:00 (expected 1 days 00:00:00),treasury
2014-12-08 00:00:00+00:00,ZT,gap,info_session_or_outage,gap of 3 days 00:00:00 (expected 1 days 00:00:00),treasury
2014-12-15 00:00:00+00:00,ZT,gap,info_session_or_outage,gap of 3 days 00:00:00 (expected 1 days 00:00:00),treasury
2014-12-22 00:00:00+00:00,ZT,gap,info_session_or_outage,gap of 3 days 00:00:00 (expected 1 days 00:00:00),treasury
2014-12-26 00:00:00+00:00,ZT,gap,info_session_or_outage,gap of 2 days 00:00:00 (expected 1 days 00:00:00),treasury
2014-12-29 00:00:00+00:00,ZT,gap,info_session_or_outage,gap of 3 days 00:00:00 (expected 1 days 00:00:00),treasury
2015-01-02 00:00:00+00:00,ZT,gap,info_session_or_outage,gap of 2 days 00:00:00 (expected 1 days 00:00:00),treasury
2015-01-05 00:00:00+00:00,ZT,gap,info_session_or_outage,gap of 3 days 00:00:00 (expected 1 days 00:00:00),treasury
2015-01-12 00:00:00+00:00,ZT,gap,info_session_or_outage,gap of 3 days 00:00:00 (expected 1 days 00:00:00),treasury
2015-01-20 00:00:00+00:00,ZT,gap,info_session_or_outage,gap of 4 days 00:00:00 (expected 1 days 00:00:00),treasury
2015-01-26 00:00:00+00:00,ZT,gap,info_session_or_outage,gap of 3 days 00:00:00 (expected 1 days 00:00:00),treasury
2015-02-02 00:00:00+00:00,ZT,gap,info_session_or_outage,gap of 3 days 00:00:00 (expected 1 days 00:00:00),treasury
2015-02-09 00:00:00+00:00,ZT,gap,info_session_or_outage,gap of 3 days 00:00:00 (expected 1 days 00:00:00),treasury
2015-02-17 00:00:00+00:00,ZT,gap,info_session_or_outage,gap of 4 days 00:00:00 (expected 1 days 00:00:00),treasury
2015-02-23 00:00:00+00:00,ZT,gap,info_session_or_outage,gap of 3 days 00:00:00 (expected 1 days 00:00:00),treasury
2015-03-02 00:00:00+00:00,ZT,gap,info_session_or_outage,gap of 3 days 00:00:00 (expected 1 days 00:00:00),treasury
2015-03-09 00:00:00+00:00,ZT,gap,info_session_or_outage,gap of 3 days 00:00:00 (expected 1 days 00:00:00),treasury
2015-03-16 00:00:00+00:00,ZT,gap,info_session_or_outage,gap of 3 days 00:00:00 (expected 1 days 00:00:00),treasury
2015-03-23 00:00:00+00:00,ZT,gap,info_session_or_outage,gap of 3 days 00:00:00 (expected 1 days 00:00:00),treasury
2015-03-30 00:00:00+00:00,ZT,gap,info_session_or_outage,gap of 3 days 00:00:00 (expected 1 days 00:00:00),treasury
2015-04-06 00:00:00+00:00,ZT,gap,info_session_or_outage,gap of 4 days 00:00:00 (expected 1 days 00:00:00),treasury
2015-04-13 00:00:00+00:00,ZT,gap,info_session_or_outage,gap of 3 days 00:00:00 (expected 1 days 00:00:00),treasury
2015-04-20 00:00:00+00:00,ZT,gap,info_session_or_outage,gap of 3 days 00:00:00 (expected 1 days 00:00:00),treasury
2015-04-27 00:00:00+00:00,ZT,gap,info_session_or_outage,gap of 3 days 00:00:00 (expected 1 days 00:00:00),treasury
2015-05-04 00:00:00+00:00,ZT,gap,info_session_or_outage,gap of 3 days 00:00:00 (expected 1 days 00:00:00),treasury
2015-05-11 00:00:00+00:00,ZT,gap,info_session_or_outage,gap of 3 days 00:00:00 (expected 1 days 00:00:00),treasury
2015-05-18 00:00:00+00:00,ZT,gap,info_session_or_outage,gap of 3 days 00:00:00 (expected 1 days 00:00:00),treasury
2015-05-26 00:00:00+00:00,ZT,gap,info_session_or_outage,gap of 4 days 00:00:00 (expected 1 days 00:00:00),treasury
2015-06-01 00:00:00+00:00,ZT,gap,info_session_or_outage,gap of 3 days 00:00:00 (expected 1 days 00:00:00),treasury
2015-06-08 00:00:00+00:00,ZT,gap,info_session_or_outage,gap of 3 days 00:00:00 (expected 1 days 00:00:00),treasury
2015-06-15 00:00:00+00:00,ZT,gap,info_session_or_outage,gap of 3 days 00:00:00 (expected 1 days 00:00:00),treasury
2015-06-22 00:00:00+00:00,ZT,gap,info_session_or_outage,gap of 3 days 00:00:00 (expected 1 days 00:00:00),treasury
2015-06-29 00:00:00+00:00,ZT,gap,info_session_or_outage,gap of 3 days 00:00:00 (expected 1 days 00:00:00),treasury
2015-07-06 00:00:00+00:00,ZT,gap,info_session_or_outage,gap of 4 days 00:00:00 (expected 1 days 00:00:00),treasury
2015-07-13 00:00:00+00:00,ZT,gap,info_session_or_outage,gap of 3 days 00:00:00 (expected 1 days 00:00:00),treasury
2015-07-20 00:00:00+00:00,ZT,gap,info_session_or_outage,gap of 3 days 00:00:00 (expected 1 days 00:00:00),treasury
2015-07-27 00:00:00+00:00,ZT,gap,info_session_or_outage,gap of 3 days 00:00:00 (expected 1 days 00:00:00),treasury
2015-08-03 00:00:00+00:00,ZT,gap,info_session_or_outage,gap of 3 days 00:00:00 (expected 1 days 00:00:00),treasury
2015-08-10 00:00:00+00:00,ZT,gap,info_session_or_outage,gap of 3 days 00:00:00 (expected 1 days 00:00:00),treasury
2015-08-17 00:00:00+00:00,ZT,gap,info_session_or_outage,gap of 3 days 00:00:00 (expected 1 days 00:00:00),treasury
2015-08-24 00:00:00+00:00,ZT,gap,info_session_or_outage,gap of 3 days 00:00:00 (expected 1 days 00:00:00),treasury
2015-08-31 00:00:00+00:00,ZT,gap,info_session_or_outage,gap of 3 days 00:00:00 (expected 1 days 00:00:00),treasury
2015-09-08 00:00:00+00:00,ZT,gap,info_session_or_outage,gap of 4 days 00:00:00 (expected 1 days 00:00:00),treasury
2015-09-14 00:00:00+00:00,ZT,gap,info_session_or_outage,gap of 3 days 00:00:00 (expected 1 days 00:00:00),treasury
2015-09-21 00:00:00+00:00,ZT,gap,info_session_or_outage,gap of 3 days 00:00:00 (expected 1 days 00:00:00),treasury
2015-09-28 00:00:00+00:00,ZT,gap,info_session_or_outage,gap of 3 days 00:00:00 (expected 1 days 00:00:00),treasury
2015-10-05 00:00:00+00:00,ZT,gap,info_session_or_outage,gap of 3 days 00:00:00 (expected 1 days 00:00:00),treasury
2015-10-12 00:00:00+00:00,ZT,gap,info_session_or_outage,gap of 3 days 00:00:00 (expected 1 days 00:00:00),treasury
2015-10-19 00:00:00+00:00,ZT,gap,info_session_or_outage,gap of 3 days 00:00:00 (expected 1 days 00:00:00),treasury
2015-10-26 00:00:00+00:00,ZT,gap,info_session_or_outage,gap of 3 days 00:00:00 (expected 1 days 00:00:00),treasury
2015-11-02 00:00:00+00:00,ZT,gap,info_session_or_outage,gap of 3 days 00:00:00 (expected 1 days 00:00:00),treasury
2015-11-09 00:00:00+00:00,ZT,gap,info_session_or_outage,gap of 3 days 00:00:00 (expected 1 days 00:00:00),treasury
2015-11-16 00:00:00+00:00,ZT,gap,info_session_or_outage,gap of 3 days 00:00:00 (expected 1 days 00:00:00),treasury
2015-11-23 00:00:00+00:00,ZT,gap,info_session_or_outage,gap of 3 days 00:00:00 (expected 1 days 00:00:00),treasury
2015-11-27 00:00:00+00:00,ZT,gap,info_session_or_outage,gap of 2 days 00:00:00 (expected 1 days 00:00:00),treasury
2015-11-30 00:00:00+00:00,ZT,gap,info_session_or_outage,gap of 3 days 00:00:00 (expected 1 days 00:00:00),treasury
2015-12-07 00:00:00+00:00,ZT,gap,info_session_or_outage,gap of 3 days 00:00:00 (expected 1 days 00:00:00),treasury
2015-12-14 00:00:00+00:00,ZT,gap,info_session_or_outage,gap of 3 days 00:00:00 (expected 1 days 00:00:00),treasury
2015-12-21 00:00:00+00:00,ZT,gap,info_session_or_outage,gap of 3 days 00:00:00 (expected 1 days 00:00:00),treasury
2015-12-28 00:00:00+00:00,ZT,gap,info_session_or_outage,gap of 4 days 00:00:00 (expected 1 days 00:00:00),treasury
2016-01-04 00:00:00+00:00,ZT,gap,info_session_or_outage,gap of 4 days 00:00:00 (expected 1 days 00:00:00),treasury
2016-01-11 00:00:00+00:00,ZT,gap,info_session_or_outage,gap of 3 days 00:00:00 (expected 1 days 00:00:00),treasury
2016-01-19 00:00:00+00:00,ZT,gap,info_session_or_outage,gap of 4 days 00:00:00 (expected 1 days 00:00:00),treasury
2016-01-25 00:00:00+00:00,ZT,gap,info_session_or_outage,gap of 3 days 00:00:00 (expected 1 days 00:00:00),treasury
2016-02-01 00:00:00+00:00,ZT,gap,info_session_or_outage,gap of 3 days 00:00:00 (expected 1 days 00:00:00),treasury
2016-02-08 00:00:00+00:00,ZT,gap,info_session_or_outage,gap of 3 days 00:00:00 (expected 1 days 00:00:00),treasury
2016-02-16 00:00:00+00:00,ZT,gap,info_session_or_outage,gap of 4 days 00:00:00 (expected 1 days 00:00:00),treasury
2016-02-22 00:00:00+00:00,ZT,gap,info_session_or_outage,gap of 3 days 00:00:00 (expected 1 days 00:00:00),treasury
2016-02-29 00:00:00+00:00,ZT,gap,info_session_or_outage,gap of 3 days 00:00:00 (expected 1 days 00:00:00),treasury
2016-03-07 00:00:00+00:00,ZT,gap,info_session_or_outage,gap of 3 days 00:00:00 (expected 1 days 00:00:00),treasury
2016-03-14 00:00:00+00:00,ZT,gap,info_session_or_outage,gap of 3 days 00:00:00 (expected 1 days 00:00:00),treasury
2016-03-21 00:00:00+00:00,ZT,gap,info_session_or_outage,gap of 3 days 00:00:00 (expected 1 days 00:00:00),treasury
2016-03-28 00:00:00+00:00,ZT,gap,info_session_or_outage,gap of 4 days 00:00:00 (expected 1 days 00:00:00),treasury
2016-04-04 00:00:00+00:00,ZT,gap,info_session_or_outage,gap of 3 days 00:00:00 (expected 1 days 00:00:00),treasury
2016-04-11 00:00:00+00:00,ZT,gap,info_session_or_outage,gap of 3 days 00:00:00 (expected 1 days 00:00:00),treasury
2016-04-18 00:00:00+00:00,ZT,gap,info_session_or_outage,gap of 3 days 00:00:00 (expected 1 days 00:00:00),treasury
2016-04-25 00:00:00+00:00,ZT,gap,info_session_or_outage,gap of 3 days 00:00:00 (expected 1 days 00:00:00),treasury
2016-05-02 00:00:00+00:00,ZT,gap,info_session_or_outage,gap of 3 days 00:00:00 (expected 1 days 00:00:00),treasury
2016-05-09 00:00:00+00:00,ZT,gap,info_session_or_outage,gap of 3 days 00:00:00 (expected 1 days 00:00:00),treasury
2016-05-16 00:00:00+00:00,ZT,gap,info_session_or_outage,gap of 3 days 00:00:00 (expected 1 days 00:00:00),treasury
2016-05-23 00:00:00+00:00,ZT,gap,info_session_or_outage,gap of 3 days 00:00:00 (expected 1 days 00:00:00),treasury
2016-05-31 00:00:00+00:00,ZT,gap,info_session_or_outage,gap of 4 days 00:00:00 (expected 1 days 00:00:00),treasury
2016-06-06 00:00:00+00:00,ZT,gap,info_session_or_outage,gap of 3 days 00:00:00 (expected 1 days 00:00:00),treasury
2016-06-13 00:00:00+00:00,ZT,gap,info_session_or_outage,gap of 3 days 00:00:00 (expected 1 days 00:00:00),treasury
2016-06-20 00:00:00+00:00,ZT,gap,info_session_or_outage,gap of 3 days 00:00:00 (expected 1 days 00:00:00),treasury
2016-06-27 00:00:00+00:00,ZT,gap,info_session_or_outage,gap of 3 days 00:00:00 (expected 1 days 00:00:00),treasury
2016-07-05 00:00:00+00:00,ZT,gap,info_session_or_outage,gap of 4 days 00:00:00 (expected 1 days 00:00:00),treasury
2016-07-11 00:00:00+00:00,ZT,gap,info_session_or_outage,gap of 3 days 00:00:00 (expected 1 days 00:00:00),treasury
2016-07-18 00:00:00+00:00,ZT,gap,info_session_or_outage,gap of 3 days 00:00:00 (expected 1 days 00:00:00),treasury
2016-07-25 00:00:00+00:00,ZT,gap,info_session_or_outage,gap of 3 days 00:00:00 (expected 1 days 00:00:00),treasury
2016-08-01 00:00:00+00:00,ZT,gap,info_session_or_outage,gap of 3 days 00:00:00 (expected 1 days 00:00:00),treasury
2016-08-08 00:00:00+00:00,ZT,gap,info_session_or_outage,gap of 3 days 00:00:00 (expected 1 days 00:00:00),treasury
2016-08-15 00:00:00+00:00,ZT,gap,info_session_or_outage,gap of 3 days 00:00:00 (expected 1 days 00:00:00),treasury
2016-08-22 00:00:00+00:00,ZT,gap,info_session_or_outage,gap of 3 days 00:00:00 (expected 1 days 00:00:00),treasury
2016-08-29 00:00:00+00:00,ZT,gap,info_session_or_outage,gap of 3 days 00:00:00 (expected 1 days 00:00:00),treasury
2016-09-06 00:00:00+00:00,ZT,gap,info_session_or_outage,gap of 4 days 00:00:00 (expected 1 days 00:00:00),treasury
2016-09-12 00:00:00+00:00,ZT,gap,info_session_or_outage,gap of 3 days 00:00:00 (expected 1 days 00:00:00),treasury
2016-09-19 00:00:00+00:00,ZT,gap,info_session_or_outage,gap of 3 days 00:00:00 (expected 1 days 00:00:00),treasury
2016-09-26 00:00:00+00:00,ZT,gap,info_session_or_outage,gap of 3 days 00:00:00 (expected 1 days 00:00:00),treasury
2016-10-03 00:00:00+00:00,ZT,gap,info_session_or_outage,gap of 3 days 00:00:00 (expected 1 days 00:00:00),treasury
2016-10-11 00:00:00+00:00,ZT,gap,info_session_or_outage,gap of 4 days 00:00:00 (expected 1 days 00:00:00),treasury
2016-10-17 00:00:00+00:00,ZT,gap,info_session_or_outage,gap of 3 days 00:00:00 (expected 1 days 00:00:00),treasury
2016-10-24 00:00:00+00:00,ZT,gap,info_session_or_outage,gap of 3 days 00:00:00 (expected 1 days 00:00:00),treasury
2016-10-31 00:00:00+00:00,ZT,gap,info_session_or_outage,gap of 3 days 00:00:00 (expected 1 days 00:00:00),treasury
2016-11-07 00:00:00+00:00,ZT,gap,info_session_or_outage,gap of 3 days 00:00:00 (expected 1 days 00:00:00),treasury
2016-11-14 00:00:00+00:00,ZT,gap,info_session_or_outage,gap of 4 days 00:00:00 (expected 1 days 00:00:00),treasury
2016-11-21 00:00:00+00:00,ZT,gap,info_session_or_outage,gap of 3 days 00:00:00 (expected 1 days 00:00:00),treasury
2016-11-25 00:00:00+00:00,ZT,gap,info_session_or_outage,gap of 2 days 00:00:00 (expected 1 days 00:00:00),treasury
2016-11-28 00:00:00+00:00,ZT,gap,info_session_or_outage,gap of 3 days 00:00:00 (expected 1 days 00:00:00),treasury
2016-12-05 00:00:00+00:00,ZT,gap,info_session_or_outage,gap of 3 days 00:00:00 (expected 1 days 00:00:00),treasury
2016-12-12 00:00:00+00:00,ZT,gap,info_session_or_outage,gap of 3 days 00:00:00 (expected 1 days 00:00:00),treasury
2016-12-19 00:00:00+00:00,ZT,gap,info_session_or_outage,gap of 3 days 00:00:00 (expected 1 days 00:00:00),treasury
2016-12-27 00:00:00+00:00,ZT,gap,info_session_or_outage,gap of 4 days 00:00:00 (expected 1 days 00:00:00),treasury
2017-01-03 00:00:00+00:00,ZT,gap,info_session_or_outage,gap of 4 days 00:00:00 (expected 1 days 00:00:00),treasury
2017-01-09 00:00:00+00:00,ZT,gap,info_session_or_outage,gap of 3 days 00:00:00 (expected 1 days 00:00:00),treasury
2017-01-17 00:00:00+00:00,ZT,gap,info_session_or_outage,gap of 4 days 00:00:00 (expected 1 days 00:00:00),treasury
2017-01-23 00:00:00+00:00,ZT,gap,info_session_or_outage,gap of 3 days 00:00:00 (expected 1 days 00:00:00),treasury
2017-01-30 00:00:00+00:00,ZT,gap,info_session_or_outage,gap of 3 days 00:00:00 (expected 1 days 00:00:00),treasury
2017-02-06 00:00:00+00:00,ZT,gap,info_session_or_outage,gap of 3 days 00:00:00 (expected 1 days 00:00:00),treasury
2017-02-13 00:00:00+00:00,ZT,gap,info_session_or_outage,gap of 3 days 00:00:00 (expected 1 days 00:00:00),treasury
2017-02-21 00:00:00+00:00,ZT,gap,info_session_or_outage,gap of 4 days 00:00:00 (expected 1 days 00:00:00),treasury
2017-02-27 00:00:00+00:00,ZT,gap,info_session_or_outage,gap of 3 days 00:00:00 (expected 1 days 00:00:00),treasury
2017-03-06 00:00:00+00:00,ZT,gap,info_session_or_outage,gap of 3 days 00:00:00 (expected 1 days 00:00:00),treasury
2017-03-13 00:00:00+00:00,ZT,gap,info_session_or_outage,gap of 3 days 00:00:00 (expected 1 days 00:00:00),treasury
2017-03-20 00:00:00+00:00,ZT,gap,info_session_or_outage,gap of 3 days 00:00:00 (expected 1 days 00:00:00),treasury
2017-03-27 00:00:00+00:00,ZT,gap,info_session_or_outage,gap of 3 days 00:00:00 (expected 1 days 00:00:00),treasury
2017-04-03 00:00:00+00:00,ZT,gap,info_session_or_outage,gap of 3 days 00:00:00 (expected 1 days 00:00:00),treasury
2017-04-10 00:00:00+00:00,ZT,gap,info_session_or_outage,gap of 3 days 00:00:00 (expected 1 days 00:00:00),treasury
2017-04-17 00:00:00+00:00,ZT,gap,info_session_or_outage,gap of 4 days 00:00:00 (expected 1 days 00:00:00),treasury
2017-04-24 00:00:00+00:00,ZT,gap,info_session_or_outage,gap of 3 days 00:00:00 (expected 1 days 00:00:00),treasury
2017-05-01 00:00:00+00:00,ZT,gap,info_session_or_outage,gap of 3 days 00:00:00 (expected 1 days 00:00:00),treasury
2017-05-08 00:00:00+00:00,ZT,gap,info_session_or_outage,gap of 3 days 00:00:00 (expected 1 days 00:00:00),treasury
2017-05-15 00:00:00+00:00,ZT,gap,info_session_or_outage,gap of 3 days 00:00:00 (expected 1 days 00:00:00),treasury
2017-05-22 00:00:00+00:00,ZT,gap,info_session_or_outage,gap of 3 days 00:00:00 (expected 1 days 00:00:00),treasury
2017-05-30 00:00:00+00:00,ZT,gap,info_session_or_outage,gap of 4 days 00:00:00 (expected 1 days 00:00:00),treasury
2017-06-05 00:00:00+00:00,ZT,gap,info_session_or_outage,gap of 3 days 00:00:00 (expected 1 days 00:00:00),treasury
2017-06-12 00:00:00+00:00,ZT,gap,info_session_or_outage,gap of 3 days 00:00:00 (expected 1 days 00:00:00),treasury
2017-06-19 00:00:00+00:00,ZT,gap,info_session_or_outage,gap of 3 days 00:00:00 (expected 1 days 00:00:00),treasury
2017-06-26 00:00:00+00:00,ZT,gap,info_session_or_outage,gap of 3 days 00:00:00 (expected 1 days 00:00:00),treasury
2017-07-03 00:00:00+00:00,ZT,gap,info_session_or_outage,gap of 3 days 00:00:00 (expected 1 days 00:00:00),treasury
2017-07-05 00:00:00+00:00,ZT,gap,info_session_or_outage,gap of 2 days 00:00:00 (expected 1 days 00:00:00),treasury
2017-07-10 00:00:00+00:00,ZT,gap,info_session_or_outage,gap of 3 days 00:00:00 (expected 1 days 00:00:00),treasury
2017-07-17 00:00:00+00:00,ZT,gap,info_session_or_outage,gap of 3 days 00:00:00 (expected 1 days 00:00:00),treasury
2017-07-24 00:00:00+00:00,ZT,gap,info_session_or_outage,gap of 3 days 00:00:00 (expected 1 days 00:00:00),treasury
2017-07-31 00:00:00+00:00,ZT,gap,info_session_or_outage,gap of 3 days 00:00:00 (expected 1 days 00:00:00),treasury
2017-08-07 00:00:00+00:00,ZT,gap,info_session_or_outage,gap of 3 days 00:00:00 (expected 1 days 00:00:00),treasury
2017-08-14 00:00:00+00:00,ZT,gap,info_session_or_outage,gap of 3 days 00:00:00 (expected 1 days 00:00:00),treasury
2017-08-21 00:00:00+00:00,ZT,gap,info_session_or_outage,gap of 3 days 00:00:00 (expected 1 days 00:00:00),treasury
2017-08-28 00:00:00+00:00,ZT,gap,info_session_or_outage,gap of 3 days 00:00:00 (expected 1 days 00:00:00),treasury
2017-09-05 00:00:00+00:00,ZT,gap,info_session_or_outage,gap of 4 days 00:00:00 (expected 1 days 00:00:00),treasury
2017-09-11 00:00:00+00:00,ZT,gap,info_session_or_outage,gap of 3 days 00:00:00 (expected 1 days 00:00:00),treasury
2017-09-18 00:00:00+00:00,ZT,gap,info_session_or_outage,gap of 3 days 00:00:00 (expected 1 days 00:00:00),treasury
2017-09-25 00:00:00+00:00,ZT,gap,info_session_or_outage,gap of 3 days 00:00:00 (expected 1 days 00:00:00),treasury
2017-10-02 00:00:00+00:00,ZT,gap,info_session_or_outage,gap of 3 days 00:00:00 (expected 1 days 00:00:00),treasury
2017-10-09 00:00:00+00:00,ZT,gap,info_session_or_outage,gap of 3 days 00:00:00 (expected 1 days 00:00:00),treasury
2017-10-16 00:00:00+00:00,ZT,gap,info_session_or_outage,gap of 3 days 00:00:00 (expected 1 days 00:00:00),treasury
2017-10-23 00:00:00+00:00,ZT,gap,info_session_or_outage,gap of 3 days 00:00:00 (expected 1 days 00:00:00),treasury
2017-10-30 00:00:00+00:00,ZT,gap,info_session_or_outage,gap of 3 days 00:00:00 (expected 1 days 00:00:00),treasury
2017-11-06 00:00:00+00:00,ZT,gap,info_session_or_outage,gap of 3 days 00:00:00 (expected 1 days 00:00:00),treasury
2017-11-13 00:00:00+00:00,ZT,gap,info_session_or_outage,gap of 3 days 00:00:00 (expected 1 days 00:00:00),treasury
2017-11-20 00:00:00+00:00,ZT,gap,info_session_or_outage,gap of 3 days 00:00:00 (expected 1 days 00:00:00),treasury
2017-11-24 00:00:00+00:00,ZT,gap,info_session_or_outage,gap of 2 days 00:00:00 (expected 1 days 00:00:00),treasury
2017-11-27 00:00:00+00:00,ZT,gap,info_session_or_outage,gap of 3 days 00:00:00 (expected 1 days 00:00:00),treasury
2017-12-04 00:00:00+00:00,ZT,gap,info_session_or_outage,gap of 3 days 00:00:00 (expected 1 days 00:00:00),treasury
2017-12-11 00:00:00+00:00,ZT,gap,info_session_or_outage,gap of 3 days 00:00:00 (expected 1 days 00:00:00),treasury
2017-12-18 00:00:00+00:00,ZT,gap,info_session_or_outage,gap of 3 days 00:00:00 (expected 1 days 00:00:00),treasury
2017-12-26 00:00:00+00:00,ZT,gap,info_session_or_outage,gap of 4 days 00:00:00 (expected 1 days 00:00:00),treasury
2018-01-02 00:00:00+00:00,ZT,gap,info_session_or_outage,gap of 4 days 00:00:00 (expected 1 days 00:00:00),treasury
2018-01-08 00:00:00+00:00,ZT,gap,info_session_or_outage,gap of 3 days 00:00:00 (expected 1 days 00:00:00),treasury
2018-01-16 00:00:00+00:00,ZT,gap,info_session_or_outage,gap of 4 days 00:00:00 (expected 1 days 00:00:00),treasury
2018-01-22 00:00:00+00:00,ZT,gap,info_session_or_outage,gap of 3 days 00:00:00 (expected 1 days 00:00:00),treasury
2018-01-29 00:00:00+00:00,ZT,gap,info_session_or_outage,gap of 3 days 00:00:00 (expected 1 days 00:00:00),treasury
2018-02-05 00:00:00+00:00,ZT,gap,info_session_or_outage,gap of 3 days 00:00:00 (expected 1 days 00:00:00),treasury
2018-02-12 00:00:00+00:00,ZT,gap,info_session_or_outage,gap of 3 days 00:00:00 (expected 1 days 00:00:00),treasury
2018-02-20 00:00:00+00:00,ZT,gap,info_session_or_outage,gap of 4 days 00:00:00 (expected 1 days 00:00:00),treasury
2018-02-26 00:00:00+00:00,ZT,gap,info_session_or_outage,gap of 3 days 00:00:00 (expected 1 days 00:00:00),treasury
2018-03-05 00:00:00+00:00,ZT,gap,info_session_or_outage,gap of 3 days 00:00:00 (expected 1 days 00:00:00),treasury
2018-03-12 00:00:00+00:00,ZT,gap,info_session_or_outage,gap of 3 days 00:00:00 (expected 1 days 00:00:00),treasury
2018-03-19 00:00:00+00:00,ZT,gap,info_session_or_outage,gap of 3 days 00:00:00 (expected 1 days 00:00:00),treasury
2018-03-26 00:00:00+00:00,ZT,gap,info_session_or_outage,gap of 3 days 00:00:00 (expected 1 days 00:00:00),treasury
2018-04-02 00:00:00+00:00,ZT,gap,info_session_or_outage,gap of 4 days 00:00:00 (expected 1 days 00:00:00),treasury
2018-04-09 00:00:00+00:00,ZT,gap,info_session_or_outage,gap of 3 days 00:00:00 (expected 1 days 00:00:00),treasury
2018-04-16 00:00:00+00:00,ZT,gap,info_session_or_outage,gap of 3 days 00:00:00 (expected 1 days 00:00:00),treasury
2018-04-23 00:00:00+00:00,ZT,gap,info_session_or_outage,gap of 3 days 00:00:00 (expected 1 days 00:00:00),treasury
2018-04-30 00:00:00+00:00,ZT,gap,info_session_or_outage,gap of 3 days 00:00:00 (expected 1 days 00:00:00),treasury
2018-05-07 00:00:00+00:00,ZT,gap,info_session_or_outage,gap of 3 days 00:00:00 (expected 1 days 00:00:00),treasury
2018-05-14 00:00:00+00:00,ZT,gap,info_session_or_outage,gap of 3 days 00:00:00 (expected 1 days 00:00:00),treasury
2018-05-21 00:00:00+00:00,ZT,gap,info_session_or_outage,gap of 3 days 00:00:00 (expected 1 days 00:00:00),treasury
2018-05-29 00:00:00+00:00,ZT,gap,info_session_or_outage,gap of 4 days 00:00:00 (expected 1 days 00:00:00),treasury
2018-06-04 00:00:00+00:00,ZT,gap,info_session_or_outage,gap of 3 days 00:00:00 (expected 1 days 00:00:00),treasury
2018-06-11 00:00:00+00:00,ZT,gap,info_session_or_outage,gap of 3 days 00:00:00 (expected 1 days 00:00:00),treasury
2018-06-18 00:00:00+00:00,ZT,gap,info_session_or_outage,gap of 3 days 00:00:00 (expected 1 days 00:00:00),treasury
2018-06-25 00:00:00+00:00,ZT,gap,info_session_or_outage,gap of 3 days 00:00:00 (expected 1 days 00:00:00),treasury
2018-07-02 00:00:00+00:00,ZT,gap,info_session_or_outage,gap of 3 days 00:00:00 (expected 1 days 00:00:00),treasury
2018-07-05 00:00:00+00:00,ZT,gap,info_session_or_outage,gap of 2 days 00:00:00 (expected 1 days 00:00:00),treasury
2018-07-09 00:00:00+00:00,ZT,gap,info_session_or_outage,gap of 3 days 00:00:00 (expected 1 days 00:00:00),treasury
2018-07-16 00:00:00+00:00,ZT,gap,info_session_or_outage,gap of 3 days 00:00:00 (expected 1 days 00:00:00),treasury
2018-07-23 00:00:00+00:00,ZT,gap,info_session_or_outage,gap of 3 days 00:00:00 (expected 1 days 00:00:00),treasury
2018-07-30 00:00:00+00:00,ZT,gap,info_session_or_outage,gap of 3 days 00:00:00 (expected 1 days 00:00:00),treasury
2018-08-06 00:00:00+00:00,ZT,gap,info_session_or_outage,gap of 3 days 00:00:00 (expected 1 days 00:00:00),treasury
2018-08-13 00:00:00+00:00,ZT,gap,info_session_or_outage,gap of 3 days 00:00:00 (expected 1 days 00:00:00),treasury
2018-08-20 00:00:00+00:00,ZT,gap,info_session_or_outage,gap of 3 days 00:00:00 (expected 1 days 00:00:00),treasury
2018-08-27 00:00:00+00:00,ZT,gap,info_session_or_outage,gap of 3 days 00:00:00 (expected 1 days 00:00:00),treasury
2018-09-04 00:00:00+00:00,ZT,gap,info_session_or_outage,gap of 4 days 00:00:00 (expected 1 days 00:00:00),treasury
2018-09-10 00:00:00+00:00,ZT,gap,info_session_or_outage,gap of 3 days 00:00:00 (expected 1 days 00:00:00),treasury
2018-09-17 00:00:00+00:00,ZT,gap,info_session_or_outage,gap of 3 days 00:00:00 (expected 1 days 00:00:00),treasury
2018-09-24 00:00:00+00:00,ZT,gap,info_session_or_outage,gap of 3 days 00:00:00 (expected 1 days 00:00:00),treasury
2018-10-01 00:00:00+00:00,ZT,gap,info_session_or_outage,gap of 3 days 00:00:00 (expected 1 days 00:00:00),treasury
2018-10-08 00:00:00+00:00,ZT,gap,info_session_or_outage,gap of 3 days 00:00:00 (expected 1 days 00:00:00),treasury
2018-10-15 00:00:00+00:00,ZT,gap,info_session_or_outage,gap of 3 days 00:00:00 (expected 1 days 00:00:00),treasury
2018-10-22 00:00:00+00:00,ZT,gap,info_session_or_outage,gap of 3 days 00:00:00 (expected 1 days 00:00:00),treasury
2018-10-29 00:00:00+00:00,ZT,gap,info_session_or_outage,gap of 3 days 00:00:00 (expected 1 days 00:00:00),treasury
2018-11-05 00:00:00+00:00,ZT,gap,info_session_or_outage,gap of 3 days 00:00:00 (expected 1 days 00:00:00),treasury
2018-11-12 00:00:00+00:00,ZT,gap,info_session_or_outage,gap of 3 days 00:00:00 (expected 1 days 00:00:00),treasury
2018-11-19 00:00:00+00:00,ZT,gap,info_session_or_outage,gap of 3 days 00:00:00 (expected 1 days 00:00:00),treasury
2018-11-23 00:00:00+00:00,ZT,gap,info_session_or_outage,gap of 2 days 00:00:00 (expected 1 days 00:00:00),treasury
2018-11-26 00:00:00+00:00,ZT,gap,info_session_or_outage,gap of 3 days 00:00:00 (expected 1 days 00:00:00),treasury
2018-12-03 00:00:00+00:00,ZT,gap,info_session_or_outage,gap of 3 days 00:00:00 (expected 1 days 00:00:00),treasury
2018-12-06 00:00:00+00:00,ZT,gap,info_session_or_outage,gap of 2 days 00:00:00 (expected 1 days 00:00:00),treasury
2018-12-10 00:00:00+00:00,ZT,gap,info_session_or_outage,gap of 3 days 00:00:00 (expected 1 days 00:00:00),treasury
2018-12-17 00:00:00+00:00,ZT,gap,info_session_or_outage,gap of 3 days 00:00:00 (expected 1 days 00:00:00),treasury
2018-12-24 00:00:00+00:00,ZT,gap,info_session_or_outage,gap of 3 days 00:00:00 (expected 1 days 00:00:00),treasury
2018-12-26 00:00:00+00:00,ZT,gap,info_session_or_outage,gap of 2 days 00:00:00 (expected 1 days 00:00:00),treasury
2018-12-31 00:00:00+00:00,ZT,gap,info_session_or_outage,gap of 3 days 00:00:00 (expected 1 days 00:00:00),treasury
2019-01-02 00:00:00+00:00,ZT,gap,info_session_or_outage,gap of 2 days 00:00:00 (expected 1 days 00:00:00),treasury
2019-01-07 00:00:00+00:00,ZT,gap,info_session_or_outage,gap of 3 days 00:00:00 (expected 1 days 00:00:00),treasury
2019-01-14 00:00:00+00:00,ZT,gap,info_session_or_outage,gap of 3 days 00:00:00 (expected 1 days 00:00:00),treasury
2019-01-22 00:00:00+00:00,ZT,gap,info_session_or_outage,gap of 4 days 00:00:00 (expected 1 days 00:00:00),treasury
2019-01-28 00:00:00+00:00,ZT,gap,info_session_or_outage,gap of 3 days 00:00:00 (expected 1 days 00:00:00),treasury
2019-02-04 00:00:00+00:00,ZT,gap,info_session_or_outage,gap of 3 days 00:00:00 (expected 1 days 00:00:00),treasury
2019-02-11 00:00:00+00:00,ZT,gap,info_session_or_outage,gap of 3 days 00:00:00 (expected 1 days 00:00:00),treasury
2019-02-19 00:00:00+00:00,ZT,gap,info_session_or_outage,gap of 4 days 00:00:00 (expected 1 days 00:00:00),treasury
2019-02-25 00:00:00+00:00,ZT,gap,info_session_or_outage,gap of 3 days 00:00:00 (expected 1 days 00:00:00),treasury
2019-03-04 00:00:00+00:00,ZT,gap,info_session_or_outage,gap of 3 days 00:00:00 (expected 1 days 00:00:00),treasury
2019-03-11 00:00:00+00:00,ZT,gap,info_session_or_outage,gap of 3 days 00:00:00 (expected 1 days 00:00:00),treasury
2019-03-18 00:00:00+00:00,ZT,gap,info_session_or_outage,gap of 3 days 00:00:00 (expected 1 days 00:00:00),treasury
2019-03-25 00:00:00+00:00,ZT,gap,info_session_or_outage,gap of 3 days 00:00:00 (expected 1 days 00:00:00),treasury
2019-04-01 00:00:00+00:00,ZT,gap,info_session_or_outage,gap of 3 days 00:00:00 (expected 1 days 00:00:00),treasury
2019-04-08 00:00:00+00:00,ZT,gap,info_session_or_outage,gap of 3 days 00:00:00 (expected 1 days 00:00:00),treasury
2019-04-15 00:00:00+00:00,ZT,gap,info_session_or_outage,gap of 3 days 00:00:00 (expected 1 days 00:00:00),treasury
2019-04-22 00:00:00+00:00,ZT,gap,info_session_or_outage,gap of 4 days 00:00:00 (expected 1 days 00:00:00),treasury
2019-04-29 00:00:00+00:00,ZT,gap,info_session_or_outage,gap of 3 days 00:00:00 (expected 1 days 00:00:00),treasury
2019-05-06 00:00:00+00:00,ZT,gap,info_session_or_outage,gap of 3 days 00:00:00 (expected 1 days 00:00:00),treasury
2019-05-13 00:00:00+00:00,ZT,gap,info_session_or_outage,gap of 3 days 00:00:00 (expected 1 days 00:00:00),treasury
2019-05-20 00:00:00+00:00,ZT,gap,info_session_or_outage,gap of 3 days 00:00:00 (expected 1 days 00:00:00),treasury
2019-05-28 00:00:00+00:00,ZT,gap,info_session_or_outage,gap of 4 days 00:00:00 (expected 1 days 00:00:00),treasury
2019-06-03 00:00:00+00:00,ZT,gap,info_session_or_outage,gap of 3 days 00:00:00 (expected 1 days 00:00:00),treasury
2019-06-10 00:00:00+00:00,ZT,gap,info_session_or_outage,gap of 3 days 00:00:00 (expected 1 days 00:00:00),treasury
2019-06-17 00:00:00+00:00,ZT,gap,info_session_or_outage,gap of 3 days 00:00:00 (expected 1 days 00:00:00),treasury
2019-06-24 00:00:00+00:00,ZT,gap,info_session_or_outage,gap of 3 days 00:00:00 (expected 1 days 00:00:00),treasury
2019-07-01 00:00:00+00:00,ZT,gap,info_session_or_outage,gap of 3 days 00:00:00 (expected 1 days 00:00:00),treasury
2019-07-05 00:00:00+00:00,ZT,gap,info_session_or_outage,gap of 2 days 00:00:00 (expected 1 days 00:00:00),treasury
2019-07-08 00:00:00+00:00,ZT,gap,info_session_or_outage,gap of 3 days 00:00:00 (expected 1 days 00:00:00),treasury
2019-07-15 00:00:00+00:00,ZT,gap,info_session_or_outage,gap of 3 days 00:00:00 (expected 1 days 00:00:00),treasury
2019-07-22 00:00:00+00:00,ZT,gap,info_session_or_outage,gap of 3 days 00:00:00 (expected 1 days 00:00:00),treasury
2019-07-29 00:00:00+00:00,ZT,gap,info_session_or_outage,gap of 3 days 00:00:00 (expected 1 days 00:00:00),treasury
2019-08-05 00:00:00+00:00,ZT,gap,info_session_or_outage,gap of 3 days 00:00:00 (expected 1 days 00:00:00),treasury
2019-08-12 00:00:00+00:00,ZT,gap,info_session_or_outage,gap of 3 days 00:00:00 (expected 1 days 00:00:00),treasury
2019-08-19 00:00:00+00:00,ZT,gap,info_session_or_outage,gap of 3 days 00:00:00 (expected 1 days 00:00:00),treasury
2019-08-26 00:00:00+00:00,ZT,gap,info_session_or_outage,gap of 3 days 00:00:00 (expected 1 days 00:00:00),treasury
2019-09-03 00:00:00+00:00,ZT,gap,info_session_or_outage,gap of 4 days 00:00:00 (expected 1 days 00:00:00),treasury
2019-09-09 00:00:00+00:00,ZT,gap,info_session_or_outage,gap of 3 days 00:00:00 (expected 1 days 00:00:00),treasury
2019-09-16 00:00:00+00:00,ZT,gap,info_session_or_outage,gap of 3 days 00:00:00 (expected 1 days 00:00:00),treasury
2019-09-23 00:00:00+00:00,ZT,gap,info_session_or_outage,gap of 3 days 00:00:00 (expected 1 days 00:00:00),treasury
2019-09-30 00:00:00+00:00,ZT,gap,info_session_or_outage,gap of 3 days 00:00:00 (expected 1 days 00:00:00),treasury
2019-10-07 00:00:00+00:00,ZT,gap,info_session_or_outage,gap of 3 days 00:00:00 (expected 1 days 00:00:00),treasury
2019-10-14 00:00:00+00:00,ZT,gap,info_session_or_outage,gap of 3 days 00:00:00 (expected 1 days 00:00:00),treasury
2019-10-21 00:00:00+00:00,ZT,gap,info_session_or_outage,gap of 3 days 00:00:00 (expected 1 days 00:00:00),treasury
2019-10-28 00:00:00+00:00,ZT,gap,info_session_or_outage,gap of 3 days 00:00:00 (expected 1 days 00:00:00),treasury
2019-11-04 00:00:00+00:00,ZT,gap,info_session_or_outage,gap of 3 days 00:00:00 (expected 1 days 00:00:00),treasury
2019-11-11 00:00:00+00:00,ZT,gap,info_session_or_outage,gap of 3 days 00:00:00 (expected 1 days 00:00:00),treasury
2019-11-18 00:00:00+00:00,ZT,gap,info_session_or_outage,gap of 3 days 00:00:00 (expected 1 days 00:00:00),treasury
2019-11-25 00:00:00+00:00,ZT,gap,info_session_or_outage,gap of 3 days 00:00:00 (expected 1 days 00:00:00),treasury
2019-11-29 00:00:00+00:00,ZT,gap,info_session_or_outage,gap of 2 days 00:00:00 (expected 1 days 00:00:00),treasury
2019-12-02 00:00:00+00:00,ZT,gap,info_session_or_outage,gap of 3 days 00:00:00 (expected 1 days 00:00:00),treasury
2019-12-09 00:00:00+00:00,ZT,gap,info_session_or_outage,gap of 3 days 00:00:00 (expected 1 days 00:00:00),treasury
2019-12-16 00:00:00+00:00,ZT,gap,info_session_or_outage,gap of 3 days 00:00:00 (expected 1 days 00:00:00),treasury
2019-12-23 00:00:00+00:00,ZT,gap,info_session_or_outage,gap of 3 days 00:00:00 (expected 1 days 00:00:00),treasury
2019-12-26 00:00:00+00:00,ZT,gap,info_session_or_outage,gap of 2 days 00:00:00 (expected 1 days 00:00:00),treasury
2019-12-30 00:00:00+00:00,ZT,gap,info_session_or_outage,gap of 3 days 00:00:00 (expected 1 days 00:00:00),treasury
2020-01-02 00:00:00+00:00,ZT,gap,info_session_or_outage,gap of 2 days 00:00:00 (expected 1 days 00:00:00),treasury
2020-01-06 00:00:00+00:00,ZT,gap,info_session_or_outage,gap of 3 days 00:00:00 (expected 1 days 00:00:00),treasury
2020-01-13 00:00:00+00:00,ZT,gap,info_session_or_outage,gap of 3 days 00:00:00 (expected 1 days 00:00:00),treasury
2020-01-21 00:00:00+00:00,ZT,gap,info_session_or_outage,gap of 4 days 00:00:00 (expected 1 days 00:00:00),treasury
2020-01-27 00:00:00+00:00,ZT,gap,info_session_or_outage,gap of 3 days 00:00:00 (expected 1 days 00:00:00),treasury
2020-02-03 00:00:00+00:00,ZT,gap,info_session_or_outage,gap of 3 days 00:00:00 (expected 1 days 00:00:00),treasury
2020-02-10 00:00:00+00:00,ZT,gap,info_session_or_outage,gap of 3 days 00:00:00 (expected 1 days 00:00:00),treasury
2020-02-18 00:00:00+00:00,ZT,gap,info_session_or_outage,gap of 4 days 00:00:00 (expected 1 days 00:00:00),treasury
2020-02-24 00:00:00+00:00,ZT,gap,info_session_or_outage,gap of 3 days 00:00:00 (expected 1 days 00:00:00),treasury
2020-03-02 00:00:00+00:00,ZT,gap,info_session_or_outage,gap of 3 days 00:00:00 (expected 1 days 00:00:00),treasury
2020-03-09 00:00:00+00:00,ZT,gap,info_session_or_outage,gap of 3 days 00:00:00 (expected 1 days 00:00:00),treasury
2020-03-16 00:00:00+00:00,ZT,gap,info_session_or_outage,gap of 3 days 00:00:00 (expected 1 days 00:00:00),treasury
2020-03-23 00:00:00+00:00,ZT,gap,info_session_or_outage,gap of 3 days 00:00:00 (expected 1 days 00:00:00),treasury
2020-03-30 00:00:00+00:00,ZT,gap,info_session_or_outage,gap of 3 days 00:00:00 (expected 1 days 00:00:00),treasury
2020-04-06 00:00:00+00:00,ZT,gap,info_session_or_outage,gap of 3 days 00:00:00 (expected 1 days 00:00:00),treasury
2020-04-13 00:00:00+00:00,ZT,gap,info_session_or_outage,gap of 4 days 00:00:00 (expected 1 days 00:00:00),treasury
2020-04-20 00:00:00+00:00,ZT,gap,info_session_or_outage,gap of 3 days 00:00:00 (expected 1 days 00:00:00),treasury
2020-04-27 00:00:00+00:00,ZT,gap,info_session_or_outage,gap of 3 days 00:00:00 (expected 1 days 00:00:00),treasury
2020-05-04 00:00:00+00:00,ZT,gap,info_session_or_outage,gap of 3 days 00:00:00 (expected 1 days 00:00:00),treasury
2020-05-11 00:00:00+00:00,ZT,gap,info_session_or_outage,gap of 3 days 00:00:00 (expected 1 days 00:00:00),treasury
2020-05-18 00:00:00+00:00,ZT,gap,info_session_or_outage,gap of 3 days 00:00:00 (expected 1 days 00:00:00),treasury
2020-05-26 00:00:00+00:00,ZT,gap,info_session_or_outage,gap of 4 days 00:00:00 (expected 1 days 00:00:00),treasury
2020-06-01 00:00:00+00:00,ZT,gap,info_session_or_outage,gap of 3 days 00:00:00 (expected 1 days 00:00:00),treasury
2020-06-08 00:00:00+00:00,ZT,gap,info_session_or_outage,gap of 3 days 00:00:00 (expected 1 days 00:00:00),treasury
2020-06-15 00:00:00+00:00,ZT,gap,info_session_or_outage,gap of 3 days 00:00:00 (expected 1 days 00:00:00),treasury
2020-06-22 00:00:00+00:00,ZT,gap,info_session_or_outage,gap of 3 days 00:00:00 (expected 1 days 00:00:00),treasury
2020-06-29 00:00:00+00:00,ZT,gap,info_session_or_outage,gap of 3 days 00:00:00 (expected 1 days 00:00:00),treasury
2020-07-06 00:00:00+00:00,ZT,gap,info_session_or_outage,gap of 4 days 00:00:00 (expected 1 days 00:00:00),treasury
2020-07-13 00:00:00+00:00,ZT,gap,info_session_or_outage,gap of 3 days 00:00:00 (expected 1 days 00:00:00),treasury
2020-07-20 00:00:00+00:00,ZT,gap,info_session_or_outage,gap of 3 days 00:00:00 (expected 1 days 00:00:00),treasury
2020-07-27 00:00:00+00:00,ZT,gap,info_session_or_outage,gap of 3 days 00:00:00 (expected 1 days 00:00:00),treasury
2020-08-03 00:00:00+00:00,ZT,gap,info_session_or_outage,gap of 3 days 00:00:00 (expected 1 days 00:00:00),treasury
2020-08-10 00:00:00+00:00,ZT,gap,info_session_or_outage,gap of 3 days 00:00:00 (expected 1 days 00:00:00),treasury
2020-08-17 00:00:00+00:00,ZT,gap,info_session_or_outage,gap of 3 days 00:00:00 (expected 1 days 00:00:00),treasury
2020-08-24 00:00:00+00:00,ZT,gap,info_session_or_outage,gap of 3 days 00:00:00 (expected 1 days 00:00:00),treasury
2020-08-31 00:00:00+00:00,ZT,gap,info_session_or_outage,gap of 3 days 00:00:00 (expected 1 days 00:00:00),treasury
2020-09-08 00:00:00+00:00,ZT,gap,info_session_or_outage,gap of 4 days 00:00:00 (expected 1 days 00:00:00),treasury
2020-09-14 00:00:00+00:00,ZT,gap,info_session_or_outage,gap of 3 days 00:00:00 (expected 1 days 00:00:00),treasury
2020-09-21 00:00:00+00:00,ZT,gap,info_session_or_outage,gap of 3 days 00:00:00 (expected 1 days 00:00:00),treasury
2020-09-28 00:00:00+00:00,ZT,gap,info_session_or_outage,gap of 3 days 00:00:00 (expected 1 days 00:00:00),treasury
2020-10-05 00:00:00+00:00,ZT,gap,info_session_or_outage,gap of 3 days 00:00:00 (expected 1 days 00:00:00),treasury
2020-10-12 00:00:00+00:00,ZT,gap,info_session_or_outage,gap of 3 days 00:00:00 (expected 1 days 00:00:00),treasury
2020-10-19 00:00:00+00:00,ZT,gap,info_session_or_outage,gap of 3 days 00:00:00 (expected 1 days 00:00:00),treasury
2020-10-26 00:00:00+00:00,ZT,gap,info_session_or_outage,gap of 3 days 00:00:00 (expected 1 days 00:00:00),treasury
2020-11-02 00:00:00+00:00,ZT,gap,info_session_or_outage,gap of 3 days 00:00:00 (expected 1 days 00:00:00),treasury
2020-11-09 00:00:00+00:00,ZT,gap,info_session_or_outage,gap of 3 days 00:00:00 (expected 1 days 00:00:00),treasury
2020-11-16 00:00:00+00:00,ZT,gap,info_session_or_outage,gap of 3 days 00:00:00 (expected 1 days 00:00:00),treasury
2020-11-23 00:00:00+00:00,ZT,gap,info_session_or_outage,gap of 3 days 00:00:00 (expected 1 days 00:00:00),treasury
2020-11-27 00:00:00+00:00,ZT,gap,info_session_or_outage,gap of 2 days 00:00:00 (expected 1 days 00:00:00),treasury
2020-11-30 00:00:00+00:00,ZT,gap,info_session_or_outage,gap of 3 days 00:00:00 (expected 1 days 00:00:00),treasury
2020-12-07 00:00:00+00:00,ZT,gap,info_session_or_outage,gap of 3 days 00:00:00 (expected 1 days 00:00:00),treasury
2020-12-14 00:00:00+00:00,ZT,gap,info_session_or_outage,gap of 3 days 00:00:00 (expected 1 days 00:00:00),treasury
2020-12-21 00:00:00+00:00,ZT,gap,info_session_or_outage,gap of 3 days 00:00:00 (expected 1 days 00:00:00),treasury
2020-12-28 00:00:00+00:00,ZT,gap,info_session_or_outage,gap of 4 days 00:00:00 (expected 1 days 00:00:00),treasury
2021-01-04 00:00:00+00:00,ZT,gap,info_session_or_outage,gap of 4 days 00:00:00 (expected 1 days 00:00:00),treasury
2021-01-11 00:00:00+00:00,ZT,gap,info_session_or_outage,gap of 3 days 00:00:00 (expected 1 days 00:00:00),treasury
2021-01-19 00:00:00+00:00,ZT,gap,info_session_or_outage,gap of 4 days 00:00:00 (expected 1 days 00:00:00),treasury
2021-01-25 00:00:00+00:00,ZT,gap,info_session_or_outage,gap of 3 days 00:00:00 (expected 1 days 00:00:00),treasury
2021-02-01 00:00:00+00:00,ZT,gap,info_session_or_outage,gap of 3 days 00:00:00 (expected 1 days 00:00:00),treasury
2021-02-08 00:00:00+00:00,ZT,gap,info_session_or_outage,gap of 3 days 00:00:00 (expected 1 days 00:00:00),treasury
2021-02-16 00:00:00+00:00,ZT,gap,info_session_or_outage,gap of 4 days 00:00:00 (expected 1 days 00:00:00),treasury
2021-02-22 00:00:00+00:00,ZT,gap,info_session_or_outage,gap of 3 days 00:00:00 (expected 1 days 00:00:00),treasury
2021-03-01 00:00:00+00:00,ZT,gap,info_session_or_outage,gap of 3 days 00:00:00 (expected 1 days 00:00:00),treasury
2021-03-08 00:00:00+00:00,ZT,gap,info_session_or_outage,gap of 3 days 00:00:00 (expected 1 days 00:00:00),treasury
2021-03-15 00:00:00+00:00,ZT,gap,info_session_or_outage,gap of 3 days 00:00:00 (expected 1 days 00:00:00),treasury
2021-03-22 00:00:00+00:00,ZT,gap,info_session_or_outage,gap of 3 days 00:00:00 (expected 1 days 00:00:00),treasury
2021-03-29 00:00:00+00:00,ZT,gap,info_session_or_outage,gap of 3 days 00:00:00 (expected 1 days 00:00:00),treasury
2021-04-05 00:00:00+00:00,ZT,gap,info_session_or_outage,gap of 4 days 00:00:00 (expected 1 days 00:00:00),treasury
2021-04-12 00:00:00+00:00,ZT,gap,info_session_or_outage,gap of 3 days 00:00:00 (expected 1 days 00:00:00),treasury
2021-04-19 00:00:00+00:00,ZT,gap,info_session_or_outage,gap of 3 days 00:00:00 (expected 1 days 00:00:00),treasury
2021-04-26 00:00:00+00:00,ZT,gap,info_session_or_outage,gap of 3 days 00:00:00 (expected 1 days 00:00:00),treasury
2021-05-03 00:00:00+00:00,ZT,gap,info_session_or_outage,gap of 3 days 00:00:00 (expected 1 days 00:00:00),treasury
2021-05-10 00:00:00+00:00,ZT,gap,info_session_or_outage,gap of 3 days 00:00:00 (expected 1 days 00:00:00),treasury
2021-05-17 00:00:00+00:00,ZT,gap,info_session_or_outage,gap of 3 days 00:00:00 (expected 1 days 00:00:00),treasury
2021-05-24 00:00:00+00:00,ZT,gap,info_session_or_outage,gap of 3 days 00:00:00 (expected 1 days 00:00:00),treasury
2021-06-01 00:00:00+00:00,ZT,gap,info_session_or_outage,gap of 4 days 00:00:00 (expected 1 days 00:00:00),treasury
2021-06-07 00:00:00+00:00,ZT,gap,info_session_or_outage,gap of 3 days 00:00:00 (expected 1 days 00:00:00),treasury
2021-06-14 00:00:00+00:00,ZT,gap,info_session_or_outage,gap of 3 days 00:00:00 (expected 1 days 00:00:00),treasury
2021-06-21 00:00:00+00:00,ZT,gap,info_session_or_outage,gap of 3 days 00:00:00 (expected 1 days 00:00:00),treasury
2021-06-28 00:00:00+00:00,ZT,gap,info_session_or_outage,gap of 3 days 00:00:00 (expected 1 days 00:00:00),treasury
2021-07-06 00:00:00+00:00,ZT,gap,info_session_or_outage,gap of 4 days 00:00:00 (expected 1 days 00:00:00),treasury
2021-07-12 00:00:00+00:00,ZT,gap,info_session_or_outage,gap of 3 days 00:00:00 (expected 1 days 00:00:00),treasury
2021-07-19 00:00:00+00:00,ZT,gap,info_session_or_outage,gap of 3 days 00:00:00 (expected 1 days 00:00:00),treasury
2021-07-26 00:00:00+00:00,ZT,gap,info_session_or_outage,gap of 3 days 00:00:00 (expected 1 days 00:00:00),treasury
2021-08-02 00:00:00+00:00,ZT,gap,info_session_or_outage,gap of 3 days 00:00:00 (expected 1 days 00:00:00),treasury
2021-08-09 00:00:00+00:00,ZT,gap,info_session_or_outage,gap of 3 days 00:00:00 (expected 1 days 00:00:00),treasury
2021-08-16 00:00:00+00:00,ZT,gap,info_session_or_outage,gap of 3 days 00:00:00 (expected 1 days 00:00:00),treasury
2021-08-23 00:00:00+00:00,ZT,gap,info_session_or_outage,gap of 3 days 00:00:00 (expected 1 days 00:00:00),treasury
2021-08-30 00:00:00+00:00,ZT,gap,info_session_or_outage,gap of 3 days 00:00:00 (expected 1 days 00:00:00),treasury
2021-09-07 00:00:00+00:00,ZT,gap,info_session_or_outage,gap of 4 days 00:00:00 (expected 1 days 00:00:00),treasury
2021-09-13 00:00:00+00:00,ZT,gap,info_session_or_outage,gap of 3 days 00:00:00 (expected 1 days 00:00:00),treasury
2021-09-20 00:00:00+00:00,ZT,gap,info_session_or_outage,gap of 3 days 00:00:00 (expected 1 days 00:00:00),treasury
2021-09-27 00:00:00+00:00,ZT,gap,info_session_or_outage,gap of 3 days 00:00:00 (expected 1 days 00:00:00),treasury
2021-10-04 00:00:00+00:00,ZT,gap,info_session_or_outage,gap of 3 days 00:00:00 (expected 1 days 00:00:00),treasury
2021-10-11 00:00:00+00:00,ZT,gap,info_session_or_outage,gap of 3 days 00:00:00 (expected 1 days 00:00:00),treasury
2021-10-18 00:00:00+00:00,ZT,gap,info_session_or_outage,gap of 3 days 00:00:00 (expected 1 days 00:00:00),treasury
2021-10-25 00:00:00+00:00,ZT,gap,info_session_or_outage,gap of 3 days 00:00:00 (expected 1 days 00:00:00),treasury
2021-11-01 00:00:00+00:00,ZT,gap,info_session_or_outage,gap of 3 days 00:00:00 (expected 1 days 00:00:00),treasury
2021-11-08 00:00:00+00:00,ZT,gap,info_session_or_outage,gap of 3 days 00:00:00 (expected 1 days 00:00:00),treasury
2021-11-15 00:00:00+00:00,ZT,gap,info_session_or_outage,gap of 3 days 00:00:00 (expected 1 days 00:00:00),treasury
2021-11-22 00:00:00+00:00,ZT,gap,info_session_or_outage,gap of 3 days 00:00:00 (expected 1 days 00:00:00),treasury
2021-11-26 00:00:00+00:00,ZT,gap,info_session_or_outage,gap of 2 days 00:00:00 (expected 1 days 00:00:00),treasury
2021-11-29 00:00:00+00:00,ZT,gap,info_session_or_outage,gap of 3 days 00:00:00 (expected 1 days 00:00:00),treasury
2021-12-06 00:00:00+00:00,ZT,gap,info_session_or_outage,gap of 3 days 00:00:00 (expected 1 days 00:00:00),treasury
2021-12-13 00:00:00+00:00,ZT,gap,info_session_or_outage,gap of 3 days 00:00:00 (expected 1 days 00:00:00),treasury
2021-12-20 00:00:00+00:00,ZT,gap,info_session_or_outage,gap of 3 days 00:00:00 (expected 1 days 00:00:00),treasury
2021-12-27 00:00:00+00:00,ZT,gap,info_session_or_outage,gap of 4 days 00:00:00 (expected 1 days 00:00:00),treasury
2022-01-03 00:00:00+00:00,ZT,gap,info_session_or_outage,gap of 3 days 00:00:00 (expected 1 days 00:00:00),treasury
2022-01-10 00:00:00+00:00,ZT,gap,info_session_or_outage,gap of 3 days 00:00:00 (expected 1 days 00:00:00),treasury
2022-01-18 00:00:00+00:00,ZT,gap,info_session_or_outage,gap of 4 days 00:00:00 (expected 1 days 00:00:00),treasury
2022-01-24 00:00:00+00:00,ZT,gap,info_session_or_outage,gap of 3 days 00:00:00 (expected 1 days 00:00:00),treasury
2022-01-31 00:00:00+00:00,ZT,gap,info_session_or_outage,gap of 3 days 00:00:00 (expected 1 days 00:00:00),treasury
2022-02-07 00:00:00+00:00,ZT,gap,info_session_or_outage,gap of 3 days 00:00:00 (expected 1 days 00:00:00),treasury
2022-02-14 00:00:00+00:00,ZT,gap,info_session_or_outage,gap of 3 days 00:00:00 (expected 1 days 00:00:00),treasury
2022-02-22 00:00:00+00:00,ZT,gap,info_session_or_outage,gap of 4 days 00:00:00 (expected 1 days 00:00:00),treasury
2022-02-28 00:00:00+00:00,ZT,gap,info_session_or_outage,gap of 3 days 00:00:00 (expected 1 days 00:00:00),treasury
2022-03-07 00:00:00+00:00,ZT,gap,info_session_or_outage,gap of 3 days 00:00:00 (expected 1 days 00:00:00),treasury
2022-03-14 00:00:00+00:00,ZT,gap,info_session_or_outage,gap of 3 days 00:00:00 (expected 1 days 00:00:00),treasury
2022-03-21 00:00:00+00:00,ZT,gap,info_session_or_outage,gap of 3 days 00:00:00 (expected 1 days 00:00:00),treasury
2022-03-28 00:00:00+00:00,ZT,gap,info_session_or_outage,gap of 3 days 00:00:00 (expected 1 days 00:00:00),treasury
2022-04-04 00:00:00+00:00,ZT,gap,info_session_or_outage,gap of 3 days 00:00:00 (expected 1 days 00:00:00),treasury
2022-04-11 00:00:00+00:00,ZT,gap,info_session_or_outage,gap of 3 days 00:00:00 (expected 1 days 00:00:00),treasury
2022-04-18 00:00:00+00:00,ZT,gap,info_session_or_outage,gap of 4 days 00:00:00 (expected 1 days 00:00:00),treasury
2022-04-25 00:00:00+00:00,ZT,gap,info_session_or_outage,gap of 3 days 00:00:00 (expected 1 days 00:00:00),treasury
2022-05-02 00:00:00+00:00,ZT,gap,info_session_or_outage,gap of 3 days 00:00:00 (expected 1 days 00:00:00),treasury
2022-05-09 00:00:00+00:00,ZT,gap,info_session_or_outage,gap of 3 days 00:00:00 (expected 1 days 00:00:00),treasury
2022-05-16 00:00:00+00:00,ZT,gap,info_session_or_outage,gap of 3 days 00:00:00 (expected 1 days 00:00:00),treasury
2022-05-23 00:00:00+00:00,ZT,gap,info_session_or_outage,gap of 3 days 00:00:00 (expected 1 days 00:00:00),treasury
2022-05-31 00:00:00+00:00,ZT,gap,info_session_or_outage,gap of 4 days 00:00:00 (expected 1 days 00:00:00),treasury
2022-06-06 00:00:00+00:00,ZT,gap,info_session_or_outage,gap of 3 days 00:00:00 (expected 1 days 00:00:00),treasury
2022-06-13 00:00:00+00:00,ZT,gap,info_session_or_outage,gap of 3 days 00:00:00 (expected 1 days 00:00:00),treasury
2022-06-21 00:00:00+00:00,ZT,gap,info_session_or_outage,gap of 4 days 00:00:00 (expected 1 days 00:00:00),treasury
2022-06-27 00:00:00+00:00,ZT,gap,info_session_or_outage,gap of 3 days 00:00:00 (expected 1 days 00:00:00),treasury
2022-07-05 00:00:00+00:00,ZT,gap,info_session_or_outage,gap of 4 days 00:00:00 (expected 1 days 00:00:00),treasury
2022-07-11 00:00:00+00:00,ZT,gap,info_session_or_outage,gap of 3 days 00:00:00 (expected 1 days 00:00:00),treasury
2022-07-18 00:00:00+00:00,ZT,gap,info_session_or_outage,gap of 3 days 00:00:00 (expected 1 days 00:00:00),treasury
2022-07-25 00:00:00+00:00,ZT,gap,info_session_or_outage,gap of 3 days 00:00:00 (expected 1 days 00:00:00),treasury
2022-08-01 00:00:00+00:00,ZT,gap,info_session_or_outage,gap of 3 days 00:00:00 (expected 1 days 00:00:00),treasury
2022-08-08 00:00:00+00:00,ZT,gap,info_session_or_outage,gap of 3 days 00:00:00 (expected 1 days 00:00:00),treasury
2022-08-15 00:00:00+00:00,ZT,gap,info_session_or_outage,gap of 3 days 00:00:00 (expected 1 days 00:00:00),treasury
2022-08-22 00:00:00+00:00,ZT,gap,info_session_or_outage,gap of 3 days 00:00:00 (expected 1 days 00:00:00),treasury
2022-08-29 00:00:00+00:00,ZT,gap,info_session_or_outage,gap of 3 days 00:00:00 (expected 1 days 00:00:00),treasury
2022-09-06 00:00:00+00:00,ZT,gap,info_session_or_outage,gap of 4 days 00:00:00 (expected 1 days 00:00:00),treasury
2022-09-12 00:00:00+00:00,ZT,gap,info_session_or_outage,gap of 3 days 00:00:00 (expected 1 days 00:00:00),treasury
2022-09-19 00:00:00+00:00,ZT,gap,info_session_or_outage,gap of 3 days 00:00:00 (expected 1 days 00:00:00),treasury
2022-09-26 00:00:00+00:00,ZT,gap,info_session_or_outage,gap of 3 days 00:00:00 (expected 1 days 00:00:00),treasury
2022-10-03 00:00:00+00:00,ZT,gap,info_session_or_outage,gap of 3 days 00:00:00 (expected 1 days 00:00:00),treasury
2022-10-10 00:00:00+00:00,ZT,gap,info_session_or_outage,gap of 3 days 00:00:00 (expected 1 days 00:00:00),treasury
2022-10-17 00:00:00+00:00,ZT,gap,info_session_or_outage,gap of 3 days 00:00:00 (expected 1 days 00:00:00),treasury
2022-10-24 00:00:00+00:00,ZT,gap,info_session_or_outage,gap of 3 days 00:00:00 (expected 1 days 00:00:00),treasury
2022-10-31 00:00:00+00:00,ZT,gap,info_session_or_outage,gap of 3 days 00:00:00 (expected 1 days 00:00:00),treasury
2022-11-07 00:00:00+00:00,ZT,gap,info_session_or_outage,gap of 3 days 00:00:00 (expected 1 days 00:00:00),treasury
2022-11-14 00:00:00+00:00,ZT,gap,info_session_or_outage,gap of 3 days 00:00:00 (expected 1 days 00:00:00),treasury
2022-11-21 00:00:00+00:00,ZT,gap,info_session_or_outage,gap of 3 days 00:00:00 (expected 1 days 00:00:00),treasury
2022-11-25 00:00:00+00:00,ZT,gap,info_session_or_outage,gap of 2 days 00:00:00 (expected 1 days 00:00:00),treasury
2022-11-28 00:00:00+00:00,ZT,gap,info_session_or_outage,gap of 3 days 00:00:00 (expected 1 days 00:00:00),treasury
2022-12-05 00:00:00+00:00,ZT,gap,info_session_or_outage,gap of 3 days 00:00:00 (expected 1 days 00:00:00),treasury
2022-12-12 00:00:00+00:00,ZT,gap,info_session_or_outage,gap of 3 days 00:00:00 (expected 1 days 00:00:00),treasury
2022-12-19 00:00:00+00:00,ZT,gap,info_session_or_outage,gap of 3 days 00:00:00 (expected 1 days 00:00:00),treasury
2022-12-27 00:00:00+00:00,ZT,gap,info_session_or_outage,gap of 4 days 00:00:00 (expected 1 days 00:00:00),treasury
2023-01-03 00:00:00+00:00,ZT,gap,info_session_or_outage,gap of 4 days 00:00:00 (expected 1 days 00:00:00),treasury
2023-01-09 00:00:00+00:00,ZT,gap,info_session_or_outage,gap of 3 days 00:00:00 (expected 1 days 00:00:00),treasury
2023-01-17 00:00:00+00:00,ZT,gap,info_session_or_outage,gap of 4 days 00:00:00 (expected 1 days 00:00:00),treasury
2023-01-23 00:00:00+00:00,ZT,gap,info_session_or_outage,gap of 3 days 00:00:00 (expected 1 days 00:00:00),treasury
2023-01-30 00:00:00+00:00,ZT,gap,info_session_or_outage,gap of 3 days 00:00:00 (expected 1 days 00:00:00),treasury
2023-02-06 00:00:00+00:00,ZT,gap,info_session_or_outage,gap of 3 days 00:00:00 (expected 1 days 00:00:00),treasury
2023-02-13 00:00:00+00:00,ZT,gap,info_session_or_outage,gap of 3 days 00:00:00 (expected 1 days 00:00:00),treasury
2023-02-21 00:00:00+00:00,ZT,gap,info_session_or_outage,gap of 4 days 00:00:00 (expected 1 days 00:00:00),treasury
2023-02-27 00:00:00+00:00,ZT,gap,info_session_or_outage,gap of 3 days 00:00:00 (expected 1 days 00:00:00),treasury
2023-03-06 00:00:00+00:00,ZT,gap,info_session_or_outage,gap of 3 days 00:00:00 (expected 1 days 00:00:00),treasury
2023-03-13 00:00:00+00:00,ZT,gap,info_session_or_outage,gap of 3 days 00:00:00 (expected 1 days 00:00:00),treasury
2023-03-20 00:00:00+00:00,ZT,gap,info_session_or_outage,gap of 3 days 00:00:00 (expected 1 days 00:00:00),treasury
2023-03-27 00:00:00+00:00,ZT,gap,info_session_or_outage,gap of 3 days 00:00:00 (expected 1 days 00:00:00),treasury
2023-04-03 00:00:00+00:00,ZT,gap,info_session_or_outage,gap of 3 days 00:00:00 (expected 1 days 00:00:00),treasury
2023-04-10 00:00:00+00:00,ZT,gap,info_session_or_outage,gap of 4 days 00:00:00 (expected 1 days 00:00:00),treasury
2023-04-17 00:00:00+00:00,ZT,gap,info_session_or_outage,gap of 3 days 00:00:00 (expected 1 days 00:00:00),treasury
2023-04-24 00:00:00+00:00,ZT,gap,info_session_or_outage,gap of 3 days 00:00:00 (expected 1 days 00:00:00),treasury
2023-05-01 00:00:00+00:00,ZT,gap,info_session_or_outage,gap of 3 days 00:00:00 (expected 1 days 00:00:00),treasury
2023-05-08 00:00:00+00:00,ZT,gap,info_session_or_outage,gap of 3 days 00:00:00 (expected 1 days 00:00:00),treasury
2023-05-15 00:00:00+00:00,ZT,gap,info_session_or_outage,gap of 3 days 00:00:00 (expected 1 days 00:00:00),treasury
2023-05-22 00:00:00+00:00,ZT,gap,info_session_or_outage,gap of 3 days 00:00:00 (expected 1 days 00:00:00),treasury
2023-05-30 00:00:00+00:00,ZT,gap,info_session_or_outage,gap of 4 days 00:00:00 (expected 1 days 00:00:00),treasury
2023-06-05 00:00:00+00:00,ZT,gap,info_session_or_outage,gap of 3 days 00:00:00 (expected 1 days 00:00:00),treasury
2023-06-12 00:00:00+00:00,ZT,gap,info_session_or_outage,gap of 3 days 00:00:00 (expected 1 days 00:00:00),treasury
2023-06-20 00:00:00+00:00,ZT,gap,info_session_or_outage,gap of 4 days 00:00:00 (expected 1 days 00:00:00),treasury
2023-06-26 00:00:00+00:00,ZT,gap,info_session_or_outage,gap of 3 days 00:00:00 (expected 1 days 00:00:00),treasury
2023-07-03 00:00:00+00:00,ZT,gap,info_session_or_outage,gap of 3 days 00:00:00 (expected 1 days 00:00:00),treasury
2023-07-05 00:00:00+00:00,ZT,gap,info_session_or_outage,gap of 2 days 00:00:00 (expected 1 days 00:00:00),treasury
2023-07-10 00:00:00+00:00,ZT,gap,info_session_or_outage,gap of 3 days 00:00:00 (expected 1 days 00:00:00),treasury
2023-07-17 00:00:00+00:00,ZT,gap,info_session_or_outage,gap of 3 days 00:00:00 (expected 1 days 00:00:00),treasury
2023-07-24 00:00:00+00:00,ZT,gap,info_session_or_outage,gap of 3 days 00:00:00 (expected 1 days 00:00:00),treasury
2023-07-31 00:00:00+00:00,ZT,gap,info_session_or_outage,gap of 3 days 00:00:00 (expected 1 days 00:00:00),treasury
2023-08-07 00:00:00+00:00,ZT,gap,info_session_or_outage,gap of 3 days 00:00:00 (expected 1 days 00:00:00),treasury
2023-08-14 00:00:00+00:00,ZT,gap,info_session_or_outage,gap of 3 days 00:00:00 (expected 1 days 00:00:00),treasury
2023-08-21 00:00:00+00:00,ZT,gap,info_session_or_outage,gap of 3 days 00:00:00 (expected 1 days 00:00:00),treasury
2023-08-28 00:00:00+00:00,ZT,gap,info_session_or_outage,gap of 3 days 00:00:00 (expected 1 days 00:00:00),treasury
2023-09-05 00:00:00+00:00,ZT,gap,info_session_or_outage,gap of 4 days 00:00:00 (expected 1 days 00:00:00),treasury
2023-09-11 00:00:00+00:00,ZT,gap,info_session_or_outage,gap of 3 days 00:00:00 (expected 1 days 00:00:00),treasury
2023-09-18 00:00:00+00:00,ZT,gap,info_session_or_outage,gap of 3 days 00:00:00 (expected 1 days 00:00:00),treasury
2023-09-25 00:00:00+00:00,ZT,gap,info_session_or_outage,gap of 3 days 00:00:00 (expected 1 days 00:00:00),treasury
2023-10-02 00:00:00+00:00,ZT,gap,info_session_or_outage,gap of 3 days 00:00:00 (expected 1 days 00:00:00),treasury
2023-10-09 00:00:00+00:00,ZT,gap,info_session_or_outage,gap of 3 days 00:00:00 (expected 1 days 00:00:00),treasury
2023-10-16 00:00:00+00:00,ZT,gap,info_session_or_outage,gap of 3 days 00:00:00 (expected 1 days 00:00:00),treasury
2023-10-23 00:00:00+00:00,ZT,gap,info_session_or_outage,gap of 3 days 00:00:00 (expected 1 days 00:00:00),treasury
2023-10-30 00:00:00+00:00,ZT,gap,info_session_or_outage,gap of 3 days 00:00:00 (expected 1 days 00:00:00),treasury
2023-11-06 00:00:00+00:00,ZT,gap,info_session_or_outage,gap of 3 days 00:00:00 (expected 1 days 00:00:00),treasury
2023-11-13 00:00:00+00:00,ZT,gap,info_session_or_outage,gap of 3 days 00:00:00 (expected 1 days 00:00:00),treasury
2023-11-20 00:00:00+00:00,ZT,gap,info_session_or_outage,gap of 3 days 00:00:00 (expected 1 days 00:00:00),treasury
2023-11-27 00:00:00+00:00,ZT,gap,info_session_or_outage,gap of 3 days 00:00:00 (expected 1 days 00:00:00),treasury
2023-12-04 00:00:00+00:00,ZT,gap,info_session_or_outage,gap of 3 days 00:00:00 (expected 1 days 00:00:00),treasury
2023-12-11 00:00:00+00:00,ZT,gap,info_session_or_outage,gap of 3 days 00:00:00 (expected 1 days 00:00:00),treasury
2023-12-18 00:00:00+00:00,ZT,gap,info_session_or_outage,gap of 3 days 00:00:00 (expected 1 days 00:00:00),treasury
2023-12-26 00:00:00+00:00,ZT,gap,info_session_or_outage,gap of 4 days 00:00:00 (expected 1 days 00:00:00),treasury
2024-01-02 00:00:00+00:00,ZT,gap,info_session_or_outage,gap of 4 days 00:00:00 (expected 1 days 00:00:00),treasury
2024-01-08 00:00:00+00:00,ZT,gap,info_session_or_outage,gap of 3 days 00:00:00 (expected 1 days 00:00:00),treasury
2024-01-16 00:00:00+00:00,ZT,gap,info_session_or_outage,gap of 4 days 00:00:00 (expected 1 days 00:00:00),treasury
2024-01-22 00:00:00+00:00,ZT,gap,info_session_or_outage,gap of 3 days 00:00:00 (expected 1 days 00:00:00),treasury
2024-01-29 00:00:00+00:00,ZT,gap,info_session_or_outage,gap of 3 days 00:00:00 (expected 1 days 00:00:00),treasury
2024-02-05 00:00:00+00:00,ZT,gap,info_session_or_outage,gap of 3 days 00:00:00 (expected 1 days 00:00:00),treasury
2024-02-12 00:00:00+00:00,ZT,gap,info_session_or_outage,gap of 3 days 00:00:00 (expected 1 days 00:00:00),treasury
2024-02-20 00:00:00+00:00,ZT,gap,info_session_or_outage,gap of 4 days 00:00:00 (expected 1 days 00:00:00),treasury
2024-02-26 00:00:00+00:00,ZT,gap,info_session_or_outage,gap of 3 days 00:00:00 (expected 1 days 00:00:00),treasury
2024-03-04 00:00:00+00:00,ZT,gap,info_session_or_outage,gap of 3 days 00:00:00 (expected 1 days 00:00:00),treasury
2024-03-11 00:00:00+00:00,ZT,gap,info_session_or_outage,gap of 3 days 00:00:00 (expected 1 days 00:00:00),treasury
2024-03-18 00:00:00+00:00,ZT,gap,info_session_or_outage,gap of 3 days 00:00:00 (expected 1 days 00:00:00),treasury
2024-03-25 00:00:00+00:00,ZT,gap,info_session_or_outage,gap of 3 days 00:00:00 (expected 1 days 00:00:00),treasury
2024-04-01 00:00:00+00:00,ZT,gap,info_session_or_outage,gap of 4 days 00:00:00 (expected 1 days 00:00:00),treasury
2024-04-08 00:00:00+00:00,ZT,gap,info_session_or_outage,gap of 3 days 00:00:00 (expected 1 days 00:00:00),treasury
2024-04-15 00:00:00+00:00,ZT,gap,info_session_or_outage,gap of 3 days 00:00:00 (expected 1 days 00:00:00),treasury
2024-04-22 00:00:00+00:00,ZT,gap,info_session_or_outage,gap of 3 days 00:00:00 (expected 1 days 00:00:00),treasury
2024-04-29 00:00:00+00:00,ZT,gap,info_session_or_outage,gap of 3 days 00:00:00 (expected 1 days 00:00:00),treasury
2024-05-06 00:00:00+00:00,ZT,gap,info_session_or_outage,gap of 3 days 00:00:00 (expected 1 days 00:00:00),treasury
2024-05-13 00:00:00+00:00,ZT,gap,info_session_or_outage,gap of 3 days 00:00:00 (expected 1 days 00:00:00),treasury
2024-05-20 00:00:00+00:00,ZT,gap,info_session_or_outage,gap of 3 days 00:00:00 (expected 1 days 00:00:00),treasury
2024-05-28 00:00:00+00:00,ZT,gap,info_session_or_outage,gap of 4 days 00:00:00 (expected 1 days 00:00:00),treasury
2024-06-03 00:00:00+00:00,ZT,gap,info_session_or_outage,gap of 3 days 00:00:00 (expected 1 days 00:00:00),treasury
2024-06-10 00:00:00+00:00,ZT,gap,info_session_or_outage,gap of 3 days 00:00:00 (expected 1 days 00:00:00),treasury
2024-06-17 00:00:00+00:00,ZT,gap,info_session_or_outage,gap of 3 days 00:00:00 (expected 1 days 00:00:00),treasury
2024-06-20 00:00:00+00:00,ZT,gap,info_session_or_outage,gap of 2 days 00:00:00 (expected 1 days 00:00:00),treasury
2024-06-24 00:00:00+00:00,ZT,gap,info_session_or_outage,gap of 3 days 00:00:00 (expected 1 days 00:00:00),treasury
2024-07-01 00:00:00+00:00,ZT,gap,info_session_or_outage,gap of 3 days 00:00:00 (expected 1 days 00:00:00),treasury
2024-07-05 00:00:00+00:00,ZT,gap,info_session_or_outage,gap of 2 days 00:00:00 (expected 1 days 00:00:00),treasury
2024-07-08 00:00:00+00:00,ZT,gap,info_session_or_outage,gap of 3 days 00:00:00 (expected 1 days 00:00:00),treasury
2024-07-15 00:00:00+00:00,ZT,gap,info_session_or_outage,gap of 3 days 00:00:00 (expected 1 days 00:00:00),treasury
2024-07-22 00:00:00+00:00,ZT,gap,info_session_or_outage,gap of 3 days 00:00:00 (expected 1 days 00:00:00),treasury
2024-07-29 00:00:00+00:00,ZT,gap,info_session_or_outage,gap of 3 days 00:00:00 (expected 1 days 00:00:00),treasury
2024-08-05 00:00:00+00:00,ZT,gap,info_session_or_outage,gap of 3 days 00:00:00 (expected 1 days 00:00:00),treasury
2024-08-12 00:00:00+00:00,ZT,gap,info_session_or_outage,gap of 3 days 00:00:00 (expected 1 days 00:00:00),treasury
2024-08-19 00:00:00+00:00,ZT,gap,info_session_or_outage,gap of 3 days 00:00:00 (expected 1 days 00:00:00),treasury
2024-08-26 00:00:00+00:00,ZT,gap,info_session_or_outage,gap of 3 days 00:00:00 (expected 1 days 00:00:00),treasury
2024-09-03 00:00:00+00:00,ZT,gap,info_session_or_outage,gap of 4 days 00:00:00 (expected 1 days 00:00:00),treasury
2024-09-09 00:00:00+00:00,ZT,gap,info_session_or_outage,gap of 3 days 00:00:00 (expected 1 days 00:00:00),treasury
2024-09-16 00:00:00+00:00,ZT,gap,info_session_or_outage,gap of 3 days 00:00:00 (expected 1 days 00:00:00),treasury
2024-09-23 00:00:00+00:00,ZT,gap,info_session_or_outage,gap of 3 days 00:00:00 (expected 1 days 00:00:00),treasury
2024-09-30 00:00:00+00:00,ZT,gap,info_session_or_outage,gap of 3 days 00:00:00 (expected 1 days 00:00:00),treasury
2024-10-07 00:00:00+00:00,ZT,gap,info_session_or_outage,gap of 3 days 00:00:00 (expected 1 days 00:00:00),treasury
2024-10-14 00:00:00+00:00,ZT,gap,info_session_or_outage,gap of 3 days 00:00:00 (expected 1 days 00:00:00),treasury
2024-10-21 00:00:00+00:00,ZT,gap,info_session_or_outage,gap of 3 days 00:00:00 (expected 1 days 00:00:00),treasury
2024-10-28 00:00:00+00:00,ZT,gap,info_session_or_outage,gap of 3 days 00:00:00 (expected 1 days 00:00:00),treasury
2024-11-04 00:00:00+00:00,ZT,gap,info_session_or_outage,gap of 3 days 00:00:00 (expected 1 days 00:00:00),treasury
2024-11-11 00:00:00+00:00,ZT,gap,info_session_or_outage,gap of 3 days 00:00:00 (expected 1 days 00:00:00),treasury
2024-11-18 00:00:00+00:00,ZT,gap,info_session_or_outage,gap of 3 days 00:00:00 (expected 1 days 00:00:00),treasury
2024-11-25 00:00:00+00:00,ZT,gap,info_session_or_outage,gap of 3 days 00:00:00 (expected 1 days 00:00:00),treasury
2024-11-29 00:00:00+00:00,ZT,gap,info_session_or_outage,gap of 2 days 00:00:00 (expected 1 days 00:00:00),treasury
2024-12-02 00:00:00+00:00,ZT,gap,info_session_or_outage,gap of 3 days 00:00:00 (expected 1 days 00:00:00),treasury
2024-12-09 00:00:00+00:00,ZT,gap,info_session_or_outage,gap of 3 days 00:00:00 (expected 1 days 00:00:00),treasury
2024-12-16 00:00:00+00:00,ZT,gap,info_session_or_outage,gap of 3 days 00:00:00 (expected 1 days 00:00:00),treasury
2024-12-23 00:00:00+00:00,ZT,gap,info_session_or_outage,gap of 3 days 00:00:00 (expected 1 days 00:00:00),treasury
2024-12-26 00:00:00+00:00,ZT,gap,info_session_or_outage,gap of 2 days 00:00:00 (expected 1 days 00:00:00),treasury
2024-12-30 00:00:00+00:00,ZT,gap,info_session_or_outage,gap of 3 days 00:00:00 (expected 1 days 00:00:00),treasury
2025-01-02 00:00:00+00:00,ZT,gap,info_session_or_outage,gap of 2 days 00:00:00 (expected 1 days 00:00:00),treasury
2025-01-06 00:00:00+00:00,ZT,gap,info_session_or_outage,gap of 3 days 00:00:00 (expected 1 days 00:00:00),treasury
2025-01-13 00:00:00+00:00,ZT,gap,info_session_or_outage,gap of 3 days 00:00:00 (expected 1 days 00:00:00),treasury
2025-01-21 00:00:00+00:00,ZT,gap,info_session_or_outage,gap of 4 days 00:00:00 (expected 1 days 00:00:00),treasury
2025-01-27 00:00:00+00:00,ZT,gap,info_session_or_outage,gap of 3 days 00:00:00 (expected 1 days 00:00:00),treasury
2025-02-03 00:00:00+00:00,ZT,gap,info_session_or_outage,gap of 3 days 00:00:00 (expected 1 days 00:00:00),treasury
2025-02-10 00:00:00+00:00,ZT,gap,info_session_or_outage,gap of 3 days 00:00:00 (expected 1 days 00:00:00),treasury
2025-02-18 00:00:00+00:00,ZT,gap,info_session_or_outage,gap of 4 days 00:00:00 (expected 1 days 00:00:00),treasury
2025-02-24 00:00:00+00:00,ZT,gap,info_session_or_outage,gap of 3 days 00:00:00 (expected 1 days 00:00:00),treasury
2025-03-03 00:00:00+00:00,ZT,gap,info_session_or_outage,gap of 3 days 00:00:00 (expected 1 days 00:00:00),treasury
2025-03-10 00:00:00+00:00,ZT,gap,info_session_or_outage,gap of 3 days 00:00:00 (expected 1 days 00:00:00),treasury
2025-03-17 00:00:00+00:00,ZT,gap,info_session_or_outage,gap of 3 days 00:00:00 (expected 1 days 00:00:00),treasury
2025-03-24 00:00:00+00:00,ZT,gap,info_session_or_outage,gap of 3 days 00:00:00 (expected 1 days 00:00:00),treasury
2025-03-31 00:00:00+00:00,ZT,gap,info_session_or_outage,gap of 3 days 00:00:00 (expected 1 days 00:00:00),treasury
2025-04-07 00:00:00+00:00,ZT,gap,info_session_or_outage,gap of 3 days 00:00:00 (expected 1 days 00:00:00),treasury
2025-04-14 00:00:00+00:00,ZT,gap,info_session_or_outage,gap of 3 days 00:00:00 (expected 1 days 00:00:00),treasury
2025-04-21 00:00:00+00:00,ZT,gap,info_session_or_outage,gap of 4 days 00:00:00 (expected 1 days 00:00:00),treasury
2025-04-28 00:00:00+00:00,ZT,gap,info_session_or_outage,gap of 3 days 00:00:00 (expected 1 days 00:00:00),treasury
2025-05-05 00:00:00+00:00,ZT,gap,info_session_or_outage,gap of 3 days 00:00:00 (expected 1 days 00:00:00),treasury
2025-05-12 00:00:00+00:00,ZT,gap,info_session_or_outage,gap of 3 days 00:00:00 (expected 1 days 00:00:00),treasury
2025-05-19 00:00:00+00:00,ZT,gap,info_session_or_outage,gap of 3 days 00:00:00 (expected 1 days 00:00:00),treasury
2025-05-27 00:00:00+00:00,ZT,gap,info_session_or_outage,gap of 4 days 00:00:00 (expected 1 days 00:00:00),treasury
2025-06-02 00:00:00+00:00,ZT,gap,info_session_or_outage,gap of 3 days 00:00:00 (expected 1 days 00:00:00),treasury
2025-06-09 00:00:00+00:00,ZT,gap,info_session_or_outage,gap of 3 days 00:00:00 (expected 1 days 00:00:00),treasury
2025-06-16 00:00:00+00:00,ZT,gap,info_session_or_outage,gap of 3 days 00:00:00 (expected 1 days 00:00:00),treasury
2025-06-20 00:00:00+00:00,ZT,gap,info_session_or_outage,gap of 2 days 00:00:00 (expected 1 days 00:00:00),treasury
2025-06-23 00:00:00+00:00,ZT,gap,info_session_or_outage,gap of 3 days 00:00:00 (expected 1 days 00:00:00),treasury
2025-06-30 00:00:00+00:00,ZT,gap,info_session_or_outage,gap of 3 days 00:00:00 (expected 1 days 00:00:00),treasury
2025-07-07 00:00:00+00:00,ZT,gap,info_session_or_outage,gap of 3 days 00:00:00 (expected 1 days 00:00:00),treasury
2025-07-14 00:00:00+00:00,ZT,gap,info_session_or_outage,gap of 3 days 00:00:00 (expected 1 days 00:00:00),treasury
2025-07-21 00:00:00+00:00,ZT,gap,info_session_or_outage,gap of 3 days 00:00:00 (expected 1 days 00:00:00),treasury
2025-07-28 00:00:00+00:00,ZT,gap,info_session_or_outage,gap of 3 days 00:00:00 (expected 1 days 00:00:00),treasury
2025-08-04 00:00:00+00:00,ZT,gap,info_session_or_outage,gap of 3 days 00:00:00 (expected 1 days 00:00:00),treasury
2025-08-11 00:00:00+00:00,ZT,gap,info_session_or_outage,gap of 3 days 00:00:00 (expected 1 days 00:00:00),treasury
2025-08-18 00:00:00+00:00,ZT,gap,info_session_or_outage,gap of 3 days 00:00:00 (expected 1 days 00:00:00),treasury
2025-08-25 00:00:00+00:00,ZT,gap,info_session_or_outage,gap of 3 days 00:00:00 (expected 1 days 00:00:00),treasury
2025-09-02 00:00:00+00:00,ZT,gap,info_session_or_outage,gap of 4 days 00:00:00 (expected 1 days 00:00:00),treasury
2025-09-08 00:00:00+00:00,ZT,gap,info_session_or_outage,gap of 3 days 00:00:00 (expected 1 days 00:00:00),treasury
2025-09-15 00:00:00+00:00,ZT,gap,info_session_or_outage,gap of 3 days 00:00:00 (expected 1 days 00:00:00),treasury
2025-09-22 00:00:00+00:00,ZT,gap,info_session_or_outage,gap of 3 days 00:00:00 (expected 1 days 00:00:00),treasury
2025-09-29 00:00:00+00:00,ZT,gap,info_session_or_outage,gap of 3 days 00:00:00 (expected 1 days 00:00:00),treasury
2025-10-06 00:00:00+00:00,ZT,gap,info_session_or_outage,gap of 3 days 00:00:00 (expected 1 days 00:00:00),treasury
2025-10-13 00:00:00+00:00,ZT,gap,info_session_or_outage,gap of 3 days 00:00:00 (expected 1 days 00:00:00),treasury
2025-10-20 00:00:00+00:00,ZT,gap,info_session_or_outage,gap of 3 days 00:00:00 (expected 1 days 00:00:00),treasury
2025-10-27 00:00:00+00:00,ZT,gap,info_session_or_outage,gap of 3 days 00:00:00 (expected 1 days 00:00:00),treasury
2025-11-03 00:00:00+00:00,ZT,gap,info_session_or_outage,gap of 3 days 00:00:00 (expected 1 days 00:00:00),treasury
2025-11-10 00:00:00+00:00,ZT,gap,info_session_or_outage,gap of 3 days 00:00:00 (expected 1 days 00:00:00),treasury
2025-11-17 00:00:00+00:00,ZT,gap,info_session_or_outage,gap of 3 days 00:00:00 (expected 1 days 00:00:00),treasury
2025-11-24 00:00:00+00:00,ZT,gap,info_session_or_outage,gap of 3 days 00:00:00 (expected 1 days 00:00:00),treasury
2025-11-28 00:00:00+00:00,ZT,gap,info_session_or_outage,gap of 2 days 00:00:00 (expected 1 days 00:00:00),treasury
2025-12-01 00:00:00+00:00,ZT,gap,info_session_or_outage,gap of 3 days 00:00:00 (expected 1 days 00:00:00),treasury
2025-12-08 00:00:00+00:00,ZT,gap,info_session_or_outage,gap of 3 days 00:00:00 (expected 1 days 00:00:00),treasury
2025-12-15 00:00:00+00:00,ZT,gap,info_session_or_outage,gap of 3 days 00:00:00 (expected 1 days 00:00:00),treasury
2025-12-22 00:00:00+00:00,ZT,gap,info_session_or_outage,gap of 3 days 00:00:00 (expected 1 days 00:00:00),treasury
2025-12-26 00:00:00+00:00,ZT,gap,info_session_or_outage,gap of 2 days 00:00:00 (expected 1 days 00:00:00),treasury
2025-12-29 00:00:00+00:00,ZT,gap,info_session_or_outage,gap of 3 days 00:00:00 (expected 1 days 00:00:00),treasury
2026-01-02 00:00:00+00:00,ZT,gap,info_session_or_outage,gap of 2 days 00:00:00 (expected 1 days 00:00:00),treasury
2026-01-05 00:00:00+00:00,ZT,gap,info_session_or_outage,gap of 3 days 00:00:00 (expected 1 days 00:00:00),treasury
2026-01-12 00:00:00+00:00,ZT,gap,info_session_or_outage,gap of 3 days 00:00:00 (expected 1 days 00:00:00),treasury
2026-01-20 00:00:00+00:00,ZT,gap,info_session_or_outage,gap of 4 days 00:00:00 (expected 1 days 00:00:00),treasury
2026-01-26 00:00:00+00:00,ZT,gap,info_session_or_outage,gap of 3 days 00:00:00 (expected 1 days 00:00:00),treasury
2026-02-02 00:00:00+00:00,ZT,gap,info_session_or_outage,gap of 3 days 00:00:00 (expected 1 days 00:00:00),treasury
2026-02-09 00:00:00+00:00,ZT,gap,info_session_or_outage,gap of 3 days 00:00:00 (expected 1 days 00:00:00),treasury
2026-02-17 00:00:00+00:00,ZT,gap,info_session_or_outage,gap of 4 days 00:00:00 (expected 1 days 00:00:00),treasury
2026-02-23 00:00:00+00:00,ZT,gap,info_session_or_outage,gap of 3 days 00:00:00 (expected 1 days 00:00:00),treasury
2026-03-02 00:00:00+00:00,ZT,gap,info_session_or_outage,gap of 3 days 00:00:00 (expected 1 days 00:00:00),treasury
2026-03-09 00:00:00+00:00,ZT,gap,info_session_or_outage,gap of 3 days 00:00:00 (expected 1 days 00:00:00),treasury
2026-03-16 00:00:00+00:00,ZT,gap,info_session_or_outage,gap of 3 days 00:00:00 (expected 1 days 00:00:00),treasury
2026-03-23 00:00:00+00:00,ZT,gap,info_session_or_outage,gap of 3 days 00:00:00 (expected 1 days 00:00:00),treasury
2026-03-30 00:00:00+00:00,ZT,gap,info_session_or_outage,gap of 3 days 00:00:00 (expected 1 days 00:00:00),treasury
2026-04-06 00:00:00+00:00,ZT,gap,info_session_or_outage,gap of 4 days 00:00:00 (expected 1 days 00:00:00),treasury
2026-04-13 00:00:00+00:00,ZT,gap,info_session_or_outage,gap of 3 days 00:00:00 (expected 1 days 00:00:00),treasury
2026-04-20 00:00:00+00:00,ZT,gap,info_session_or_outage,gap of 3 days 00:00:00 (expected 1 days 00:00:00),treasury
2026-04-27 00:00:00+00:00,ZT,gap,info_session_or_outage,gap of 3 days 00:00:00 (expected 1 days 00:00:00),treasury
2026-05-04 00:00:00+00:00,ZT,gap,info_session_or_outage,gap of 3 days 00:00:00 (expected 1 days 00:00:00),treasury
2026-05-11 00:00:00+00:00,ZT,gap,info_session_or_outage,gap of 3 days 00:00:00 (expected 1 days 00:00:00),treasury
2026-05-18 00:00:00+00:00,ZT,gap,info_session_or_outage,gap of 3 days 00:00:00 (expected 1 days 00:00:00),treasury
2026-05-26 00:00:00+00:00,ZT,gap,info_session_or_outage,gap of 4 days 00:00:00 (expected 1 days 00:00:00),treasury
2026-06-01 00:00:00+00:00,ZT,gap,info_session_or_outage,gap of 3 days 00:00:00 (expected 1 days 00:00:00),treasury
2026-06-08 00:00:00+00:00,ZT,gap,info_session_or_outage,gap of 3 days 00:00:00 (expected 1 days 00:00:00),treasury
2026-06-15 00:00:00+00:00,ZT,gap,info_session_or_outage,gap of 3 days 00:00:00 (expected 1 days 00:00:00),treasury
2026-06-22 00:00:00+00:00,ZT,gap,info_session_or_outage,gap of 4 days 00:00:00 (expected 1 days 00:00:00),treasury
2026-06-29 00:00:00+00:00,ZT,gap,info_session_or_outage,gap of 3 days 00:00:00 (expected 1 days 00:00:00),treasury
2026-07-06 00:00:00+00:00,ZT,gap,info_session_or_outage,gap of 4 days 00:00:00 (expected 1 days 00:00:00),treasury
2026-07-13 00:00:00+00:00,ZT,gap,info_session_or_outage,gap of 3 days 00:00:00 (expected 1 days 00:00:00),treasury
2026-07-20 00:00:00+00:00,ZT,gap,info_session_or_outage,gap of 3 days 00:00:00 (expected 1 days 00:00:00),treasury
2026-07-27 00:00:00+00:00,ZT,gap,info_session_or_outage,gap of 3 days 00:00:00 (expected 1 days 00:00:00),treasury
2022-04-01 00:00:00+00:00,ZT,abnormal_jump,warning,log-return -0.00836 beyond 15.0x MAD,treasury
2023-03-13 00:00:00+00:00,ZT,abnormal_jump,warning,log-return 0.01016 beyond 15.0x MAD,treasury
2010-01-11 00:00:00+00:00,ZF,gap,info_session_or_outage,gap of 3 days 00:00:00 (expected 1 days 00:00:00),treasury
2010-01-19 00:00:00+00:00,ZF,gap,info_session_or_outage,gap of 4 days 00:00:00 (expected 1 days 00:00:00),treasury
2010-01-25 00:00:00+00:00,ZF,gap,info_session_or_outage,gap of 3 days 00:00:00 (expected 1 days 00:00:00),treasury
2010-02-01 00:00:00+00:00,ZF,gap,info_session_or_outage,gap of 3 days 00:00:00 (expected 1 days 00:00:00),treasury
2010-02-08 00:00:00+00:00,ZF,gap,info_session_or_outage,gap of 3 days 00:00:00 (expected 1 days 00:00:00),treasury
2010-02-16 00:00:00+00:00,ZF,gap,info_session_or_outage,gap of 4 days 00:00:00 (expected 1 days 00:00:00),treasury
2010-02-22 00:00:00+00:00,ZF,gap,info_session_or_outage,gap of 3 days 00:00:00 (expected 1 days 00:00:00),treasury
2010-03-01 00:00:00+00:00,ZF,gap,info_session_or_outage,gap of 3 days 00:00:00 (expected 1 days 00:00:00),treasury
2010-03-08 00:00:00+00:00,ZF,gap,info_session_or_outage,gap of 3 days 00:00:00 (expected 1 days 00:00:00),treasury
2010-03-15 00:00:00+00:00,ZF,gap,info_session_or_outage,gap of 3 days 00:00:00 (expected 1 days 00:00:00),treasury
2010-03-22 00:00:00+00:00,ZF,gap,info_session_or_outage,gap of 3 days 00:00:00 (expected 1 days 00:00:00),treasury
2010-03-29 00:00:00+00:00,ZF,gap,info_session_or_outage,gap of 3 days 00:00:00 (expected 1 days 00:00:00),treasury
2010-04-05 00:00:00+00:00,ZF,gap,info_session_or_outage,gap of 4 days 00:00:00 (expected 1 days 00:00:00),treasury
2010-04-12 00:00:00+00:00,ZF,gap,info_session_or_outage,gap of 3 days 00:00:00 (expected 1 days 00:00:00),treasury
2010-04-19 00:00:00+00:00,ZF,gap,info_session_or_outage,gap of 3 days 00:00:00 (expected 1 days 00:00:00),treasury
2010-04-26 00:00:00+00:00,ZF,gap,info_session_or_outage,gap of 3 days 00:00:00 (expected 1 days 00:00:00),treasury
2010-05-03 00:00:00+00:00,ZF,gap,info_session_or_outage,gap of 3 days 00:00:00 (expected 1 days 00:00:00),treasury
2010-05-10 00:00:00+00:00,ZF,gap,info_session_or_outage,gap of 3 days 00:00:00 (expected 1 days 00:00:00),treasury
2010-05-17 00:00:00+00:00,ZF,gap,info_session_or_outage,gap of 3 days 00:00:00 (expected 1 days 00:00:00),treasury
2010-05-24 00:00:00+00:00,ZF,gap,info_session_or_outage,gap of 3 days 00:00:00 (expected 1 days 00:00:00),treasury
2010-06-01 00:00:00+00:00,ZF,gap,info_session_or_outage,gap of 4 days 00:00:00 (expected 1 days 00:00:00),treasury
2010-06-07 00:00:00+00:00,ZF,gap,info_session_or_outage,gap of 3 days 00:00:00 (expected 1 days 00:00:00),treasury
2010-06-14 00:00:00+00:00,ZF,gap,info_session_or_outage,gap of 3 days 00:00:00 (expected 1 days 00:00:00),treasury
2010-06-21 00:00:00+00:00,ZF,gap,info_session_or_outage,gap of 3 days 00:00:00 (expected 1 days 00:00:00),treasury
2010-06-28 00:00:00+00:00,ZF,gap,info_session_or_outage,gap of 3 days 00:00:00 (expected 1 days 00:00:00),treasury
2010-07-06 00:00:00+00:00,ZF,gap,info_session_or_outage,gap of 4 days 00:00:00 (expected 1 days 00:00:00),treasury
2010-07-12 00:00:00+00:00,ZF,gap,info_session_or_outage,gap of 3 days 00:00:00 (expected 1 days 00:00:00),treasury
2010-07-19 00:00:00+00:00,ZF,gap,info_session_or_outage,gap of 3 days 00:00:00 (expected 1 days 00:00:00),treasury
2010-07-26 00:00:00+00:00,ZF,gap,info_session_or_outage,gap of 3 days 00:00:00 (expected 1 days 00:00:00),treasury
2010-08-02 00:00:00+00:00,ZF,gap,info_session_or_outage,gap of 3 days 00:00:00 (expected 1 days 00:00:00),treasury
2010-08-09 00:00:00+00:00,ZF,gap,info_session_or_outage,gap of 3 days 00:00:00 (expected 1 days 00:00:00),treasury
2010-08-16 00:00:00+00:00,ZF,gap,info_session_or_outage,gap of 3 days 00:00:00 (expected 1 days 00:00:00),treasury
2010-08-23 00:00:00+00:00,ZF,gap,info_session_or_outage,gap of 3 days 00:00:00 (expected 1 days 00:00:00),treasury
2010-08-30 00:00:00+00:00,ZF,gap,info_session_or_outage,gap of 3 days 00:00:00 (expected 1 days 00:00:00),treasury
2010-09-07 00:00:00+00:00,ZF,gap,info_session_or_outage,gap of 4 days 00:00:00 (expected 1 days 00:00:00),treasury
2010-09-13 00:00:00+00:00,ZF,gap,info_session_or_outage,gap of 3 days 00:00:00 (expected 1 days 00:00:00),treasury
2010-09-20 00:00:00+00:00,ZF,gap,info_session_or_outage,gap of 3 days 00:00:00 (expected 1 days 00:00:00),treasury
2010-09-27 00:00:00+00:00,ZF,gap,info_session_or_outage,gap of 3 days 00:00:00 (expected 1 days 00:00:00),treasury
2010-10-04 00:00:00+00:00,ZF,gap,info_session_or_outage,gap of 3 days 00:00:00 (expected 1 days 00:00:00),treasury
2010-10-11 00:00:00+00:00,ZF,gap,info_session_or_outage,gap of 3 days 00:00:00 (expected 1 days 00:00:00),treasury
2010-10-18 00:00:00+00:00,ZF,gap,info_session_or_outage,gap of 3 days 00:00:00 (expected 1 days 00:00:00),treasury
2010-10-25 00:00:00+00:00,ZF,gap,info_session_or_outage,gap of 3 days 00:00:00 (expected 1 days 00:00:00),treasury
2010-11-01 00:00:00+00:00,ZF,gap,info_session_or_outage,gap of 3 days 00:00:00 (expected 1 days 00:00:00),treasury
2010-11-08 00:00:00+00:00,ZF,gap,info_session_or_outage,gap of 3 days 00:00:00 (expected 1 days 00:00:00),treasury
2010-11-15 00:00:00+00:00,ZF,gap,info_session_or_outage,gap of 3 days 00:00:00 (expected 1 days 00:00:00),treasury
2010-11-22 00:00:00+00:00,ZF,gap,info_session_or_outage,gap of 3 days 00:00:00 (expected 1 days 00:00:00),treasury
2010-11-26 00:00:00+00:00,ZF,gap,info_session_or_outage,gap of 2 days 00:00:00 (expected 1 days 00:00:00),treasury
2010-11-29 00:00:00+00:00,ZF,gap,info_session_or_outage,gap of 3 days 00:00:00 (expected 1 days 00:00:00),treasury
2010-12-06 00:00:00+00:00,ZF,gap,info_session_or_outage,gap of 3 days 00:00:00 (expected 1 days 00:00:00),treasury
2010-12-13 00:00:00+00:00,ZF,gap,info_session_or_outage,gap of 3 days 00:00:00 (expected 1 days 00:00:00),treasury
2010-12-20 00:00:00+00:00,ZF,gap,info_session_or_outage,gap of 3 days 00:00:00 (expected 1 days 00:00:00),treasury
2010-12-27 00:00:00+00:00,ZF,gap,info_session_or_outage,gap of 4 days 00:00:00 (expected 1 days 00:00:00),treasury
2011-01-03 00:00:00+00:00,ZF,gap,info_session_or_outage,gap of 3 days 00:00:00 (expected 1 days 00:00:00),treasury
2011-01-10 00:00:00+00:00,ZF,gap,info_session_or_outage,gap of 3 days 00:00:00 (expected 1 days 00:00:00),treasury
2011-01-18 00:00:00+00:00,ZF,gap,info_session_or_outage,gap of 4 days 00:00:00 (expected 1 days 00:00:00),treasury
2011-01-24 00:00:00+00:00,ZF,gap,info_session_or_outage,gap of 3 days 00:00:00 (expected 1 days 00:00:00),treasury
2011-01-31 00:00:00+00:00,ZF,gap,info_session_or_outage,gap of 3 days 00:00:00 (expected 1 days 00:00:00),treasury
2011-02-07 00:00:00+00:00,ZF,gap,info_session_or_outage,gap of 3 days 00:00:00 (expected 1 days 00:00:00),treasury
2011-02-14 00:00:00+00:00,ZF,gap,info_session_or_outage,gap of 3 days 00:00:00 (expected 1 days 00:00:00),treasury
2011-02-22 00:00:00+00:00,ZF,gap,info_session_or_outage,gap of 4 days 00:00:00 (expected 1 days 00:00:00),treasury
2011-02-28 00:00:00+00:00,ZF,gap,info_session_or_outage,gap of 3 days 00:00:00 (expected 1 days 00:00:00),treasury
2011-03-07 00:00:00+00:00,ZF,gap,info_session_or_outage,gap of 3 days 00:00:00 (expected 1 days 00:00:00),treasury
2011-03-14 00:00:00+00:00,ZF,gap,info_session_or_outage,gap of 3 days 00:00:00 (expected 1 days 00:00:00),treasury
2011-03-21 00:00:00+00:00,ZF,gap,info_session_or_outage,gap of 3 days 00:00:00 (expected 1 days 00:00:00),treasury
2011-03-28 00:00:00+00:00,ZF,gap,info_session_or_outage,gap of 3 days 00:00:00 (expected 1 days 00:00:00),treasury
2011-04-04 00:00:00+00:00,ZF,gap,info_session_or_outage,gap of 3 days 00:00:00 (expected 1 days 00:00:00),treasury
2011-04-11 00:00:00+00:00,ZF,gap,info_session_or_outage,gap of 3 days 00:00:00 (expected 1 days 00:00:00),treasury
2011-04-18 00:00:00+00:00,ZF,gap,info_session_or_outage,gap of 3 days 00:00:00 (expected 1 days 00:00:00),treasury
2011-04-25 00:00:00+00:00,ZF,gap,info_session_or_outage,gap of 4 days 00:00:00 (expected 1 days 00:00:00),treasury
2011-05-02 00:00:00+00:00,ZF,gap,info_session_or_outage,gap of 3 days 00:00:00 (expected 1 days 00:00:00),treasury
2011-05-09 00:00:00+00:00,ZF,gap,info_session_or_outage,gap of 3 days 00:00:00 (expected 1 days 00:00:00),treasury
2011-05-16 00:00:00+00:00,ZF,gap,info_session_or_outage,gap of 3 days 00:00:00 (expected 1 days 00:00:00),treasury
2011-05-23 00:00:00+00:00,ZF,gap,info_session_or_outage,gap of 3 days 00:00:00 (expected 1 days 00:00:00),treasury
2011-05-31 00:00:00+00:00,ZF,gap,info_session_or_outage,gap of 4 days 00:00:00 (expected 1 days 00:00:00),treasury
2011-06-06 00:00:00+00:00,ZF,gap,info_session_or_outage,gap of 3 days 00:00:00 (expected 1 days 00:00:00),treasury
2011-06-13 00:00:00+00:00,ZF,gap,info_session_or_outage,gap of 3 days 00:00:00 (expected 1 days 00:00:00),treasury
2011-06-20 00:00:00+00:00,ZF,gap,info_session_or_outage,gap of 3 days 00:00:00 (expected 1 days 00:00:00),treasury
2011-06-27 00:00:00+00:00,ZF,gap,info_session_or_outage,gap of 3 days 00:00:00 (expected 1 days 00:00:00),treasury
2011-07-05 00:00:00+00:00,ZF,gap,info_session_or_outage,gap of 4 days 00:00:00 (expected 1 days 00:00:00),treasury
2011-07-11 00:00:00+00:00,ZF,gap,info_session_or_outage,gap of 3 days 00:00:00 (expected 1 days 00:00:00),treasury
2011-07-18 00:00:00+00:00,ZF,gap,info_session_or_outage,gap of 3 days 00:00:00 (expected 1 days 00:00:00),treasury
2011-07-25 00:00:00+00:00,ZF,gap,info_session_or_outage,gap of 3 days 00:00:00 (expected 1 days 00:00:00),treasury
2011-08-01 00:00:00+00:00,ZF,gap,info_session_or_outage,gap of 3 days 00:00:00 (expected 1 days 00:00:00),treasury
2011-08-08 00:00:00+00:00,ZF,gap,info_session_or_outage,gap of 3 days 00:00:00 (expected 1 days 00:00:00),treasury
2011-08-15 00:00:00+00:00,ZF,gap,info_session_or_outage,gap of 3 days 00:00:00 (expected 1 days 00:00:00),treasury
2011-08-22 00:00:00+00:00,ZF,gap,info_session_or_outage,gap of 3 days 00:00:00 (expected 1 days 00:00:00),treasury
2011-08-29 00:00:00+00:00,ZF,gap,info_session_or_outage,gap of 3 days 00:00:00 (expected 1 days 00:00:00),treasury
2011-09-06 00:00:00+00:00,ZF,gap,info_session_or_outage,gap of 4 days 00:00:00 (expected 1 days 00:00:00),treasury
2011-09-12 00:00:00+00:00,ZF,gap,info_session_or_outage,gap of 3 days 00:00:00 (expected 1 days 00:00:00),treasury
2011-09-19 00:00:00+00:00,ZF,gap,info_session_or_outage,gap of 3 days 00:00:00 (expected 1 days 00:00:00),treasury
2011-09-26 00:00:00+00:00,ZF,gap,info_session_or_outage,gap of 3 days 00:00:00 (expected 1 days 00:00:00),treasury
2011-10-03 00:00:00+00:00,ZF,gap,info_session_or_outage,gap of 3 days 00:00:00 (expected 1 days 00:00:00),treasury
2011-10-10 00:00:00+00:00,ZF,gap,info_session_or_outage,gap of 3 days 00:00:00 (expected 1 days 00:00:00),treasury
2011-10-17 00:00:00+00:00,ZF,gap,info_session_or_outage,gap of 3 days 00:00:00 (expected 1 days 00:00:00),treasury
2011-10-24 00:00:00+00:00,ZF,gap,info_session_or_outage,gap of 3 days 00:00:00 (expected 1 days 00:00:00),treasury
2011-10-31 00:00:00+00:00,ZF,gap,info_session_or_outage,gap of 3 days 00:00:00 (expected 1 days 00:00:00),treasury
2011-11-07 00:00:00+00:00,ZF,gap,info_session_or_outage,gap of 3 days 00:00:00 (expected 1 days 00:00:00),treasury
2011-11-14 00:00:00+00:00,ZF,gap,info_session_or_outage,gap of 3 days 00:00:00 (expected 1 days 00:00:00),treasury
2011-11-21 00:00:00+00:00,ZF,gap,info_session_or_outage,gap of 3 days 00:00:00 (expected 1 days 00:00:00),treasury
2011-11-25 00:00:00+00:00,ZF,gap,info_session_or_outage,gap of 2 days 00:00:00 (expected 1 days 00:00:00),treasury
2011-11-28 00:00:00+00:00,ZF,gap,info_session_or_outage,gap of 3 days 00:00:00 (expected 1 days 00:00:00),treasury
2011-12-05 00:00:00+00:00,ZF,gap,info_session_or_outage,gap of 3 days 00:00:00 (expected 1 days 00:00:00),treasury
2011-12-12 00:00:00+00:00,ZF,gap,info_session_or_outage,gap of 3 days 00:00:00 (expected 1 days 00:00:00),treasury
2011-12-19 00:00:00+00:00,ZF,gap,info_session_or_outage,gap of 3 days 00:00:00 (expected 1 days 00:00:00),treasury
2011-12-27 00:00:00+00:00,ZF,gap,info_session_or_outage,gap of 4 days 00:00:00 (expected 1 days 00:00:00),treasury
2012-01-03 00:00:00+00:00,ZF,gap,info_session_or_outage,gap of 4 days 00:00:00 (expected 1 days 00:00:00),treasury
2012-01-09 00:00:00+00:00,ZF,gap,info_session_or_outage,gap of 3 days 00:00:00 (expected 1 days 00:00:00),treasury
2012-01-17 00:00:00+00:00,ZF,gap,info_session_or_outage,gap of 4 days 00:00:00 (expected 1 days 00:00:00),treasury
2012-01-23 00:00:00+00:00,ZF,gap,info_session_or_outage,gap of 3 days 00:00:00 (expected 1 days 00:00:00),treasury
2012-01-30 00:00:00+00:00,ZF,gap,info_session_or_outage,gap of 3 days 00:00:00 (expected 1 days 00:00:00),treasury
2012-02-06 00:00:00+00:00,ZF,gap,info_session_or_outage,gap of 3 days 00:00:00 (expected 1 days 00:00:00),treasury
2012-02-13 00:00:00+00:00,ZF,gap,info_session_or_outage,gap of 3 days 00:00:00 (expected 1 days 00:00:00),treasury
2012-02-21 00:00:00+00:00,ZF,gap,info_session_or_outage,gap of 4 days 00:00:00 (expected 1 days 00:00:00),treasury
2012-02-27 00:00:00+00:00,ZF,gap,info_session_or_outage,gap of 3 days 00:00:00 (expected 1 days 00:00:00),treasury
2012-03-05 00:00:00+00:00,ZF,gap,info_session_or_outage,gap of 3 days 00:00:00 (expected 1 days 00:00:00),treasury
2012-03-12 00:00:00+00:00,ZF,gap,info_session_or_outage,gap of 3 days 00:00:00 (expected 1 days 00:00:00),treasury
2012-03-19 00:00:00+00:00,ZF,gap,info_session_or_outage,gap of 3 days 00:00:00 (expected 1 days 00:00:00),treasury
2012-03-26 00:00:00+00:00,ZF,gap,info_session_or_outage,gap of 3 days 00:00:00 (expected 1 days 00:00:00),treasury
2012-04-02 00:00:00+00:00,ZF,gap,info_session_or_outage,gap of 3 days 00:00:00 (expected 1 days 00:00:00),treasury
2012-04-09 00:00:00+00:00,ZF,gap,info_session_or_outage,gap of 4 days 00:00:00 (expected 1 days 00:00:00),treasury
2012-04-16 00:00:00+00:00,ZF,gap,info_session_or_outage,gap of 3 days 00:00:00 (expected 1 days 00:00:00),treasury
2012-04-23 00:00:00+00:00,ZF,gap,info_session_or_outage,gap of 3 days 00:00:00 (expected 1 days 00:00:00),treasury
2012-04-30 00:00:00+00:00,ZF,gap,info_session_or_outage,gap of 3 days 00:00:00 (expected 1 days 00:00:00),treasury
2012-05-07 00:00:00+00:00,ZF,gap,info_session_or_outage,gap of 3 days 00:00:00 (expected 1 days 00:00:00),treasury
2012-05-14 00:00:00+00:00,ZF,gap,info_session_or_outage,gap of 3 days 00:00:00 (expected 1 days 00:00:00),treasury
2012-05-21 00:00:00+00:00,ZF,gap,info_session_or_outage,gap of 3 days 00:00:00 (expected 1 days 00:00:00),treasury
2012-05-29 00:00:00+00:00,ZF,gap,info_session_or_outage,gap of 4 days 00:00:00 (expected 1 days 00:00:00),treasury
2012-06-04 00:00:00+00:00,ZF,gap,info_session_or_outage,gap of 3 days 00:00:00 (expected 1 days 00:00:00),treasury
2012-06-11 00:00:00+00:00,ZF,gap,info_session_or_outage,gap of 3 days 00:00:00 (expected 1 days 00:00:00),treasury
2012-06-18 00:00:00+00:00,ZF,gap,info_session_or_outage,gap of 3 days 00:00:00 (expected 1 days 00:00:00),treasury
2012-06-25 00:00:00+00:00,ZF,gap,info_session_or_outage,gap of 3 days 00:00:00 (expected 1 days 00:00:00),treasury
2012-07-02 00:00:00+00:00,ZF,gap,info_session_or_outage,gap of 3 days 00:00:00 (expected 1 days 00:00:00),treasury
2012-07-05 00:00:00+00:00,ZF,gap,info_session_or_outage,gap of 2 days 00:00:00 (expected 1 days 00:00:00),treasury
2012-07-09 00:00:00+00:00,ZF,gap,info_session_or_outage,gap of 3 days 00:00:00 (expected 1 days 00:00:00),treasury
2012-07-16 00:00:00+00:00,ZF,gap,info_session_or_outage,gap of 3 days 00:00:00 (expected 1 days 00:00:00),treasury
2012-07-23 00:00:00+00:00,ZF,gap,info_session_or_outage,gap of 3 days 00:00:00 (expected 1 days 00:00:00),treasury
2012-07-30 00:00:00+00:00,ZF,gap,info_session_or_outage,gap of 3 days 00:00:00 (expected 1 days 00:00:00),treasury
2012-08-06 00:00:00+00:00,ZF,gap,info_session_or_outage,gap of 3 days 00:00:00 (expected 1 days 00:00:00),treasury
2012-08-13 00:00:00+00:00,ZF,gap,info_session_or_outage,gap of 3 days 00:00:00 (expected 1 days 00:00:00),treasury
2012-08-20 00:00:00+00:00,ZF,gap,info_session_or_outage,gap of 3 days 00:00:00 (expected 1 days 00:00:00),treasury
2012-08-27 00:00:00+00:00,ZF,gap,info_session_or_outage,gap of 3 days 00:00:00 (expected 1 days 00:00:00),treasury
2012-09-04 00:00:00+00:00,ZF,gap,info_session_or_outage,gap of 4 days 00:00:00 (expected 1 days 00:00:00),treasury
2012-09-10 00:00:00+00:00,ZF,gap,info_session_or_outage,gap of 3 days 00:00:00 (expected 1 days 00:00:00),treasury
2012-09-17 00:00:00+00:00,ZF,gap,info_session_or_outage,gap of 3 days 00:00:00 (expected 1 days 00:00:00),treasury
2012-09-24 00:00:00+00:00,ZF,gap,info_session_or_outage,gap of 3 days 00:00:00 (expected 1 days 00:00:00),treasury
2012-10-01 00:00:00+00:00,ZF,gap,info_session_or_outage,gap of 3 days 00:00:00 (expected 1 days 00:00:00),treasury
2012-10-08 00:00:00+00:00,ZF,gap,info_session_or_outage,gap of 3 days 00:00:00 (expected 1 days 00:00:00),treasury
2012-10-15 00:00:00+00:00,ZF,gap,info_session_or_outage,gap of 3 days 00:00:00 (expected 1 days 00:00:00),treasury
2012-10-22 00:00:00+00:00,ZF,gap,info_session_or_outage,gap of 3 days 00:00:00 (expected 1 days 00:00:00),treasury
2012-10-31 00:00:00+00:00,ZF,gap,info_session_or_outage,gap of 5 days 00:00:00 (expected 1 days 00:00:00),treasury
2012-11-05 00:00:00+00:00,ZF,gap,info_session_or_outage,gap of 3 days 00:00:00 (expected 1 days 00:00:00),treasury
2012-11-12 00:00:00+00:00,ZF,gap,info_session_or_outage,gap of 3 days 00:00:00 (expected 1 days 00:00:00),treasury
2012-11-19 00:00:00+00:00,ZF,gap,info_session_or_outage,gap of 3 days 00:00:00 (expected 1 days 00:00:00),treasury
2012-11-23 00:00:00+00:00,ZF,gap,info_session_or_outage,gap of 2 days 00:00:00 (expected 1 days 00:00:00),treasury
2012-11-26 00:00:00+00:00,ZF,gap,info_session_or_outage,gap of 3 days 00:00:00 (expected 1 days 00:00:00),treasury
2012-12-03 00:00:00+00:00,ZF,gap,info_session_or_outage,gap of 3 days 00:00:00 (expected 1 days 00:00:00),treasury
2012-12-10 00:00:00+00:00,ZF,gap,info_session_or_outage,gap of 3 days 00:00:00 (expected 1 days 00:00:00),treasury
2012-12-17 00:00:00+00:00,ZF,gap,info_session_or_outage,gap of 3 days 00:00:00 (expected 1 days 00:00:00),treasury
2012-12-24 00:00:00+00:00,ZF,gap,info_session_or_outage,gap of 3 days 00:00:00 (expected 1 days 00:00:00),treasury
2012-12-26 00:00:00+00:00,ZF,gap,info_session_or_outage,gap of 2 days 00:00:00 (expected 1 days 00:00:00),treasury
2012-12-31 00:00:00+00:00,ZF,gap,info_session_or_outage,gap of 3 days 00:00:00 (expected 1 days 00:00:00),treasury
2013-01-02 00:00:00+00:00,ZF,gap,info_session_or_outage,gap of 2 days 00:00:00 (expected 1 days 00:00:00),treasury
2013-01-07 00:00:00+00:00,ZF,gap,info_session_or_outage,gap of 3 days 00:00:00 (expected 1 days 00:00:00),treasury
2013-01-14 00:00:00+00:00,ZF,gap,info_session_or_outage,gap of 3 days 00:00:00 (expected 1 days 00:00:00),treasury
2013-01-22 00:00:00+00:00,ZF,gap,info_session_or_outage,gap of 4 days 00:00:00 (expected 1 days 00:00:00),treasury
2013-01-28 00:00:00+00:00,ZF,gap,info_session_or_outage,gap of 3 days 00:00:00 (expected 1 days 00:00:00),treasury
2013-02-04 00:00:00+00:00,ZF,gap,info_session_or_outage,gap of 3 days 00:00:00 (expected 1 days 00:00:00),treasury
2013-02-11 00:00:00+00:00,ZF,gap,info_session_or_outage,gap of 3 days 00:00:00 (expected 1 days 00:00:00),treasury
2013-02-19 00:00:00+00:00,ZF,gap,info_session_or_outage,gap of 4 days 00:00:00 (expected 1 days 00:00:00),treasury
2013-02-25 00:00:00+00:00,ZF,gap,info_session_or_outage,gap of 3 days 00:00:00 (expected 1 days 00:00:00),treasury
2013-03-04 00:00:00+00:00,ZF,gap,info_session_or_outage,gap of 3 days 00:00:00 (expected 1 days 00:00:00),treasury
2013-03-11 00:00:00+00:00,ZF,gap,info_session_or_outage,gap of 3 days 00:00:00 (expected 1 days 00:00:00),treasury
2013-03-18 00:00:00+00:00,ZF,gap,info_session_or_outage,gap of 3 days 00:00:00 (expected 1 days 00:00:00),treasury
2013-03-25 00:00:00+00:00,ZF,gap,info_session_or_outage,gap of 3 days 00:00:00 (expected 1 days 00:00:00),treasury
2013-04-01 00:00:00+00:00,ZF,gap,info_session_or_outage,gap of 4 days 00:00:00 (expected 1 days 00:00:00),treasury
2013-04-08 00:00:00+00:00,ZF,gap,info_session_or_outage,gap of 3 days 00:00:00 (expected 1 days 00:00:00),treasury
2013-04-15 00:00:00+00:00,ZF,gap,info_session_or_outage,gap of 3 days 00:00:00 (expected 1 days 00:00:00),treasury
2013-04-22 00:00:00+00:00,ZF,gap,info_session_or_outage,gap of 3 days 00:00:00 (expected 1 days 00:00:00),treasury
2013-04-29 00:00:00+00:00,ZF,gap,info_session_or_outage,gap of 3 days 00:00:00 (expected 1 days 00:00:00),treasury
2013-05-06 00:00:00+00:00,ZF,gap,info_session_or_outage,gap of 3 days 00:00:00 (expected 1 days 00:00:00),treasury
2013-05-13 00:00:00+00:00,ZF,gap,info_session_or_outage,gap of 3 days 00:00:00 (expected 1 days 00:00:00),treasury
2013-05-20 00:00:00+00:00,ZF,gap,info_session_or_outage,gap of 3 days 00:00:00 (expected 1 days 00:00:00),treasury
2013-05-28 00:00:00+00:00,ZF,gap,info_session_or_outage,gap of 4 days 00:00:00 (expected 1 days 00:00:00),treasury
2013-06-03 00:00:00+00:00,ZF,gap,info_session_or_outage,gap of 3 days 00:00:00 (expected 1 days 00:00:00),treasury
2013-06-10 00:00:00+00:00,ZF,gap,info_session_or_outage,gap of 3 days 00:00:00 (expected 1 days 00:00:00),treasury
2013-06-17 00:00:00+00:00,ZF,gap,info_session_or_outage,gap of 3 days 00:00:00 (expected 1 days 00:00:00),treasury
2013-06-24 00:00:00+00:00,ZF,gap,info_session_or_outage,gap of 3 days 00:00:00 (expected 1 days 00:00:00),treasury
2013-07-01 00:00:00+00:00,ZF,gap,info_session_or_outage,gap of 3 days 00:00:00 (expected 1 days 00:00:00),treasury
2013-07-05 00:00:00+00:00,ZF,gap,info_session_or_outage,gap of 2 days 00:00:00 (expected 1 days 00:00:00),treasury
2013-07-08 00:00:00+00:00,ZF,gap,info_session_or_outage,gap of 3 days 00:00:00 (expected 1 days 00:00:00),treasury
2013-07-15 00:00:00+00:00,ZF,gap,info_session_or_outage,gap of 3 days 00:00:00 (expected 1 days 00:00:00),treasury
2013-07-22 00:00:00+00:00,ZF,gap,info_session_or_outage,gap of 3 days 00:00:00 (expected 1 days 00:00:00),treasury
2013-07-29 00:00:00+00:00,ZF,gap,info_session_or_outage,gap of 3 days 00:00:00 (expected 1 days 00:00:00),treasury
2013-08-05 00:00:00+00:00,ZF,gap,info_session_or_outage,gap of 3 days 00:00:00 (expected 1 days 00:00:00),treasury
2013-08-12 00:00:00+00:00,ZF,gap,info_session_or_outage,gap of 3 days 00:00:00 (expected 1 days 00:00:00),treasury
2013-08-19 00:00:00+00:00,ZF,gap,info_session_or_outage,gap of 3 days 00:00:00 (expected 1 days 00:00:00),treasury
2013-08-26 00:00:00+00:00,ZF,gap,info_session_or_outage,gap of 3 days 00:00:00 (expected 1 days 00:00:00),treasury
2013-09-03 00:00:00+00:00,ZF,gap,info_session_or_outage,gap of 4 days 00:00:00 (expected 1 days 00:00:00),treasury
2013-09-09 00:00:00+00:00,ZF,gap,info_session_or_outage,gap of 3 days 00:00:00 (expected 1 days 00:00:00),treasury
2013-09-16 00:00:00+00:00,ZF,gap,info_session_or_outage,gap of 3 days 00:00:00 (expected 1 days 00:00:00),treasury
2013-09-23 00:00:00+00:00,ZF,gap,info_session_or_outage,gap of 3 days 00:00:00 (expected 1 days 00:00:00),treasury
2013-09-30 00:00:00+00:00,ZF,gap,info_session_or_outage,gap of 3 days 00:00:00 (expected 1 days 00:00:00),treasury
2013-10-07 00:00:00+00:00,ZF,gap,info_session_or_outage,gap of 3 days 00:00:00 (expected 1 days 00:00:00),treasury
2013-10-14 00:00:00+00:00,ZF,gap,info_session_or_outage,gap of 3 days 00:00:00 (expected 1 days 00:00:00),treasury
2013-10-21 00:00:00+00:00,ZF,gap,info_session_or_outage,gap of 3 days 00:00:00 (expected 1 days 00:00:00),treasury
2013-10-28 00:00:00+00:00,ZF,gap,info_session_or_outage,gap of 3 days 00:00:00 (expected 1 days 00:00:00),treasury
2013-11-04 00:00:00+00:00,ZF,gap,info_session_or_outage,gap of 3 days 00:00:00 (expected 1 days 00:00:00),treasury
2013-11-11 00:00:00+00:00,ZF,gap,info_session_or_outage,gap of 3 days 00:00:00 (expected 1 days 00:00:00),treasury
2013-11-18 00:00:00+00:00,ZF,gap,info_session_or_outage,gap of 3 days 00:00:00 (expected 1 days 00:00:00),treasury
2013-11-25 00:00:00+00:00,ZF,gap,info_session_or_outage,gap of 3 days 00:00:00 (expected 1 days 00:00:00),treasury
2013-11-29 00:00:00+00:00,ZF,gap,info_session_or_outage,gap of 2 days 00:00:00 (expected 1 days 00:00:00),treasury
2013-12-02 00:00:00+00:00,ZF,gap,info_session_or_outage,gap of 3 days 00:00:00 (expected 1 days 00:00:00),treasury
2013-12-09 00:00:00+00:00,ZF,gap,info_session_or_outage,gap of 3 days 00:00:00 (expected 1 days 00:00:00),treasury
2013-12-16 00:00:00+00:00,ZF,gap,info_session_or_outage,gap of 3 days 00:00:00 (expected 1 days 00:00:00),treasury
2013-12-23 00:00:00+00:00,ZF,gap,info_session_or_outage,gap of 3 days 00:00:00 (expected 1 days 00:00:00),treasury
2013-12-26 00:00:00+00:00,ZF,gap,info_session_or_outage,gap of 2 days 00:00:00 (expected 1 days 00:00:00),treasury
2013-12-30 00:00:00+00:00,ZF,gap,info_session_or_outage,gap of 3 days 00:00:00 (expected 1 days 00:00:00),treasury
2014-01-02 00:00:00+00:00,ZF,gap,info_session_or_outage,gap of 2 days 00:00:00 (expected 1 days 00:00:00),treasury
2014-01-06 00:00:00+00:00,ZF,gap,info_session_or_outage,gap of 3 days 00:00:00 (expected 1 days 00:00:00),treasury
2014-01-13 00:00:00+00:00,ZF,gap,info_session_or_outage,gap of 3 days 00:00:00 (expected 1 days 00:00:00),treasury
2014-01-21 00:00:00+00:00,ZF,gap,info_session_or_outage,gap of 4 days 00:00:00 (expected 1 days 00:00:00),treasury
2014-01-27 00:00:00+00:00,ZF,gap,info_session_or_outage,gap of 3 days 00:00:00 (expected 1 days 00:00:00),treasury
2014-02-03 00:00:00+00:00,ZF,gap,info_session_or_outage,gap of 3 days 00:00:00 (expected 1 days 00:00:00),treasury
2014-02-10 00:00:00+00:00,ZF,gap,info_session_or_outage,gap of 3 days 00:00:00 (expected 1 days 00:00:00),treasury
2014-02-18 00:00:00+00:00,ZF,gap,info_session_or_outage,gap of 4 days 00:00:00 (expected 1 days 00:00:00),treasury
2014-02-24 00:00:00+00:00,ZF,gap,info_session_or_outage,gap of 3 days 00:00:00 (expected 1 days 00:00:00),treasury
2014-03-03 00:00:00+00:00,ZF,gap,info_session_or_outage,gap of 3 days 00:00:00 (expected 1 days 00:00:00),treasury
2014-03-10 00:00:00+00:00,ZF,gap,info_session_or_outage,gap of 3 days 00:00:00 (expected 1 days 00:00:00),treasury
2014-03-17 00:00:00+00:00,ZF,gap,info_session_or_outage,gap of 3 days 00:00:00 (expected 1 days 00:00:00),treasury
2014-03-24 00:00:00+00:00,ZF,gap,info_session_or_outage,gap of 3 days 00:00:00 (expected 1 days 00:00:00),treasury
2014-03-31 00:00:00+00:00,ZF,gap,info_session_or_outage,gap of 3 days 00:00:00 (expected 1 days 00:00:00),treasury
2014-04-07 00:00:00+00:00,ZF,gap,info_session_or_outage,gap of 3 days 00:00:00 (expected 1 days 00:00:00),treasury
2014-04-14 00:00:00+00:00,ZF,gap,info_session_or_outage,gap of 3 days 00:00:00 (expected 1 days 00:00:00),treasury
2014-04-21 00:00:00+00:00,ZF,gap,info_session_or_outage,gap of 4 days 00:00:00 (expected 1 days 00:00:00),treasury
2014-04-28 00:00:00+00:00,ZF,gap,info_session_or_outage,gap of 3 days 00:00:00 (expected 1 days 00:00:00),treasury
2014-05-05 00:00:00+00:00,ZF,gap,info_session_or_outage,gap of 3 days 00:00:00 (expected 1 days 00:00:00),treasury
2014-05-12 00:00:00+00:00,ZF,gap,info_session_or_outage,gap of 3 days 00:00:00 (expected 1 days 00:00:00),treasury
2014-05-19 00:00:00+00:00,ZF,gap,info_session_or_outage,gap of 3 days 00:00:00 (expected 1 days 00:00:00),treasury
2014-05-27 00:00:00+00:00,ZF,gap,info_session_or_outage,gap of 4 days 00:00:00 (expected 1 days 00:00:00),treasury
2014-06-02 00:00:00+00:00,ZF,gap,info_session_or_outage,gap of 3 days 00:00:00 (expected 1 days 00:00:00),treasury
2014-06-09 00:00:00+00:00,ZF,gap,info_session_or_outage,gap of 3 days 00:00:00 (expected 1 days 00:00:00),treasury
2014-06-16 00:00:00+00:00,ZF,gap,info_session_or_outage,gap of 3 days 00:00:00 (expected 1 days 00:00:00),treasury
2014-06-23 00:00:00+00:00,ZF,gap,info_session_or_outage,gap of 3 days 00:00:00 (expected 1 days 00:00:00),treasury
2014-06-30 00:00:00+00:00,ZF,gap,info_session_or_outage,gap of 3 days 00:00:00 (expected 1 days 00:00:00),treasury
2014-07-07 00:00:00+00:00,ZF,gap,info_session_or_outage,gap of 4 days 00:00:00 (expected 1 days 00:00:00),treasury
2014-07-14 00:00:00+00:00,ZF,gap,info_session_or_outage,gap of 3 days 00:00:00 (expected 1 days 00:00:00),treasury
2014-07-21 00:00:00+00:00,ZF,gap,info_session_or_outage,gap of 3 days 00:00:00 (expected 1 days 00:00:00),treasury
2014-07-28 00:00:00+00:00,ZF,gap,info_session_or_outage,gap of 3 days 00:00:00 (expected 1 days 00:00:00),treasury
2014-08-04 00:00:00+00:00,ZF,gap,info_session_or_outage,gap of 3 days 00:00:00 (expected 1 days 00:00:00),treasury
2014-08-11 00:00:00+00:00,ZF,gap,info_session_or_outage,gap of 3 days 00:00:00 (expected 1 days 00:00:00),treasury
2014-08-18 00:00:00+00:00,ZF,gap,info_session_or_outage,gap of 3 days 00:00:00 (expected 1 days 00:00:00),treasury
2014-08-25 00:00:00+00:00,ZF,gap,info_session_or_outage,gap of 3 days 00:00:00 (expected 1 days 00:00:00),treasury
2014-09-02 00:00:00+00:00,ZF,gap,info_session_or_outage,gap of 4 days 00:00:00 (expected 1 days 00:00:00),treasury
2014-09-08 00:00:00+00:00,ZF,gap,info_session_or_outage,gap of 3 days 00:00:00 (expected 1 days 00:00:00),treasury
2014-09-15 00:00:00+00:00,ZF,gap,info_session_or_outage,gap of 3 days 00:00:00 (expected 1 days 00:00:00),treasury
2014-09-22 00:00:00+00:00,ZF,gap,info_session_or_outage,gap of 3 days 00:00:00 (expected 1 days 00:00:00),treasury
2014-09-29 00:00:00+00:00,ZF,gap,info_session_or_outage,gap of 3 days 00:00:00 (expected 1 days 00:00:00),treasury
2014-10-06 00:00:00+00:00,ZF,gap,info_session_or_outage,gap of 3 days 00:00:00 (expected 1 days 00:00:00),treasury
2014-10-13 00:00:00+00:00,ZF,gap,info_session_or_outage,gap of 3 days 00:00:00 (expected 1 days 00:00:00),treasury
2014-10-20 00:00:00+00:00,ZF,gap,info_session_or_outage,gap of 3 days 00:00:00 (expected 1 days 00:00:00),treasury
2014-10-27 00:00:00+00:00,ZF,gap,info_session_or_outage,gap of 3 days 00:00:00 (expected 1 days 00:00:00),treasury
2014-11-03 00:00:00+00:00,ZF,gap,info_session_or_outage,gap of 3 days 00:00:00 (expected 1 days 00:00:00),treasury
2014-11-10 00:00:00+00:00,ZF,gap,info_session_or_outage,gap of 3 days 00:00:00 (expected 1 days 00:00:00),treasury
2014-11-17 00:00:00+00:00,ZF,gap,info_session_or_outage,gap of 3 days 00:00:00 (expected 1 days 00:00:00),treasury
2014-11-24 00:00:00+00:00,ZF,gap,info_session_or_outage,gap of 3 days 00:00:00 (expected 1 days 00:00:00),treasury
2014-11-28 00:00:00+00:00,ZF,gap,info_session_or_outage,gap of 2 days 00:00:00 (expected 1 days 00:00:00),treasury
2014-12-01 00:00:00+00:00,ZF,gap,info_session_or_outage,gap of 3 days 00:00:00 (expected 1 days 00:00:00),treasury
2014-12-08 00:00:00+00:00,ZF,gap,info_session_or_outage,gap of 3 days 00:00:00 (expected 1 days 00:00:00),treasury
2014-12-15 00:00:00+00:00,ZF,gap,info_session_or_outage,gap of 3 days 00:00:00 (expected 1 days 00:00:00),treasury
2014-12-22 00:00:00+00:00,ZF,gap,info_session_or_outage,gap of 3 days 00:00:00 (expected 1 days 00:00:00),treasury
2014-12-26 00:00:00+00:00,ZF,gap,info_session_or_outage,gap of 2 days 00:00:00 (expected 1 days 00:00:00),treasury
2014-12-29 00:00:00+00:00,ZF,gap,info_session_or_outage,gap of 3 days 00:00:00 (expected 1 days 00:00:00),treasury
2015-01-02 00:00:00+00:00,ZF,gap,info_session_or_outage,gap of 2 days 00:00:00 (expected 1 days 00:00:00),treasury
2015-01-05 00:00:00+00:00,ZF,gap,info_session_or_outage,gap of 3 days 00:00:00 (expected 1 days 00:00:00),treasury
2015-01-12 00:00:00+00:00,ZF,gap,info_session_or_outage,gap of 3 days 00:00:00 (expected 1 days 00:00:00),treasury
2015-01-20 00:00:00+00:00,ZF,gap,info_session_or_outage,gap of 4 days 00:00:00 (expected 1 days 00:00:00),treasury
2015-01-26 00:00:00+00:00,ZF,gap,info_session_or_outage,gap of 3 days 00:00:00 (expected 1 days 00:00:00),treasury
2015-02-02 00:00:00+00:00,ZF,gap,info_session_or_outage,gap of 3 days 00:00:00 (expected 1 days 00:00:00),treasury
2015-02-09 00:00:00+00:00,ZF,gap,info_session_or_outage,gap of 3 days 00:00:00 (expected 1 days 00:00:00),treasury
2015-02-17 00:00:00+00:00,ZF,gap,info_session_or_outage,gap of 4 days 00:00:00 (expected 1 days 00:00:00),treasury
2015-02-23 00:00:00+00:00,ZF,gap,info_session_or_outage,gap of 3 days 00:00:00 (expected 1 days 00:00:00),treasury
2015-03-02 00:00:00+00:00,ZF,gap,info_session_or_outage,gap of 3 days 00:00:00 (expected 1 days 00:00:00),treasury
2015-03-09 00:00:00+00:00,ZF,gap,info_session_or_outage,gap of 3 days 00:00:00 (expected 1 days 00:00:00),treasury
2015-03-16 00:00:00+00:00,ZF,gap,info_session_or_outage,gap of 3 days 00:00:00 (expected 1 days 00:00:00),treasury
2015-03-23 00:00:00+00:00,ZF,gap,info_session_or_outage,gap of 3 days 00:00:00 (expected 1 days 00:00:00),treasury
2015-03-30 00:00:00+00:00,ZF,gap,info_session_or_outage,gap of 3 days 00:00:00 (expected 1 days 00:00:00),treasury
2015-04-06 00:00:00+00:00,ZF,gap,info_session_or_outage,gap of 4 days 00:00:00 (expected 1 days 00:00:00),treasury
2015-04-13 00:00:00+00:00,ZF,gap,info_session_or_outage,gap of 3 days 00:00:00 (expected 1 days 00:00:00),treasury
2015-04-20 00:00:00+00:00,ZF,gap,info_session_or_outage,gap of 3 days 00:00:00 (expected 1 days 00:00:00),treasury
2015-04-27 00:00:00+00:00,ZF,gap,info_session_or_outage,gap of 3 days 00:00:00 (expected 1 days 00:00:00),treasury
2015-05-04 00:00:00+00:00,ZF,gap,info_session_or_outage,gap of 3 days 00:00:00 (expected 1 days 00:00:00),treasury
2015-05-11 00:00:00+00:00,ZF,gap,info_session_or_outage,gap of 3 days 00:00:00 (expected 1 days 00:00:00),treasury
2015-05-18 00:00:00+00:00,ZF,gap,info_session_or_outage,gap of 3 days 00:00:00 (expected 1 days 00:00:00),treasury
2015-05-26 00:00:00+00:00,ZF,gap,info_session_or_outage,gap of 4 days 00:00:00 (expected 1 days 00:00:00),treasury
2015-06-01 00:00:00+00:00,ZF,gap,info_session_or_outage,gap of 3 days 00:00:00 (expected 1 days 00:00:00),treasury
2015-06-08 00:00:00+00:00,ZF,gap,info_session_or_outage,gap of 3 days 00:00:00 (expected 1 days 00:00:00),treasury
2015-06-15 00:00:00+00:00,ZF,gap,info_session_or_outage,gap of 3 days 00:00:00 (expected 1 days 00:00:00),treasury
2015-06-22 00:00:00+00:00,ZF,gap,info_session_or_outage,gap of 3 days 00:00:00 (expected 1 days 00:00:00),treasury
2015-06-29 00:00:00+00:00,ZF,gap,info_session_or_outage,gap of 3 days 00:00:00 (expected 1 days 00:00:00),treasury
2015-07-06 00:00:00+00:00,ZF,gap,info_session_or_outage,gap of 4 days 00:00:00 (expected 1 days 00:00:00),treasury
2015-07-13 00:00:00+00:00,ZF,gap,info_session_or_outage,gap of 3 days 00:00:00 (expected 1 days 00:00:00),treasury
2015-07-20 00:00:00+00:00,ZF,gap,info_session_or_outage,gap of 3 days 00:00:00 (expected 1 days 00:00:00),treasury
2015-07-27 00:00:00+00:00,ZF,gap,info_session_or_outage,gap of 3 days 00:00:00 (expected 1 days 00:00:00),treasury
2015-08-03 00:00:00+00:00,ZF,gap,info_session_or_outage,gap of 3 days 00:00:00 (expected 1 days 00:00:00),treasury
2015-08-10 00:00:00+00:00,ZF,gap,info_session_or_outage,gap of 3 days 00:00:00 (expected 1 days 00:00:00),treasury
2015-08-17 00:00:00+00:00,ZF,gap,info_session_or_outage,gap of 3 days 00:00:00 (expected 1 days 00:00:00),treasury
2015-08-24 00:00:00+00:00,ZF,gap,info_session_or_outage,gap of 3 days 00:00:00 (expected 1 days 00:00:00),treasury
2015-08-31 00:00:00+00:00,ZF,gap,info_session_or_outage,gap of 3 days 00:00:00 (expected 1 days 00:00:00),treasury
2015-09-08 00:00:00+00:00,ZF,gap,info_session_or_outage,gap of 4 days 00:00:00 (expected 1 days 00:00:00),treasury
2015-09-14 00:00:00+00:00,ZF,gap,info_session_or_outage,gap of 3 days 00:00:00 (expected 1 days 00:00:00),treasury
2015-09-21 00:00:00+00:00,ZF,gap,info_session_or_outage,gap of 3 days 00:00:00 (expected 1 days 00:00:00),treasury
2015-09-28 00:00:00+00:00,ZF,gap,info_session_or_outage,gap of 3 days 00:00:00 (expected 1 days 00:00:00),treasury
2015-10-05 00:00:00+00:00,ZF,gap,info_session_or_outage,gap of 3 days 00:00:00 (expected 1 days 00:00:00),treasury
2015-10-12 00:00:00+00:00,ZF,gap,info_session_or_outage,gap of 3 days 00:00:00 (expected 1 days 00:00:00),treasury
2015-10-19 00:00:00+00:00,ZF,gap,info_session_or_outage,gap of 3 days 00:00:00 (expected 1 days 00:00:00),treasury
2015-10-26 00:00:00+00:00,ZF,gap,info_session_or_outage,gap of 3 days 00:00:00 (expected 1 days 00:00:00),treasury
2015-11-02 00:00:00+00:00,ZF,gap,info_session_or_outage,gap of 3 days 00:00:00 (expected 1 days 00:00:00),treasury
2015-11-09 00:00:00+00:00,ZF,gap,info_session_or_outage,gap of 3 days 00:00:00 (expected 1 days 00:00:00),treasury
2015-11-16 00:00:00+00:00,ZF,gap,info_session_or_outage,gap of 3 days 00:00:00 (expected 1 days 00:00:00),treasury
2015-11-23 00:00:00+00:00,ZF,gap,info_session_or_outage,gap of 3 days 00:00:00 (expected 1 days 00:00:00),treasury
2015-11-27 00:00:00+00:00,ZF,gap,info_session_or_outage,gap of 2 days 00:00:00 (expected 1 days 00:00:00),treasury
2015-11-30 00:00:00+00:00,ZF,gap,info_session_or_outage,gap of 3 days 00:00:00 (expected 1 days 00:00:00),treasury
2015-12-07 00:00:00+00:00,ZF,gap,info_session_or_outage,gap of 3 days 00:00:00 (expected 1 days 00:00:00),treasury
2015-12-14 00:00:00+00:00,ZF,gap,info_session_or_outage,gap of 3 days 00:00:00 (expected 1 days 00:00:00),treasury
2015-12-21 00:00:00+00:00,ZF,gap,info_session_or_outage,gap of 3 days 00:00:00 (expected 1 days 00:00:00),treasury
2015-12-28 00:00:00+00:00,ZF,gap,info_session_or_outage,gap of 4 days 00:00:00 (expected 1 days 00:00:00),treasury
2016-01-04 00:00:00+00:00,ZF,gap,info_session_or_outage,gap of 4 days 00:00:00 (expected 1 days 00:00:00),treasury
2016-01-11 00:00:00+00:00,ZF,gap,info_session_or_outage,gap of 3 days 00:00:00 (expected 1 days 00:00:00),treasury
2016-01-19 00:00:00+00:00,ZF,gap,info_session_or_outage,gap of 4 days 00:00:00 (expected 1 days 00:00:00),treasury
2016-01-25 00:00:00+00:00,ZF,gap,info_session_or_outage,gap of 3 days 00:00:00 (expected 1 days 00:00:00),treasury
2016-02-01 00:00:00+00:00,ZF,gap,info_session_or_outage,gap of 3 days 00:00:00 (expected 1 days 00:00:00),treasury
2016-02-08 00:00:00+00:00,ZF,gap,info_session_or_outage,gap of 3 days 00:00:00 (expected 1 days 00:00:00),treasury
2016-02-16 00:00:00+00:00,ZF,gap,info_session_or_outage,gap of 4 days 00:00:00 (expected 1 days 00:00:00),treasury
2016-02-22 00:00:00+00:00,ZF,gap,info_session_or_outage,gap of 3 days 00:00:00 (expected 1 days 00:00:00),treasury
2016-02-29 00:00:00+00:00,ZF,gap,info_session_or_outage,gap of 3 days 00:00:00 (expected 1 days 00:00:00),treasury
2016-03-07 00:00:00+00:00,ZF,gap,info_session_or_outage,gap of 3 days 00:00:00 (expected 1 days 00:00:00),treasury
2016-03-14 00:00:00+00:00,ZF,gap,info_session_or_outage,gap of 3 days 00:00:00 (expected 1 days 00:00:00),treasury
2016-03-21 00:00:00+00:00,ZF,gap,info_session_or_outage,gap of 3 days 00:00:00 (expected 1 days 00:00:00),treasury
2016-03-28 00:00:00+00:00,ZF,gap,info_session_or_outage,gap of 4 days 00:00:00 (expected 1 days 00:00:00),treasury
2016-04-04 00:00:00+00:00,ZF,gap,info_session_or_outage,gap of 3 days 00:00:00 (expected 1 days 00:00:00),treasury
2016-04-11 00:00:00+00:00,ZF,gap,info_session_or_outage,gap of 3 days 00:00:00 (expected 1 days 00:00:00),treasury
2016-04-18 00:00:00+00:00,ZF,gap,info_session_or_outage,gap of 3 days 00:00:00 (expected 1 days 00:00:00),treasury
2016-04-25 00:00:00+00:00,ZF,gap,info_session_or_outage,gap of 3 days 00:00:00 (expected 1 days 00:00:00),treasury
2016-05-02 00:00:00+00:00,ZF,gap,info_session_or_outage,gap of 3 days 00:00:00 (expected 1 days 00:00:00),treasury
2016-05-09 00:00:00+00:00,ZF,gap,info_session_or_outage,gap of 3 days 00:00:00 (expected 1 days 00:00:00),treasury
2016-05-16 00:00:00+00:00,ZF,gap,info_session_or_outage,gap of 3 days 00:00:00 (expected 1 days 00:00:00),treasury
2016-05-23 00:00:00+00:00,ZF,gap,info_session_or_outage,gap of 3 days 00:00:00 (expected 1 days 00:00:00),treasury
2016-05-31 00:00:00+00:00,ZF,gap,info_session_or_outage,gap of 4 days 00:00:00 (expected 1 days 00:00:00),treasury
2016-06-06 00:00:00+00:00,ZF,gap,info_session_or_outage,gap of 3 days 00:00:00 (expected 1 days 00:00:00),treasury
2016-06-13 00:00:00+00:00,ZF,gap,info_session_or_outage,gap of 3 days 00:00:00 (expected 1 days 00:00:00),treasury
2016-06-20 00:00:00+00:00,ZF,gap,info_session_or_outage,gap of 3 days 00:00:00 (expected 1 days 00:00:00),treasury
2016-06-27 00:00:00+00:00,ZF,gap,info_session_or_outage,gap of 3 days 00:00:00 (expected 1 days 00:00:00),treasury
2016-07-05 00:00:00+00:00,ZF,gap,info_session_or_outage,gap of 4 days 00:00:00 (expected 1 days 00:00:00),treasury
2016-07-11 00:00:00+00:00,ZF,gap,info_session_or_outage,gap of 3 days 00:00:00 (expected 1 days 00:00:00),treasury
2016-07-18 00:00:00+00:00,ZF,gap,info_session_or_outage,gap of 3 days 00:00:00 (expected 1 days 00:00:00),treasury
2016-07-25 00:00:00+00:00,ZF,gap,info_session_or_outage,gap of 3 days 00:00:00 (expected 1 days 00:00:00),treasury
2016-08-01 00:00:00+00:00,ZF,gap,info_session_or_outage,gap of 3 days 00:00:00 (expected 1 days 00:00:00),treasury
2016-08-08 00:00:00+00:00,ZF,gap,info_session_or_outage,gap of 3 days 00:00:00 (expected 1 days 00:00:00),treasury
2016-08-15 00:00:00+00:00,ZF,gap,info_session_or_outage,gap of 3 days 00:00:00 (expected 1 days 00:00:00),treasury
2016-08-22 00:00:00+00:00,ZF,gap,info_session_or_outage,gap of 3 days 00:00:00 (expected 1 days 00:00:00),treasury
2016-08-29 00:00:00+00:00,ZF,gap,info_session_or_outage,gap of 3 days 00:00:00 (expected 1 days 00:00:00),treasury
2016-09-06 00:00:00+00:00,ZF,gap,info_session_or_outage,gap of 4 days 00:00:00 (expected 1 days 00:00:00),treasury
2016-09-12 00:00:00+00:00,ZF,gap,info_session_or_outage,gap of 3 days 00:00:00 (expected 1 days 00:00:00),treasury
2016-09-19 00:00:00+00:00,ZF,gap,info_session_or_outage,gap of 3 days 00:00:00 (expected 1 days 00:00:00),treasury
2016-09-26 00:00:00+00:00,ZF,gap,info_session_or_outage,gap of 3 days 00:00:00 (expected 1 days 00:00:00),treasury
2016-10-03 00:00:00+00:00,ZF,gap,info_session_or_outage,gap of 3 days 00:00:00 (expected 1 days 00:00:00),treasury
2016-10-11 00:00:00+00:00,ZF,gap,info_session_or_outage,gap of 4 days 00:00:00 (expected 1 days 00:00:00),treasury
2016-10-17 00:00:00+00:00,ZF,gap,info_session_or_outage,gap of 3 days 00:00:00 (expected 1 days 00:00:00),treasury
2016-10-24 00:00:00+00:00,ZF,gap,info_session_or_outage,gap of 3 days 00:00:00 (expected 1 days 00:00:00),treasury
2016-10-31 00:00:00+00:00,ZF,gap,info_session_or_outage,gap of 3 days 00:00:00 (expected 1 days 00:00:00),treasury
2016-11-07 00:00:00+00:00,ZF,gap,info_session_or_outage,gap of 3 days 00:00:00 (expected 1 days 00:00:00),treasury
2016-11-14 00:00:00+00:00,ZF,gap,info_session_or_outage,gap of 4 days 00:00:00 (expected 1 days 00:00:00),treasury
2016-11-21 00:00:00+00:00,ZF,gap,info_session_or_outage,gap of 3 days 00:00:00 (expected 1 days 00:00:00),treasury
2016-11-25 00:00:00+00:00,ZF,gap,info_session_or_outage,gap of 2 days 00:00:00 (expected 1 days 00:00:00),treasury
2016-11-28 00:00:00+00:00,ZF,gap,info_session_or_outage,gap of 3 days 00:00:00 (expected 1 days 00:00:00),treasury
2016-12-05 00:00:00+00:00,ZF,gap,info_session_or_outage,gap of 3 days 00:00:00 (expected 1 days 00:00:00),treasury
2016-12-12 00:00:00+00:00,ZF,gap,info_session_or_outage,gap of 3 days 00:00:00 (expected 1 days 00:00:00),treasury
2016-12-19 00:00:00+00:00,ZF,gap,info_session_or_outage,gap of 3 days 00:00:00 (expected 1 days 00:00:00),treasury
2016-12-27 00:00:00+00:00,ZF,gap,info_session_or_outage,gap of 4 days 00:00:00 (expected 1 days 00:00:00),treasury
2017-01-03 00:00:00+00:00,ZF,gap,info_session_or_outage,gap of 4 days 00:00:00 (expected 1 days 00:00:00),treasury
2017-01-09 00:00:00+00:00,ZF,gap,info_session_or_outage,gap of 3 days 00:00:00 (expected 1 days 00:00:00),treasury
2017-01-17 00:00:00+00:00,ZF,gap,info_session_or_outage,gap of 4 days 00:00:00 (expected 1 days 00:00:00),treasury
2017-01-23 00:00:00+00:00,ZF,gap,info_session_or_outage,gap of 3 days 00:00:00 (expected 1 days 00:00:00),treasury
2017-01-30 00:00:00+00:00,ZF,gap,info_session_or_outage,gap of 3 days 00:00:00 (expected 1 days 00:00:00),treasury
2017-02-06 00:00:00+00:00,ZF,gap,info_session_or_outage,gap of 3 days 00:00:00 (expected 1 days 00:00:00),treasury
2017-02-13 00:00:00+00:00,ZF,gap,info_session_or_outage,gap of 3 days 00:00:00 (expected 1 days 00:00:00),treasury
2017-02-21 00:00:00+00:00,ZF,gap,info_session_or_outage,gap of 4 days 00:00:00 (expected 1 days 00:00:00),treasury
2017-02-27 00:00:00+00:00,ZF,gap,info_session_or_outage,gap of 3 days 00:00:00 (expected 1 days 00:00:00),treasury
2017-03-06 00:00:00+00:00,ZF,gap,info_session_or_outage,gap of 3 days 00:00:00 (expected 1 days 00:00:00),treasury
2017-03-13 00:00:00+00:00,ZF,gap,info_session_or_outage,gap of 3 days 00:00:00 (expected 1 days 00:00:00),treasury
2017-03-20 00:00:00+00:00,ZF,gap,info_session_or_outage,gap of 3 days 00:00:00 (expected 1 days 00:00:00),treasury
2017-03-27 00:00:00+00:00,ZF,gap,info_session_or_outage,gap of 3 days 00:00:00 (expected 1 days 00:00:00),treasury
2017-04-03 00:00:00+00:00,ZF,gap,info_session_or_outage,gap of 3 days 00:00:00 (expected 1 days 00:00:00),treasury
2017-04-10 00:00:00+00:00,ZF,gap,info_session_or_outage,gap of 3 days 00:00:00 (expected 1 days 00:00:00),treasury
2017-04-17 00:00:00+00:00,ZF,gap,info_session_or_outage,gap of 4 days 00:00:00 (expected 1 days 00:00:00),treasury
2017-04-24 00:00:00+00:00,ZF,gap,info_session_or_outage,gap of 3 days 00:00:00 (expected 1 days 00:00:00),treasury
2017-05-01 00:00:00+00:00,ZF,gap,info_session_or_outage,gap of 3 days 00:00:00 (expected 1 days 00:00:00),treasury
2017-05-08 00:00:00+00:00,ZF,gap,info_session_or_outage,gap of 3 days 00:00:00 (expected 1 days 00:00:00),treasury
2017-05-15 00:00:00+00:00,ZF,gap,info_session_or_outage,gap of 3 days 00:00:00 (expected 1 days 00:00:00),treasury
2017-05-22 00:00:00+00:00,ZF,gap,info_session_or_outage,gap of 3 days 00:00:00 (expected 1 days 00:00:00),treasury
2017-05-30 00:00:00+00:00,ZF,gap,info_session_or_outage,gap of 4 days 00:00:00 (expected 1 days 00:00:00),treasury
2017-06-05 00:00:00+00:00,ZF,gap,info_session_or_outage,gap of 3 days 00:00:00 (expected 1 days 00:00:00),treasury
2017-06-12 00:00:00+00:00,ZF,gap,info_session_or_outage,gap of 3 days 00:00:00 (expected 1 days 00:00:00),treasury
2017-06-19 00:00:00+00:00,ZF,gap,info_session_or_outage,gap of 3 days 00:00:00 (expected 1 days 00:00:00),treasury
2017-06-26 00:00:00+00:00,ZF,gap,info_session_or_outage,gap of 3 days 00:00:00 (expected 1 days 00:00:00),treasury
2017-07-03 00:00:00+00:00,ZF,gap,info_session_or_outage,gap of 3 days 00:00:00 (expected 1 days 00:00:00),treasury
2017-07-05 00:00:00+00:00,ZF,gap,info_session_or_outage,gap of 2 days 00:00:00 (expected 1 days 00:00:00),treasury
2017-07-10 00:00:00+00:00,ZF,gap,info_session_or_outage,gap of 3 days 00:00:00 (expected 1 days 00:00:00),treasury
2017-07-17 00:00:00+00:00,ZF,gap,info_session_or_outage,gap of 3 days 00:00:00 (expected 1 days 00:00:00),treasury
2017-07-24 00:00:00+00:00,ZF,gap,info_session_or_outage,gap of 3 days 00:00:00 (expected 1 days 00:00:00),treasury
2017-07-31 00:00:00+00:00,ZF,gap,info_session_or_outage,gap of 3 days 00:00:00 (expected 1 days 00:00:00),treasury
2017-08-07 00:00:00+00:00,ZF,gap,info_session_or_outage,gap of 3 days 00:00:00 (expected 1 days 00:00:00),treasury
2017-08-14 00:00:00+00:00,ZF,gap,info_session_or_outage,gap of 3 days 00:00:00 (expected 1 days 00:00:00),treasury
2017-08-21 00:00:00+00:00,ZF,gap,info_session_or_outage,gap of 3 days 00:00:00 (expected 1 days 00:00:00),treasury
2017-08-28 00:00:00+00:00,ZF,gap,info_session_or_outage,gap of 3 days 00:00:00 (expected 1 days 00:00:00),treasury
2017-09-05 00:00:00+00:00,ZF,gap,info_session_or_outage,gap of 4 days 00:00:00 (expected 1 days 00:00:00),treasury
2017-09-11 00:00:00+00:00,ZF,gap,info_session_or_outage,gap of 3 days 00:00:00 (expected 1 days 00:00:00),treasury
2017-09-18 00:00:00+00:00,ZF,gap,info_session_or_outage,gap of 3 days 00:00:00 (expected 1 days 00:00:00),treasury
2017-09-25 00:00:00+00:00,ZF,gap,info_session_or_outage,gap of 3 days 00:00:00 (expected 1 days 00:00:00),treasury
2017-10-02 00:00:00+00:00,ZF,gap,info_session_or_outage,gap of 3 days 00:00:00 (expected 1 days 00:00:00),treasury
2017-10-09 00:00:00+00:00,ZF,gap,info_session_or_outage,gap of 3 days 00:00:00 (expected 1 days 00:00:00),treasury
2017-10-16 00:00:00+00:00,ZF,gap,info_session_or_outage,gap of 3 days 00:00:00 (expected 1 days 00:00:00),treasury
2017-10-23 00:00:00+00:00,ZF,gap,info_session_or_outage,gap of 3 days 00:00:00 (expected 1 days 00:00:00),treasury
2017-10-30 00:00:00+00:00,ZF,gap,info_session_or_outage,gap of 3 days 00:00:00 (expected 1 days 00:00:00),treasury
2017-11-06 00:00:00+00:00,ZF,gap,info_session_or_outage,gap of 3 days 00:00:00 (expected 1 days 00:00:00),treasury
2017-11-13 00:00:00+00:00,ZF,gap,info_session_or_outage,gap of 3 days 00:00:00 (expected 1 days 00:00:00),treasury
2017-11-20 00:00:00+00:00,ZF,gap,info_session_or_outage,gap of 3 days 00:00:00 (expected 1 days 00:00:00),treasury
2017-11-24 00:00:00+00:00,ZF,gap,info_session_or_outage,gap of 2 days 00:00:00 (expected 1 days 00:00:00),treasury
2017-11-27 00:00:00+00:00,ZF,gap,info_session_or_outage,gap of 3 days 00:00:00 (expected 1 days 00:00:00),treasury
2017-12-04 00:00:00+00:00,ZF,gap,info_session_or_outage,gap of 3 days 00:00:00 (expected 1 days 00:00:00),treasury
2017-12-11 00:00:00+00:00,ZF,gap,info_session_or_outage,gap of 3 days 00:00:00 (expected 1 days 00:00:00),treasury
2017-12-18 00:00:00+00:00,ZF,gap,info_session_or_outage,gap of 3 days 00:00:00 (expected 1 days 00:00:00),treasury
2017-12-26 00:00:00+00:00,ZF,gap,info_session_or_outage,gap of 4 days 00:00:00 (expected 1 days 00:00:00),treasury
2018-01-02 00:00:00+00:00,ZF,gap,info_session_or_outage,gap of 4 days 00:00:00 (expected 1 days 00:00:00),treasury
2018-01-08 00:00:00+00:00,ZF,gap,info_session_or_outage,gap of 3 days 00:00:00 (expected 1 days 00:00:00),treasury
2018-01-16 00:00:00+00:00,ZF,gap,info_session_or_outage,gap of 4 days 00:00:00 (expected 1 days 00:00:00),treasury
2018-01-22 00:00:00+00:00,ZF,gap,info_session_or_outage,gap of 3 days 00:00:00 (expected 1 days 00:00:00),treasury
2018-01-29 00:00:00+00:00,ZF,gap,info_session_or_outage,gap of 3 days 00:00:00 (expected 1 days 00:00:00),treasury
2018-02-05 00:00:00+00:00,ZF,gap,info_session_or_outage,gap of 3 days 00:00:00 (expected 1 days 00:00:00),treasury
2018-02-12 00:00:00+00:00,ZF,gap,info_session_or_outage,gap of 3 days 00:00:00 (expected 1 days 00:00:00),treasury
2018-02-20 00:00:00+00:00,ZF,gap,info_session_or_outage,gap of 4 days 00:00:00 (expected 1 days 00:00:00),treasury
2018-02-26 00:00:00+00:00,ZF,gap,info_session_or_outage,gap of 3 days 00:00:00 (expected 1 days 00:00:00),treasury
2018-03-05 00:00:00+00:00,ZF,gap,info_session_or_outage,gap of 3 days 00:00:00 (expected 1 days 00:00:00),treasury
2018-03-12 00:00:00+00:00,ZF,gap,info_session_or_outage,gap of 3 days 00:00:00 (expected 1 days 00:00:00),treasury
2018-03-19 00:00:00+00:00,ZF,gap,info_session_or_outage,gap of 3 days 00:00:00 (expected 1 days 00:00:00),treasury
2018-03-26 00:00:00+00:00,ZF,gap,info_session_or_outage,gap of 3 days 00:00:00 (expected 1 days 00:00:00),treasury
2018-04-02 00:00:00+00:00,ZF,gap,info_session_or_outage,gap of 4 days 00:00:00 (expected 1 days 00:00:00),treasury
2018-04-09 00:00:00+00:00,ZF,gap,info_session_or_outage,gap of 3 days 00:00:00 (expected 1 days 00:00:00),treasury
2018-04-16 00:00:00+00:00,ZF,gap,info_session_or_outage,gap of 3 days 00:00:00 (expected 1 days 00:00:00),treasury
2018-04-23 00:00:00+00:00,ZF,gap,info_session_or_outage,gap of 3 days 00:00:00 (expected 1 days 00:00:00),treasury
2018-04-30 00:00:00+00:00,ZF,gap,info_session_or_outage,gap of 3 days 00:00:00 (expected 1 days 00:00:00),treasury
2018-05-07 00:00:00+00:00,ZF,gap,info_session_or_outage,gap of 3 days 00:00:00 (expected 1 days 00:00:00),treasury
2018-05-14 00:00:00+00:00,ZF,gap,info_session_or_outage,gap of 3 days 00:00:00 (expected 1 days 00:00:00),treasury
2018-05-21 00:00:00+00:00,ZF,gap,info_session_or_outage,gap of 3 days 00:00:00 (expected 1 days 00:00:00),treasury
2018-05-29 00:00:00+00:00,ZF,gap,info_session_or_outage,gap of 4 days 00:00:00 (expected 1 days 00:00:00),treasury
2018-06-04 00:00:00+00:00,ZF,gap,info_session_or_outage,gap of 3 days 00:00:00 (expected 1 days 00:00:00),treasury
2018-06-11 00:00:00+00:00,ZF,gap,info_session_or_outage,gap of 3 days 00:00:00 (expected 1 days 00:00:00),treasury
2018-06-18 00:00:00+00:00,ZF,gap,info_session_or_outage,gap of 3 days 00:00:00 (expected 1 days 00:00:00),treasury
2018-06-25 00:00:00+00:00,ZF,gap,info_session_or_outage,gap of 3 days 00:00:00 (expected 1 days 00:00:00),treasury
2018-07-02 00:00:00+00:00,ZF,gap,info_session_or_outage,gap of 3 days 00:00:00 (expected 1 days 00:00:00),treasury
2018-07-05 00:00:00+00:00,ZF,gap,info_session_or_outage,gap of 2 days 00:00:00 (expected 1 days 00:00:00),treasury
2018-07-09 00:00:00+00:00,ZF,gap,info_session_or_outage,gap of 3 days 00:00:00 (expected 1 days 00:00:00),treasury
2018-07-16 00:00:00+00:00,ZF,gap,info_session_or_outage,gap of 3 days 00:00:00 (expected 1 days 00:00:00),treasury
2018-07-23 00:00:00+00:00,ZF,gap,info_session_or_outage,gap of 3 days 00:00:00 (expected 1 days 00:00:00),treasury
2018-07-30 00:00:00+00:00,ZF,gap,info_session_or_outage,gap of 3 days 00:00:00 (expected 1 days 00:00:00),treasury
2018-08-06 00:00:00+00:00,ZF,gap,info_session_or_outage,gap of 3 days 00:00:00 (expected 1 days 00:00:00),treasury
2018-08-13 00:00:00+00:00,ZF,gap,info_session_or_outage,gap of 3 days 00:00:00 (expected 1 days 00:00:00),treasury
2018-08-20 00:00:00+00:00,ZF,gap,info_session_or_outage,gap of 3 days 00:00:00 (expected 1 days 00:00:00),treasury
2018-08-27 00:00:00+00:00,ZF,gap,info_session_or_outage,gap of 3 days 00:00:00 (expected 1 days 00:00:00),treasury
2018-09-04 00:00:00+00:00,ZF,gap,info_session_or_outage,gap of 4 days 00:00:00 (expected 1 days 00:00:00),treasury
2018-09-10 00:00:00+00:00,ZF,gap,info_session_or_outage,gap of 3 days 00:00:00 (expected 1 days 00:00:00),treasury
2018-09-17 00:00:00+00:00,ZF,gap,info_session_or_outage,gap of 3 days 00:00:00 (expected 1 days 00:00:00),treasury
2018-09-24 00:00:00+00:00,ZF,gap,info_session_or_outage,gap of 3 days 00:00:00 (expected 1 days 00:00:00),treasury
2018-10-01 00:00:00+00:00,ZF,gap,info_session_or_outage,gap of 3 days 00:00:00 (expected 1 days 00:00:00),treasury
2018-10-08 00:00:00+00:00,ZF,gap,info_session_or_outage,gap of 3 days 00:00:00 (expected 1 days 00:00:00),treasury
2018-10-15 00:00:00+00:00,ZF,gap,info_session_or_outage,gap of 3 days 00:00:00 (expected 1 days 00:00:00),treasury
2018-10-22 00:00:00+00:00,ZF,gap,info_session_or_outage,gap of 3 days 00:00:00 (expected 1 days 00:00:00),treasury
2018-10-29 00:00:00+00:00,ZF,gap,info_session_or_outage,gap of 3 days 00:00:00 (expected 1 days 00:00:00),treasury
2018-11-05 00:00:00+00:00,ZF,gap,info_session_or_outage,gap of 3 days 00:00:00 (expected 1 days 00:00:00),treasury
2018-11-12 00:00:00+00:00,ZF,gap,info_session_or_outage,gap of 3 days 00:00:00 (expected 1 days 00:00:00),treasury
2018-11-19 00:00:00+00:00,ZF,gap,info_session_or_outage,gap of 3 days 00:00:00 (expected 1 days 00:00:00),treasury
2018-11-23 00:00:00+00:00,ZF,gap,info_session_or_outage,gap of 2 days 00:00:00 (expected 1 days 00:00:00),treasury
2018-11-26 00:00:00+00:00,ZF,gap,info_session_or_outage,gap of 3 days 00:00:00 (expected 1 days 00:00:00),treasury
2018-12-03 00:00:00+00:00,ZF,gap,info_session_or_outage,gap of 3 days 00:00:00 (expected 1 days 00:00:00),treasury
2018-12-06 00:00:00+00:00,ZF,gap,info_session_or_outage,gap of 2 days 00:00:00 (expected 1 days 00:00:00),treasury
2018-12-10 00:00:00+00:00,ZF,gap,info_session_or_outage,gap of 3 days 00:00:00 (expected 1 days 00:00:00),treasury
2018-12-17 00:00:00+00:00,ZF,gap,info_session_or_outage,gap of 3 days 00:00:00 (expected 1 days 00:00:00),treasury
2018-12-24 00:00:00+00:00,ZF,gap,info_session_or_outage,gap of 3 days 00:00:00 (expected 1 days 00:00:00),treasury
2018-12-26 00:00:00+00:00,ZF,gap,info_session_or_outage,gap of 2 days 00:00:00 (expected 1 days 00:00:00),treasury
2018-12-31 00:00:00+00:00,ZF,gap,info_session_or_outage,gap of 3 days 00:00:00 (expected 1 days 00:00:00),treasury
2019-01-02 00:00:00+00:00,ZF,gap,info_session_or_outage,gap of 2 days 00:00:00 (expected 1 days 00:00:00),treasury
2019-01-07 00:00:00+00:00,ZF,gap,info_session_or_outage,gap of 3 days 00:00:00 (expected 1 days 00:00:00),treasury
2019-01-14 00:00:00+00:00,ZF,gap,info_session_or_outage,gap of 3 days 00:00:00 (expected 1 days 00:00:00),treasury
2019-01-22 00:00:00+00:00,ZF,gap,info_session_or_outage,gap of 4 days 00:00:00 (expected 1 days 00:00:00),treasury
2019-01-28 00:00:00+00:00,ZF,gap,info_session_or_outage,gap of 3 days 00:00:00 (expected 1 days 00:00:00),treasury
2019-02-04 00:00:00+00:00,ZF,gap,info_session_or_outage,gap of 3 days 00:00:00 (expected 1 days 00:00:00),treasury
2019-02-11 00:00:00+00:00,ZF,gap,info_session_or_outage,gap of 3 days 00:00:00 (expected 1 days 00:00:00),treasury
2019-02-19 00:00:00+00:00,ZF,gap,info_session_or_outage,gap of 4 days 00:00:00 (expected 1 days 00:00:00),treasury
2019-02-25 00:00:00+00:00,ZF,gap,info_session_or_outage,gap of 3 days 00:00:00 (expected 1 days 00:00:00),treasury
2019-03-04 00:00:00+00:00,ZF,gap,info_session_or_outage,gap of 3 days 00:00:00 (expected 1 days 00:00:00),treasury
2019-03-11 00:00:00+00:00,ZF,gap,info_session_or_outage,gap of 3 days 00:00:00 (expected 1 days 00:00:00),treasury
2019-03-18 00:00:00+00:00,ZF,gap,info_session_or_outage,gap of 3 days 00:00:00 (expected 1 days 00:00:00),treasury
2019-03-25 00:00:00+00:00,ZF,gap,info_session_or_outage,gap of 3 days 00:00:00 (expected 1 days 00:00:00),treasury
2019-04-01 00:00:00+00:00,ZF,gap,info_session_or_outage,gap of 3 days 00:00:00 (expected 1 days 00:00:00),treasury
2019-04-08 00:00:00+00:00,ZF,gap,info_session_or_outage,gap of 3 days 00:00:00 (expected 1 days 00:00:00),treasury
2019-04-15 00:00:00+00:00,ZF,gap,info_session_or_outage,gap of 3 days 00:00:00 (expected 1 days 00:00:00),treasury
2019-04-22 00:00:00+00:00,ZF,gap,info_session_or_outage,gap of 4 days 00:00:00 (expected 1 days 00:00:00),treasury
2019-04-29 00:00:00+00:00,ZF,gap,info_session_or_outage,gap of 3 days 00:00:00 (expected 1 days 00:00:00),treasury
2019-05-06 00:00:00+00:00,ZF,gap,info_session_or_outage,gap of 3 days 00:00:00 (expected 1 days 00:00:00),treasury
2019-05-13 00:00:00+00:00,ZF,gap,info_session_or_outage,gap of 3 days 00:00:00 (expected 1 days 00:00:00),treasury
2019-05-20 00:00:00+00:00,ZF,gap,info_session_or_outage,gap of 3 days 00:00:00 (expected 1 days 00:00:00),treasury
2019-05-28 00:00:00+00:00,ZF,gap,info_session_or_outage,gap of 4 days 00:00:00 (expected 1 days 00:00:00),treasury
2019-06-03 00:00:00+00:00,ZF,gap,info_session_or_outage,gap of 3 days 00:00:00 (expected 1 days 00:00:00),treasury
2019-06-10 00:00:00+00:00,ZF,gap,info_session_or_outage,gap of 3 days 00:00:00 (expected 1 days 00:00:00),treasury
2019-06-17 00:00:00+00:00,ZF,gap,info_session_or_outage,gap of 3 days 00:00:00 (expected 1 days 00:00:00),treasury
2019-06-24 00:00:00+00:00,ZF,gap,info_session_or_outage,gap of 3 days 00:00:00 (expected 1 days 00:00:00),treasury
2019-07-01 00:00:00+00:00,ZF,gap,info_session_or_outage,gap of 3 days 00:00:00 (expected 1 days 00:00:00),treasury
2019-07-05 00:00:00+00:00,ZF,gap,info_session_or_outage,gap of 2 days 00:00:00 (expected 1 days 00:00:00),treasury
2019-07-08 00:00:00+00:00,ZF,gap,info_session_or_outage,gap of 3 days 00:00:00 (expected 1 days 00:00:00),treasury
2019-07-15 00:00:00+00:00,ZF,gap,info_session_or_outage,gap of 3 days 00:00:00 (expected 1 days 00:00:00),treasury
2019-07-22 00:00:00+00:00,ZF,gap,info_session_or_outage,gap of 3 days 00:00:00 (expected 1 days 00:00:00),treasury
2019-07-29 00:00:00+00:00,ZF,gap,info_session_or_outage,gap of 3 days 00:00:00 (expected 1 days 00:00:00),treasury
2019-08-05 00:00:00+00:00,ZF,gap,info_session_or_outage,gap of 3 days 00:00:00 (expected 1 days 00:00:00),treasury
2019-08-12 00:00:00+00:00,ZF,gap,info_session_or_outage,gap of 3 days 00:00:00 (expected 1 days 00:00:00),treasury
2019-08-19 00:00:00+00:00,ZF,gap,info_session_or_outage,gap of 3 days 00:00:00 (expected 1 days 00:00:00),treasury
2019-08-26 00:00:00+00:00,ZF,gap,info_session_or_outage,gap of 3 days 00:00:00 (expected 1 days 00:00:00),treasury
2019-09-03 00:00:00+00:00,ZF,gap,info_session_or_outage,gap of 4 days 00:00:00 (expected 1 days 00:00:00),treasury
2019-09-09 00:00:00+00:00,ZF,gap,info_session_or_outage,gap of 3 days 00:00:00 (expected 1 days 00:00:00),treasury
2019-09-16 00:00:00+00:00,ZF,gap,info_session_or_outage,gap of 3 days 00:00:00 (expected 1 days 00:00:00),treasury
2019-09-23 00:00:00+00:00,ZF,gap,info_session_or_outage,gap of 3 days 00:00:00 (expected 1 days 00:00:00),treasury
2019-09-30 00:00:00+00:00,ZF,gap,info_session_or_outage,gap of 3 days 00:00:00 (expected 1 days 00:00:00),treasury
2019-10-07 00:00:00+00:00,ZF,gap,info_session_or_outage,gap of 3 days 00:00:00 (expected 1 days 00:00:00),treasury
2019-10-14 00:00:00+00:00,ZF,gap,info_session_or_outage,gap of 3 days 00:00:00 (expected 1 days 00:00:00),treasury
2019-10-21 00:00:00+00:00,ZF,gap,info_session_or_outage,gap of 3 days 00:00:00 (expected 1 days 00:00:00),treasury
2019-10-28 00:00:00+00:00,ZF,gap,info_session_or_outage,gap of 3 days 00:00:00 (expected 1 days 00:00:00),treasury
2019-11-04 00:00:00+00:00,ZF,gap,info_session_or_outage,gap of 3 days 00:00:00 (expected 1 days 00:00:00),treasury
2019-11-11 00:00:00+00:00,ZF,gap,info_session_or_outage,gap of 3 days 00:00:00 (expected 1 days 00:00:00),treasury
2019-11-18 00:00:00+00:00,ZF,gap,info_session_or_outage,gap of 3 days 00:00:00 (expected 1 days 00:00:00),treasury
2019-11-25 00:00:00+00:00,ZF,gap,info_session_or_outage,gap of 3 days 00:00:00 (expected 1 days 00:00:00),treasury
2019-11-29 00:00:00+00:00,ZF,gap,info_session_or_outage,gap of 2 days 00:00:00 (expected 1 days 00:00:00),treasury
2019-12-02 00:00:00+00:00,ZF,gap,info_session_or_outage,gap of 3 days 00:00:00 (expected 1 days 00:00:00),treasury
2019-12-09 00:00:00+00:00,ZF,gap,info_session_or_outage,gap of 3 days 00:00:00 (expected 1 days 00:00:00),treasury
2019-12-16 00:00:00+00:00,ZF,gap,info_session_or_outage,gap of 3 days 00:00:00 (expected 1 days 00:00:00),treasury
2019-12-23 00:00:00+00:00,ZF,gap,info_session_or_outage,gap of 3 days 00:00:00 (expected 1 days 00:00:00),treasury
2019-12-26 00:00:00+00:00,ZF,gap,info_session_or_outage,gap of 2 days 00:00:00 (expected 1 days 00:00:00),treasury
2019-12-30 00:00:00+00:00,ZF,gap,info_session_or_outage,gap of 3 days 00:00:00 (expected 1 days 00:00:00),treasury
2020-01-02 00:00:00+00:00,ZF,gap,info_session_or_outage,gap of 2 days 00:00:00 (expected 1 days 00:00:00),treasury
2020-01-06 00:00:00+00:00,ZF,gap,info_session_or_outage,gap of 3 days 00:00:00 (expected 1 days 00:00:00),treasury
2020-01-13 00:00:00+00:00,ZF,gap,info_session_or_outage,gap of 3 days 00:00:00 (expected 1 days 00:00:00),treasury
2020-01-21 00:00:00+00:00,ZF,gap,info_session_or_outage,gap of 4 days 00:00:00 (expected 1 days 00:00:00),treasury
2020-01-27 00:00:00+00:00,ZF,gap,info_session_or_outage,gap of 3 days 00:00:00 (expected 1 days 00:00:00),treasury
2020-02-03 00:00:00+00:00,ZF,gap,info_session_or_outage,gap of 3 days 00:00:00 (expected 1 days 00:00:00),treasury
2020-02-10 00:00:00+00:00,ZF,gap,info_session_or_outage,gap of 3 days 00:00:00 (expected 1 days 00:00:00),treasury
2020-02-18 00:00:00+00:00,ZF,gap,info_session_or_outage,gap of 4 days 00:00:00 (expected 1 days 00:00:00),treasury
2020-02-24 00:00:00+00:00,ZF,gap,info_session_or_outage,gap of 3 days 00:00:00 (expected 1 days 00:00:00),treasury
2020-03-02 00:00:00+00:00,ZF,gap,info_session_or_outage,gap of 3 days 00:00:00 (expected 1 days 00:00:00),treasury
2020-03-09 00:00:00+00:00,ZF,gap,info_session_or_outage,gap of 3 days 00:00:00 (expected 1 days 00:00:00),treasury
2020-03-16 00:00:00+00:00,ZF,gap,info_session_or_outage,gap of 3 days 00:00:00 (expected 1 days 00:00:00),treasury
2020-03-23 00:00:00+00:00,ZF,gap,info_session_or_outage,gap of 3 days 00:00:00 (expected 1 days 00:00:00),treasury
2020-03-30 00:00:00+00:00,ZF,gap,info_session_or_outage,gap of 3 days 00:00:00 (expected 1 days 00:00:00),treasury
2020-04-06 00:00:00+00:00,ZF,gap,info_session_or_outage,gap of 3 days 00:00:00 (expected 1 days 00:00:00),treasury
2020-04-13 00:00:00+00:00,ZF,gap,info_session_or_outage,gap of 4 days 00:00:00 (expected 1 days 00:00:00),treasury
2020-04-20 00:00:00+00:00,ZF,gap,info_session_or_outage,gap of 3 days 00:00:00 (expected 1 days 00:00:00),treasury
2020-04-27 00:00:00+00:00,ZF,gap,info_session_or_outage,gap of 3 days 00:00:00 (expected 1 days 00:00:00),treasury
2020-05-04 00:00:00+00:00,ZF,gap,info_session_or_outage,gap of 3 days 00:00:00 (expected 1 days 00:00:00),treasury
2020-05-11 00:00:00+00:00,ZF,gap,info_session_or_outage,gap of 3 days 00:00:00 (expected 1 days 00:00:00),treasury
2020-05-18 00:00:00+00:00,ZF,gap,info_session_or_outage,gap of 3 days 00:00:00 (expected 1 days 00:00:00),treasury
2020-05-26 00:00:00+00:00,ZF,gap,info_session_or_outage,gap of 4 days 00:00:00 (expected 1 days 00:00:00),treasury
2020-06-01 00:00:00+00:00,ZF,gap,info_session_or_outage,gap of 3 days 00:00:00 (expected 1 days 00:00:00),treasury
2020-06-08 00:00:00+00:00,ZF,gap,info_session_or_outage,gap of 3 days 00:00:00 (expected 1 days 00:00:00),treasury
2020-06-15 00:00:00+00:00,ZF,gap,info_session_or_outage,gap of 3 days 00:00:00 (expected 1 days 00:00:00),treasury
2020-06-22 00:00:00+00:00,ZF,gap,info_session_or_outage,gap of 3 days 00:00:00 (expected 1 days 00:00:00),treasury
2020-06-29 00:00:00+00:00,ZF,gap,info_session_or_outage,gap of 3 days 00:00:00 (expected 1 days 00:00:00),treasury
2020-07-06 00:00:00+00:00,ZF,gap,info_session_or_outage,gap of 4 days 00:00:00 (expected 1 days 00:00:00),treasury
2020-07-13 00:00:00+00:00,ZF,gap,info_session_or_outage,gap of 3 days 00:00:00 (expected 1 days 00:00:00),treasury
2020-07-20 00:00:00+00:00,ZF,gap,info_session_or_outage,gap of 3 days 00:00:00 (expected 1 days 00:00:00),treasury
2020-07-27 00:00:00+00:00,ZF,gap,info_session_or_outage,gap of 3 days 00:00:00 (expected 1 days 00:00:00),treasury
2020-08-03 00:00:00+00:00,ZF,gap,info_session_or_outage,gap of 3 days 00:00:00 (expected 1 days 00:00:00),treasury
2020-08-10 00:00:00+00:00,ZF,gap,info_session_or_outage,gap of 3 days 00:00:00 (expected 1 days 00:00:00),treasury
2020-08-17 00:00:00+00:00,ZF,gap,info_session_or_outage,gap of 3 days 00:00:00 (expected 1 days 00:00:00),treasury
2020-08-24 00:00:00+00:00,ZF,gap,info_session_or_outage,gap of 3 days 00:00:00 (expected 1 days 00:00:00),treasury
2020-08-31 00:00:00+00:00,ZF,gap,info_session_or_outage,gap of 3 days 00:00:00 (expected 1 days 00:00:00),treasury
2020-09-08 00:00:00+00:00,ZF,gap,info_session_or_outage,gap of 4 days 00:00:00 (expected 1 days 00:00:00),treasury
2020-09-14 00:00:00+00:00,ZF,gap,info_session_or_outage,gap of 3 days 00:00:00 (expected 1 days 00:00:00),treasury
2020-09-21 00:00:00+00:00,ZF,gap,info_session_or_outage,gap of 3 days 00:00:00 (expected 1 days 00:00:00),treasury
2020-09-28 00:00:00+00:00,ZF,gap,info_session_or_outage,gap of 3 days 00:00:00 (expected 1 days 00:00:00),treasury
2020-10-05 00:00:00+00:00,ZF,gap,info_session_or_outage,gap of 3 days 00:00:00 (expected 1 days 00:00:00),treasury
2020-10-12 00:00:00+00:00,ZF,gap,info_session_or_outage,gap of 3 days 00:00:00 (expected 1 days 00:00:00),treasury
2020-10-19 00:00:00+00:00,ZF,gap,info_session_or_outage,gap of 3 days 00:00:00 (expected 1 days 00:00:00),treasury
2020-10-26 00:00:00+00:00,ZF,gap,info_session_or_outage,gap of 3 days 00:00:00 (expected 1 days 00:00:00),treasury
2020-11-02 00:00:00+00:00,ZF,gap,info_session_or_outage,gap of 3 days 00:00:00 (expected 1 days 00:00:00),treasury
2020-11-09 00:00:00+00:00,ZF,gap,info_session_or_outage,gap of 3 days 00:00:00 (expected 1 days 00:00:00),treasury
2020-11-16 00:00:00+00:00,ZF,gap,info_session_or_outage,gap of 3 days 00:00:00 (expected 1 days 00:00:00),treasury
2020-11-23 00:00:00+00:00,ZF,gap,info_session_or_outage,gap of 3 days 00:00:00 (expected 1 days 00:00:00),treasury
2020-11-27 00:00:00+00:00,ZF,gap,info_session_or_outage,gap of 2 days 00:00:00 (expected 1 days 00:00:00),treasury
2020-11-30 00:00:00+00:00,ZF,gap,info_session_or_outage,gap of 3 days 00:00:00 (expected 1 days 00:00:00),treasury
2020-12-07 00:00:00+00:00,ZF,gap,info_session_or_outage,gap of 3 days 00:00:00 (expected 1 days 00:00:00),treasury
2020-12-14 00:00:00+00:00,ZF,gap,info_session_or_outage,gap of 3 days 00:00:00 (expected 1 days 00:00:00),treasury
2020-12-21 00:00:00+00:00,ZF,gap,info_session_or_outage,gap of 3 days 00:00:00 (expected 1 days 00:00:00),treasury
2020-12-28 00:00:00+00:00,ZF,gap,info_session_or_outage,gap of 4 days 00:00:00 (expected 1 days 00:00:00),treasury
2021-01-04 00:00:00+00:00,ZF,gap,info_session_or_outage,gap of 4 days 00:00:00 (expected 1 days 00:00:00),treasury
2021-01-11 00:00:00+00:00,ZF,gap,info_session_or_outage,gap of 3 days 00:00:00 (expected 1 days 00:00:00),treasury
2021-01-19 00:00:00+00:00,ZF,gap,info_session_or_outage,gap of 4 days 00:00:00 (expected 1 days 00:00:00),treasury
2021-01-25 00:00:00+00:00,ZF,gap,info_session_or_outage,gap of 3 days 00:00:00 (expected 1 days 00:00:00),treasury
2021-02-01 00:00:00+00:00,ZF,gap,info_session_or_outage,gap of 3 days 00:00:00 (expected 1 days 00:00:00),treasury
2021-02-08 00:00:00+00:00,ZF,gap,info_session_or_outage,gap of 3 days 00:00:00 (expected 1 days 00:00:00),treasury
2021-02-16 00:00:00+00:00,ZF,gap,info_session_or_outage,gap of 4 days 00:00:00 (expected 1 days 00:00:00),treasury
2021-02-22 00:00:00+00:00,ZF,gap,info_session_or_outage,gap of 3 days 00:00:00 (expected 1 days 00:00:00),treasury
2021-03-01 00:00:00+00:00,ZF,gap,info_session_or_outage,gap of 3 days 00:00:00 (expected 1 days 00:00:00),treasury
2021-03-08 00:00:00+00:00,ZF,gap,info_session_or_outage,gap of 3 days 00:00:00 (expected 1 days 00:00:00),treasury
2021-03-15 00:00:00+00:00,ZF,gap,info_session_or_outage,gap of 3 days 00:00:00 (expected 1 days 00:00:00),treasury
2021-03-22 00:00:00+00:00,ZF,gap,info_session_or_outage,gap of 3 days 00:00:00 (expected 1 days 00:00:00),treasury
2021-03-29 00:00:00+00:00,ZF,gap,info_session_or_outage,gap of 3 days 00:00:00 (expected 1 days 00:00:00),treasury
2021-04-05 00:00:00+00:00,ZF,gap,info_session_or_outage,gap of 4 days 00:00:00 (expected 1 days 00:00:00),treasury
2021-04-12 00:00:00+00:00,ZF,gap,info_session_or_outage,gap of 3 days 00:00:00 (expected 1 days 00:00:00),treasury
2021-04-19 00:00:00+00:00,ZF,gap,info_session_or_outage,gap of 3 days 00:00:00 (expected 1 days 00:00:00),treasury
2021-04-26 00:00:00+00:00,ZF,gap,info_session_or_outage,gap of 3 days 00:00:00 (expected 1 days 00:00:00),treasury
2021-05-03 00:00:00+00:00,ZF,gap,info_session_or_outage,gap of 3 days 00:00:00 (expected 1 days 00:00:00),treasury
2021-05-10 00:00:00+00:00,ZF,gap,info_session_or_outage,gap of 3 days 00:00:00 (expected 1 days 00:00:00),treasury
2021-05-17 00:00:00+00:00,ZF,gap,info_session_or_outage,gap of 3 days 00:00:00 (expected 1 days 00:00:00),treasury
2021-05-24 00:00:00+00:00,ZF,gap,info_session_or_outage,gap of 3 days 00:00:00 (expected 1 days 00:00:00),treasury
2021-06-01 00:00:00+00:00,ZF,gap,info_session_or_outage,gap of 4 days 00:00:00 (expected 1 days 00:00:00),treasury
2021-06-07 00:00:00+00:00,ZF,gap,info_session_or_outage,gap of 3 days 00:00:00 (expected 1 days 00:00:00),treasury
2021-06-14 00:00:00+00:00,ZF,gap,info_session_or_outage,gap of 3 days 00:00:00 (expected 1 days 00:00:00),treasury
2021-06-21 00:00:00+00:00,ZF,gap,info_session_or_outage,gap of 3 days 00:00:00 (expected 1 days 00:00:00),treasury
2021-06-28 00:00:00+00:00,ZF,gap,info_session_or_outage,gap of 3 days 00:00:00 (expected 1 days 00:00:00),treasury
2021-07-06 00:00:00+00:00,ZF,gap,info_session_or_outage,gap of 4 days 00:00:00 (expected 1 days 00:00:00),treasury
2021-07-12 00:00:00+00:00,ZF,gap,info_session_or_outage,gap of 3 days 00:00:00 (expected 1 days 00:00:00),treasury
2021-07-19 00:00:00+00:00,ZF,gap,info_session_or_outage,gap of 3 days 00:00:00 (expected 1 days 00:00:00),treasury
2021-07-26 00:00:00+00:00,ZF,gap,info_session_or_outage,gap of 3 days 00:00:00 (expected 1 days 00:00:00),treasury
2021-08-02 00:00:00+00:00,ZF,gap,info_session_or_outage,gap of 3 days 00:00:00 (expected 1 days 00:00:00),treasury
2021-08-09 00:00:00+00:00,ZF,gap,info_session_or_outage,gap of 3 days 00:00:00 (expected 1 days 00:00:00),treasury
2021-08-16 00:00:00+00:00,ZF,gap,info_session_or_outage,gap of 3 days 00:00:00 (expected 1 days 00:00:00),treasury
2021-08-23 00:00:00+00:00,ZF,gap,info_session_or_outage,gap of 3 days 00:00:00 (expected 1 days 00:00:00),treasury
2021-08-30 00:00:00+00:00,ZF,gap,info_session_or_outage,gap of 3 days 00:00:00 (expected 1 days 00:00:00),treasury
2021-09-07 00:00:00+00:00,ZF,gap,info_session_or_outage,gap of 4 days 00:00:00 (expected 1 days 00:00:00),treasury
2021-09-13 00:00:00+00:00,ZF,gap,info_session_or_outage,gap of 3 days 00:00:00 (expected 1 days 00:00:00),treasury
2021-09-20 00:00:00+00:00,ZF,gap,info_session_or_outage,gap of 3 days 00:00:00 (expected 1 days 00:00:00),treasury
2021-09-27 00:00:00+00:00,ZF,gap,info_session_or_outage,gap of 3 days 00:00:00 (expected 1 days 00:00:00),treasury
2021-10-04 00:00:00+00:00,ZF,gap,info_session_or_outage,gap of 3 days 00:00:00 (expected 1 days 00:00:00),treasury
2021-10-11 00:00:00+00:00,ZF,gap,info_session_or_outage,gap of 3 days 00:00:00 (expected 1 days 00:00:00),treasury
2021-10-18 00:00:00+00:00,ZF,gap,info_session_or_outage,gap of 3 days 00:00:00 (expected 1 days 00:00:00),treasury
2021-10-25 00:00:00+00:00,ZF,gap,info_session_or_outage,gap of 3 days 00:00:00 (expected 1 days 00:00:00),treasury
2021-11-01 00:00:00+00:00,ZF,gap,info_session_or_outage,gap of 3 days 00:00:00 (expected 1 days 00:00:00),treasury
2021-11-08 00:00:00+00:00,ZF,gap,info_session_or_outage,gap of 3 days 00:00:00 (expected 1 days 00:00:00),treasury
2021-11-15 00:00:00+00:00,ZF,gap,info_session_or_outage,gap of 3 days 00:00:00 (expected 1 days 00:00:00),treasury
2021-11-22 00:00:00+00:00,ZF,gap,info_session_or_outage,gap of 3 days 00:00:00 (expected 1 days 00:00:00),treasury
2021-11-26 00:00:00+00:00,ZF,gap,info_session_or_outage,gap of 2 days 00:00:00 (expected 1 days 00:00:00),treasury
2021-11-29 00:00:00+00:00,ZF,gap,info_session_or_outage,gap of 3 days 00:00:00 (expected 1 days 00:00:00),treasury
2021-12-06 00:00:00+00:00,ZF,gap,info_session_or_outage,gap of 3 days 00:00:00 (expected 1 days 00:00:00),treasury
2021-12-13 00:00:00+00:00,ZF,gap,info_session_or_outage,gap of 3 days 00:00:00 (expected 1 days 00:00:00),treasury
2021-12-20 00:00:00+00:00,ZF,gap,info_session_or_outage,gap of 3 days 00:00:00 (expected 1 days 00:00:00),treasury
2021-12-27 00:00:00+00:00,ZF,gap,info_session_or_outage,gap of 4 days 00:00:00 (expected 1 days 00:00:00),treasury
2022-01-03 00:00:00+00:00,ZF,gap,info_session_or_outage,gap of 3 days 00:00:00 (expected 1 days 00:00:00),treasury
2022-01-10 00:00:00+00:00,ZF,gap,info_session_or_outage,gap of 3 days 00:00:00 (expected 1 days 00:00:00),treasury
2022-01-18 00:00:00+00:00,ZF,gap,info_session_or_outage,gap of 4 days 00:00:00 (expected 1 days 00:00:00),treasury
2022-01-24 00:00:00+00:00,ZF,gap,info_session_or_outage,gap of 3 days 00:00:00 (expected 1 days 00:00:00),treasury
2022-01-31 00:00:00+00:00,ZF,gap,info_session_or_outage,gap of 3 days 00:00:00 (expected 1 days 00:00:00),treasury
2022-02-07 00:00:00+00:00,ZF,gap,info_session_or_outage,gap of 3 days 00:00:00 (expected 1 days 00:00:00),treasury
2022-02-14 00:00:00+00:00,ZF,gap,info_session_or_outage,gap of 3 days 00:00:00 (expected 1 days 00:00:00),treasury
2022-02-22 00:00:00+00:00,ZF,gap,info_session_or_outage,gap of 4 days 00:00:00 (expected 1 days 00:00:00),treasury
2022-02-28 00:00:00+00:00,ZF,gap,info_session_or_outage,gap of 3 days 00:00:00 (expected 1 days 00:00:00),treasury
2022-03-07 00:00:00+00:00,ZF,gap,info_session_or_outage,gap of 3 days 00:00:00 (expected 1 days 00:00:00),treasury
2022-03-14 00:00:00+00:00,ZF,gap,info_session_or_outage,gap of 3 days 00:00:00 (expected 1 days 00:00:00),treasury
2022-03-21 00:00:00+00:00,ZF,gap,info_session_or_outage,gap of 3 days 00:00:00 (expected 1 days 00:00:00),treasury
2022-03-28 00:00:00+00:00,ZF,gap,info_session_or_outage,gap of 3 days 00:00:00 (expected 1 days 00:00:00),treasury
2022-04-04 00:00:00+00:00,ZF,gap,info_session_or_outage,gap of 3 days 00:00:00 (expected 1 days 00:00:00),treasury
2022-04-11 00:00:00+00:00,ZF,gap,info_session_or_outage,gap of 3 days 00:00:00 (expected 1 days 00:00:00),treasury
2022-04-18 00:00:00+00:00,ZF,gap,info_session_or_outage,gap of 4 days 00:00:00 (expected 1 days 00:00:00),treasury
2022-04-25 00:00:00+00:00,ZF,gap,info_session_or_outage,gap of 3 days 00:00:00 (expected 1 days 00:00:00),treasury
2022-05-02 00:00:00+00:00,ZF,gap,info_session_or_outage,gap of 3 days 00:00:00 (expected 1 days 00:00:00),treasury
2022-05-09 00:00:00+00:00,ZF,gap,info_session_or_outage,gap of 3 days 00:00:00 (expected 1 days 00:00:00),treasury
2022-05-16 00:00:00+00:00,ZF,gap,info_session_or_outage,gap of 3 days 00:00:00 (expected 1 days 00:00:00),treasury
2022-05-23 00:00:00+00:00,ZF,gap,info_session_or_outage,gap of 3 days 00:00:00 (expected 1 days 00:00:00),treasury
2022-05-31 00:00:00+00:00,ZF,gap,info_session_or_outage,gap of 4 days 00:00:00 (expected 1 days 00:00:00),treasury
2022-06-06 00:00:00+00:00,ZF,gap,info_session_or_outage,gap of 3 days 00:00:00 (expected 1 days 00:00:00),treasury
2022-06-13 00:00:00+00:00,ZF,gap,info_session_or_outage,gap of 3 days 00:00:00 (expected 1 days 00:00:00),treasury
2022-06-21 00:00:00+00:00,ZF,gap,info_session_or_outage,gap of 4 days 00:00:00 (expected 1 days 00:00:00),treasury
2022-06-27 00:00:00+00:00,ZF,gap,info_session_or_outage,gap of 3 days 00:00:00 (expected 1 days 00:00:00),treasury
2022-07-05 00:00:00+00:00,ZF,gap,info_session_or_outage,gap of 4 days 00:00:00 (expected 1 days 00:00:00),treasury
2022-07-11 00:00:00+00:00,ZF,gap,info_session_or_outage,gap of 3 days 00:00:00 (expected 1 days 00:00:00),treasury
2022-07-18 00:00:00+00:00,ZF,gap,info_session_or_outage,gap of 3 days 00:00:00 (expected 1 days 00:00:00),treasury
2022-07-25 00:00:00+00:00,ZF,gap,info_session_or_outage,gap of 3 days 00:00:00 (expected 1 days 00:00:00),treasury
2022-08-01 00:00:00+00:00,ZF,gap,info_session_or_outage,gap of 3 days 00:00:00 (expected 1 days 00:00:00),treasury
2022-08-08 00:00:00+00:00,ZF,gap,info_session_or_outage,gap of 3 days 00:00:00 (expected 1 days 00:00:00),treasury
2022-08-15 00:00:00+00:00,ZF,gap,info_session_or_outage,gap of 3 days 00:00:00 (expected 1 days 00:00:00),treasury
2022-08-22 00:00:00+00:00,ZF,gap,info_session_or_outage,gap of 3 days 00:00:00 (expected 1 days 00:00:00),treasury
2022-08-29 00:00:00+00:00,ZF,gap,info_session_or_outage,gap of 3 days 00:00:00 (expected 1 days 00:00:00),treasury
2022-09-06 00:00:00+00:00,ZF,gap,info_session_or_outage,gap of 4 days 00:00:00 (expected 1 days 00:00:00),treasury
2022-09-12 00:00:00+00:00,ZF,gap,info_session_or_outage,gap of 3 days 00:00:00 (expected 1 days 00:00:00),treasury
2022-09-19 00:00:00+00:00,ZF,gap,info_session_or_outage,gap of 3 days 00:00:00 (expected 1 days 00:00:00),treasury
2022-09-26 00:00:00+00:00,ZF,gap,info_session_or_outage,gap of 3 days 00:00:00 (expected 1 days 00:00:00),treasury
2022-10-03 00:00:00+00:00,ZF,gap,info_session_or_outage,gap of 3 days 00:00:00 (expected 1 days 00:00:00),treasury
2022-10-10 00:00:00+00:00,ZF,gap,info_session_or_outage,gap of 3 days 00:00:00 (expected 1 days 00:00:00),treasury
2022-10-17 00:00:00+00:00,ZF,gap,info_session_or_outage,gap of 3 days 00:00:00 (expected 1 days 00:00:00),treasury
2022-10-24 00:00:00+00:00,ZF,gap,info_session_or_outage,gap of 3 days 00:00:00 (expected 1 days 00:00:00),treasury
2022-10-31 00:00:00+00:00,ZF,gap,info_session_or_outage,gap of 3 days 00:00:00 (expected 1 days 00:00:00),treasury
2022-11-07 00:00:00+00:00,ZF,gap,info_session_or_outage,gap of 3 days 00:00:00 (expected 1 days 00:00:00),treasury
2022-11-14 00:00:00+00:00,ZF,gap,info_session_or_outage,gap of 3 days 00:00:00 (expected 1 days 00:00:00),treasury
2022-11-21 00:00:00+00:00,ZF,gap,info_session_or_outage,gap of 3 days 00:00:00 (expected 1 days 00:00:00),treasury
2022-11-25 00:00:00+00:00,ZF,gap,info_session_or_outage,gap of 2 days 00:00:00 (expected 1 days 00:00:00),treasury
2022-11-28 00:00:00+00:00,ZF,gap,info_session_or_outage,gap of 3 days 00:00:00 (expected 1 days 00:00:00),treasury
2022-12-05 00:00:00+00:00,ZF,gap,info_session_or_outage,gap of 3 days 00:00:00 (expected 1 days 00:00:00),treasury
2022-12-12 00:00:00+00:00,ZF,gap,info_session_or_outage,gap of 3 days 00:00:00 (expected 1 days 00:00:00),treasury
2022-12-19 00:00:00+00:00,ZF,gap,info_session_or_outage,gap of 3 days 00:00:00 (expected 1 days 00:00:00),treasury
2022-12-27 00:00:00+00:00,ZF,gap,info_session_or_outage,gap of 4 days 00:00:00 (expected 1 days 00:00:00),treasury
2023-01-03 00:00:00+00:00,ZF,gap,info_session_or_outage,gap of 4 days 00:00:00 (expected 1 days 00:00:00),treasury
2023-01-09 00:00:00+00:00,ZF,gap,info_session_or_outage,gap of 3 days 00:00:00 (expected 1 days 00:00:00),treasury
2023-01-17 00:00:00+00:00,ZF,gap,info_session_or_outage,gap of 4 days 00:00:00 (expected 1 days 00:00:00),treasury
2023-01-23 00:00:00+00:00,ZF,gap,info_session_or_outage,gap of 3 days 00:00:00 (expected 1 days 00:00:00),treasury
2023-01-30 00:00:00+00:00,ZF,gap,info_session_or_outage,gap of 3 days 00:00:00 (expected 1 days 00:00:00),treasury
2023-02-06 00:00:00+00:00,ZF,gap,info_session_or_outage,gap of 3 days 00:00:00 (expected 1 days 00:00:00),treasury
2023-02-13 00:00:00+00:00,ZF,gap,info_session_or_outage,gap of 3 days 00:00:00 (expected 1 days 00:00:00),treasury
2023-02-21 00:00:00+00:00,ZF,gap,info_session_or_outage,gap of 4 days 00:00:00 (expected 1 days 00:00:00),treasury
2023-02-27 00:00:00+00:00,ZF,gap,info_session_or_outage,gap of 3 days 00:00:00 (expected 1 days 00:00:00),treasury
2023-03-06 00:00:00+00:00,ZF,gap,info_session_or_outage,gap of 3 days 00:00:00 (expected 1 days 00:00:00),treasury
2023-03-13 00:00:00+00:00,ZF,gap,info_session_or_outage,gap of 3 days 00:00:00 (expected 1 days 00:00:00),treasury
2023-03-20 00:00:00+00:00,ZF,gap,info_session_or_outage,gap of 3 days 00:00:00 (expected 1 days 00:00:00),treasury
2023-03-27 00:00:00+00:00,ZF,gap,info_session_or_outage,gap of 3 days 00:00:00 (expected 1 days 00:00:00),treasury
2023-04-03 00:00:00+00:00,ZF,gap,info_session_or_outage,gap of 3 days 00:00:00 (expected 1 days 00:00:00),treasury
2023-04-10 00:00:00+00:00,ZF,gap,info_session_or_outage,gap of 4 days 00:00:00 (expected 1 days 00:00:00),treasury
2023-04-17 00:00:00+00:00,ZF,gap,info_session_or_outage,gap of 3 days 00:00:00 (expected 1 days 00:00:00),treasury
2023-04-24 00:00:00+00:00,ZF,gap,info_session_or_outage,gap of 3 days 00:00:00 (expected 1 days 00:00:00),treasury
2023-05-01 00:00:00+00:00,ZF,gap,info_session_or_outage,gap of 3 days 00:00:00 (expected 1 days 00:00:00),treasury
2023-05-08 00:00:00+00:00,ZF,gap,info_session_or_outage,gap of 3 days 00:00:00 (expected 1 days 00:00:00),treasury
2023-05-15 00:00:00+00:00,ZF,gap,info_session_or_outage,gap of 3 days 00:00:00 (expected 1 days 00:00:00),treasury
2023-05-22 00:00:00+00:00,ZF,gap,info_session_or_outage,gap of 3 days 00:00:00 (expected 1 days 00:00:00),treasury
2023-05-30 00:00:00+00:00,ZF,gap,info_session_or_outage,gap of 4 days 00:00:00 (expected 1 days 00:00:00),treasury
2023-06-05 00:00:00+00:00,ZF,gap,info_session_or_outage,gap of 3 days 00:00:00 (expected 1 days 00:00:00),treasury
2023-06-12 00:00:00+00:00,ZF,gap,info_session_or_outage,gap of 3 days 00:00:00 (expected 1 days 00:00:00),treasury
2023-06-20 00:00:00+00:00,ZF,gap,info_session_or_outage,gap of 4 days 00:00:00 (expected 1 days 00:00:00),treasury
2023-06-26 00:00:00+00:00,ZF,gap,info_session_or_outage,gap of 3 days 00:00:00 (expected 1 days 00:00:00),treasury
2023-07-03 00:00:00+00:00,ZF,gap,info_session_or_outage,gap of 3 days 00:00:00 (expected 1 days 00:00:00),treasury
2023-07-05 00:00:00+00:00,ZF,gap,info_session_or_outage,gap of 2 days 00:00:00 (expected 1 days 00:00:00),treasury
2023-07-10 00:00:00+00:00,ZF,gap,info_session_or_outage,gap of 3 days 00:00:00 (expected 1 days 00:00:00),treasury
2023-07-17 00:00:00+00:00,ZF,gap,info_session_or_outage,gap of 3 days 00:00:00 (expected 1 days 00:00:00),treasury
2023-07-24 00:00:00+00:00,ZF,gap,info_session_or_outage,gap of 3 days 00:00:00 (expected 1 days 00:00:00),treasury
2023-07-31 00:00:00+00:00,ZF,gap,info_session_or_outage,gap of 3 days 00:00:00 (expected 1 days 00:00:00),treasury
2023-08-07 00:00:00+00:00,ZF,gap,info_session_or_outage,gap of 3 days 00:00:00 (expected 1 days 00:00:00),treasury
2023-08-14 00:00:00+00:00,ZF,gap,info_session_or_outage,gap of 3 days 00:00:00 (expected 1 days 00:00:00),treasury
2023-08-21 00:00:00+00:00,ZF,gap,info_session_or_outage,gap of 3 days 00:00:00 (expected 1 days 00:00:00),treasury
2023-08-28 00:00:00+00:00,ZF,gap,info_session_or_outage,gap of 3 days 00:00:00 (expected 1 days 00:00:00),treasury
2023-09-05 00:00:00+00:00,ZF,gap,info_session_or_outage,gap of 4 days 00:00:00 (expected 1 days 00:00:00),treasury
2023-09-11 00:00:00+00:00,ZF,gap,info_session_or_outage,gap of 3 days 00:00:00 (expected 1 days 00:00:00),treasury
2023-09-18 00:00:00+00:00,ZF,gap,info_session_or_outage,gap of 3 days 00:00:00 (expected 1 days 00:00:00),treasury
2023-09-25 00:00:00+00:00,ZF,gap,info_session_or_outage,gap of 3 days 00:00:00 (expected 1 days 00:00:00),treasury
2023-10-02 00:00:00+00:00,ZF,gap,info_session_or_outage,gap of 3 days 00:00:00 (expected 1 days 00:00:00),treasury
2023-10-09 00:00:00+00:00,ZF,gap,info_session_or_outage,gap of 3 days 00:00:00 (expected 1 days 00:00:00),treasury
2023-10-16 00:00:00+00:00,ZF,gap,info_session_or_outage,gap of 3 days 00:00:00 (expected 1 days 00:00:00),treasury
2023-10-23 00:00:00+00:00,ZF,gap,info_session_or_outage,gap of 3 days 00:00:00 (expected 1 days 00:00:00),treasury
2023-10-30 00:00:00+00:00,ZF,gap,info_session_or_outage,gap of 3 days 00:00:00 (expected 1 days 00:00:00),treasury
2023-11-06 00:00:00+00:00,ZF,gap,info_session_or_outage,gap of 3 days 00:00:00 (expected 1 days 00:00:00),treasury
2023-11-13 00:00:00+00:00,ZF,gap,info_session_or_outage,gap of 3 days 00:00:00 (expected 1 days 00:00:00),treasury
2023-11-20 00:00:00+00:00,ZF,gap,info_session_or_outage,gap of 3 days 00:00:00 (expected 1 days 00:00:00),treasury
2023-11-27 00:00:00+00:00,ZF,gap,info_session_or_outage,gap of 3 days 00:00:00 (expected 1 days 00:00:00),treasury
2023-12-04 00:00:00+00:00,ZF,gap,info_session_or_outage,gap of 3 days 00:00:00 (expected 1 days 00:00:00),treasury
2023-12-11 00:00:00+00:00,ZF,gap,info_session_or_outage,gap of 3 days 00:00:00 (expected 1 days 00:00:00),treasury
2023-12-18 00:00:00+00:00,ZF,gap,info_session_or_outage,gap of 3 days 00:00:00 (expected 1 days 00:00:00),treasury
2023-12-26 00:00:00+00:00,ZF,gap,info_session_or_outage,gap of 4 days 00:00:00 (expected 1 days 00:00:00),treasury
2024-01-02 00:00:00+00:00,ZF,gap,info_session_or_outage,gap of 4 days 00:00:00 (expected 1 days 00:00:00),treasury
2024-01-08 00:00:00+00:00,ZF,gap,info_session_or_outage,gap of 3 days 00:00:00 (expected 1 days 00:00:00),treasury
2024-01-16 00:00:00+00:00,ZF,gap,info_session_or_outage,gap of 4 days 00:00:00 (expected 1 days 00:00:00),treasury
2024-01-22 00:00:00+00:00,ZF,gap,info_session_or_outage,gap of 3 days 00:00:00 (expected 1 days 00:00:00),treasury
2024-01-29 00:00:00+00:00,ZF,gap,info_session_or_outage,gap of 3 days 00:00:00 (expected 1 days 00:00:00),treasury
2024-02-05 00:00:00+00:00,ZF,gap,info_session_or_outage,gap of 3 days 00:00:00 (expected 1 days 00:00:00),treasury
2024-02-12 00:00:00+00:00,ZF,gap,info_session_or_outage,gap of 3 days 00:00:00 (expected 1 days 00:00:00),treasury
2024-02-20 00:00:00+00:00,ZF,gap,info_session_or_outage,gap of 4 days 00:00:00 (expected 1 days 00:00:00),treasury
2024-02-26 00:00:00+00:00,ZF,gap,info_session_or_outage,gap of 3 days 00:00:00 (expected 1 days 00:00:00),treasury
2024-03-04 00:00:00+00:00,ZF,gap,info_session_or_outage,gap of 3 days 00:00:00 (expected 1 days 00:00:00),treasury
2024-03-11 00:00:00+00:00,ZF,gap,info_session_or_outage,gap of 3 days 00:00:00 (expected 1 days 00:00:00),treasury
2024-03-18 00:00:00+00:00,ZF,gap,info_session_or_outage,gap of 3 days 00:00:00 (expected 1 days 00:00:00),treasury
2024-03-25 00:00:00+00:00,ZF,gap,info_session_or_outage,gap of 3 days 00:00:00 (expected 1 days 00:00:00),treasury
2024-04-01 00:00:00+00:00,ZF,gap,info_session_or_outage,gap of 4 days 00:00:00 (expected 1 days 00:00:00),treasury
2024-04-08 00:00:00+00:00,ZF,gap,info_session_or_outage,gap of 3 days 00:00:00 (expected 1 days 00:00:00),treasury
2024-04-15 00:00:00+00:00,ZF,gap,info_session_or_outage,gap of 3 days 00:00:00 (expected 1 days 00:00:00),treasury
2024-04-22 00:00:00+00:00,ZF,gap,info_session_or_outage,gap of 3 days 00:00:00 (expected 1 days 00:00:00),treasury
2024-04-29 00:00:00+00:00,ZF,gap,info_session_or_outage,gap of 3 days 00:00:00 (expected 1 days 00:00:00),treasury
2024-05-06 00:00:00+00:00,ZF,gap,info_session_or_outage,gap of 3 days 00:00:00 (expected 1 days 00:00:00),treasury
2024-05-13 00:00:00+00:00,ZF,gap,info_session_or_outage,gap of 3 days 00:00:00 (expected 1 days 00:00:00),treasury
2024-05-20 00:00:00+00:00,ZF,gap,info_session_or_outage,gap of 3 days 00:00:00 (expected 1 days 00:00:00),treasury
2024-05-28 00:00:00+00:00,ZF,gap,info_session_or_outage,gap of 4 days 00:00:00 (expected 1 days 00:00:00),treasury
2024-06-03 00:00:00+00:00,ZF,gap,info_session_or_outage,gap of 3 days 00:00:00 (expected 1 days 00:00:00),treasury
2024-06-10 00:00:00+00:00,ZF,gap,info_session_or_outage,gap of 3 days 00:00:00 (expected 1 days 00:00:00),treasury
2024-06-17 00:00:00+00:00,ZF,gap,info_session_or_outage,gap of 3 days 00:00:00 (expected 1 days 00:00:00),treasury
2024-06-20 00:00:00+00:00,ZF,gap,info_session_or_outage,gap of 2 days 00:00:00 (expected 1 days 00:00:00),treasury
2024-06-24 00:00:00+00:00,ZF,gap,info_session_or_outage,gap of 3 days 00:00:00 (expected 1 days 00:00:00),treasury
2024-07-01 00:00:00+00:00,ZF,gap,info_session_or_outage,gap of 3 days 00:00:00 (expected 1 days 00:00:00),treasury
2024-07-05 00:00:00+00:00,ZF,gap,info_session_or_outage,gap of 2 days 00:00:00 (expected 1 days 00:00:00),treasury
2024-07-08 00:00:00+00:00,ZF,gap,info_session_or_outage,gap of 3 days 00:00:00 (expected 1 days 00:00:00),treasury
2024-07-15 00:00:00+00:00,ZF,gap,info_session_or_outage,gap of 3 days 00:00:00 (expected 1 days 00:00:00),treasury
2024-07-22 00:00:00+00:00,ZF,gap,info_session_or_outage,gap of 3 days 00:00:00 (expected 1 days 00:00:00),treasury
2024-07-29 00:00:00+00:00,ZF,gap,info_session_or_outage,gap of 3 days 00:00:00 (expected 1 days 00:00:00),treasury
2024-08-05 00:00:00+00:00,ZF,gap,info_session_or_outage,gap of 3 days 00:00:00 (expected 1 days 00:00:00),treasury
2024-08-12 00:00:00+00:00,ZF,gap,info_session_or_outage,gap of 3 days 00:00:00 (expected 1 days 00:00:00),treasury
2024-08-19 00:00:00+00:00,ZF,gap,info_session_or_outage,gap of 3 days 00:00:00 (expected 1 days 00:00:00),treasury
2024-08-26 00:00:00+00:00,ZF,gap,info_session_or_outage,gap of 3 days 00:00:00 (expected 1 days 00:00:00),treasury
2024-09-03 00:00:00+00:00,ZF,gap,info_session_or_outage,gap of 4 days 00:00:00 (expected 1 days 00:00:00),treasury
2024-09-09 00:00:00+00:00,ZF,gap,info_session_or_outage,gap of 3 days 00:00:00 (expected 1 days 00:00:00),treasury
2024-09-16 00:00:00+00:00,ZF,gap,info_session_or_outage,gap of 3 days 00:00:00 (expected 1 days 00:00:00),treasury
2024-09-23 00:00:00+00:00,ZF,gap,info_session_or_outage,gap of 3 days 00:00:00 (expected 1 days 00:00:00),treasury
2024-09-30 00:00:00+00:00,ZF,gap,info_session_or_outage,gap of 3 days 00:00:00 (expected 1 days 00:00:00),treasury
2024-10-07 00:00:00+00:00,ZF,gap,info_session_or_outage,gap of 3 days 00:00:00 (expected 1 days 00:00:00),treasury
2024-10-14 00:00:00+00:00,ZF,gap,info_session_or_outage,gap of 3 days 00:00:00 (expected 1 days 00:00:00),treasury
2024-10-21 00:00:00+00:00,ZF,gap,info_session_or_outage,gap of 3 days 00:00:00 (expected 1 days 00:00:00),treasury
2024-10-28 00:00:00+00:00,ZF,gap,info_session_or_outage,gap of 3 days 00:00:00 (expected 1 days 00:00:00),treasury
2024-11-04 00:00:00+00:00,ZF,gap,info_session_or_outage,gap of 3 days 00:00:00 (expected 1 days 00:00:00),treasury
2024-11-11 00:00:00+00:00,ZF,gap,info_session_or_outage,gap of 3 days 00:00:00 (expected 1 days 00:00:00),treasury
2024-11-18 00:00:00+00:00,ZF,gap,info_session_or_outage,gap of 3 days 00:00:00 (expected 1 days 00:00:00),treasury
2024-11-25 00:00:00+00:00,ZF,gap,info_session_or_outage,gap of 3 days 00:00:00 (expected 1 days 00:00:00),treasury
2024-11-29 00:00:00+00:00,ZF,gap,info_session_or_outage,gap of 2 days 00:00:00 (expected 1 days 00:00:00),treasury
2024-12-02 00:00:00+00:00,ZF,gap,info_session_or_outage,gap of 3 days 00:00:00 (expected 1 days 00:00:00),treasury
2024-12-09 00:00:00+00:00,ZF,gap,info_session_or_outage,gap of 3 days 00:00:00 (expected 1 days 00:00:00),treasury
2024-12-16 00:00:00+00:00,ZF,gap,info_session_or_outage,gap of 3 days 00:00:00 (expected 1 days 00:00:00),treasury
2024-12-23 00:00:00+00:00,ZF,gap,info_session_or_outage,gap of 3 days 00:00:00 (expected 1 days 00:00:00),treasury
2024-12-26 00:00:00+00:00,ZF,gap,info_session_or_outage,gap of 2 days 00:00:00 (expected 1 days 00:00:00),treasury
2024-12-30 00:00:00+00:00,ZF,gap,info_session_or_outage,gap of 3 days 00:00:00 (expected 1 days 00:00:00),treasury
2025-01-02 00:00:00+00:00,ZF,gap,info_session_or_outage,gap of 2 days 00:00:00 (expected 1 days 00:00:00),treasury
2025-01-06 00:00:00+00:00,ZF,gap,info_session_or_outage,gap of 3 days 00:00:00 (expected 1 days 00:00:00),treasury
2025-01-13 00:00:00+00:00,ZF,gap,info_session_or_outage,gap of 3 days 00:00:00 (expected 1 days 00:00:00),treasury
2025-01-21 00:00:00+00:00,ZF,gap,info_session_or_outage,gap of 4 days 00:00:00 (expected 1 days 00:00:00),treasury
2025-01-27 00:00:00+00:00,ZF,gap,info_session_or_outage,gap of 3 days 00:00:00 (expected 1 days 00:00:00),treasury
2025-02-03 00:00:00+00:00,ZF,gap,info_session_or_outage,gap of 3 days 00:00:00 (expected 1 days 00:00:00),treasury
2025-02-10 00:00:00+00:00,ZF,gap,info_session_or_outage,gap of 3 days 00:00:00 (expected 1 days 00:00:00),treasury
2025-02-18 00:00:00+00:00,ZF,gap,info_session_or_outage,gap of 4 days 00:00:00 (expected 1 days 00:00:00),treasury
2025-02-24 00:00:00+00:00,ZF,gap,info_session_or_outage,gap of 3 days 00:00:00 (expected 1 days 00:00:00),treasury
2025-03-03 00:00:00+00:00,ZF,gap,info_session_or_outage,gap of 3 days 00:00:00 (expected 1 days 00:00:00),treasury
2025-03-10 00:00:00+00:00,ZF,gap,info_session_or_outage,gap of 3 days 00:00:00 (expected 1 days 00:00:00),treasury
2025-03-17 00:00:00+00:00,ZF,gap,info_session_or_outage,gap of 3 days 00:00:00 (expected 1 days 00:00:00),treasury
2025-03-24 00:00:00+00:00,ZF,gap,info_session_or_outage,gap of 3 days 00:00:00 (expected 1 days 00:00:00),treasury
2025-03-31 00:00:00+00:00,ZF,gap,info_session_or_outage,gap of 3 days 00:00:00 (expected 1 days 00:00:00),treasury
2025-04-07 00:00:00+00:00,ZF,gap,info_session_or_outage,gap of 3 days 00:00:00 (expected 1 days 00:00:00),treasury
2025-04-14 00:00:00+00:00,ZF,gap,info_session_or_outage,gap of 3 days 00:00:00 (expected 1 days 00:00:00),treasury
2025-04-21 00:00:00+00:00,ZF,gap,info_session_or_outage,gap of 4 days 00:00:00 (expected 1 days 00:00:00),treasury
2025-04-28 00:00:00+00:00,ZF,gap,info_session_or_outage,gap of 3 days 00:00:00 (expected 1 days 00:00:00),treasury
2025-05-05 00:00:00+00:00,ZF,gap,info_session_or_outage,gap of 3 days 00:00:00 (expected 1 days 00:00:00),treasury
2025-05-12 00:00:00+00:00,ZF,gap,info_session_or_outage,gap of 3 days 00:00:00 (expected 1 days 00:00:00),treasury
2025-05-19 00:00:00+00:00,ZF,gap,info_session_or_outage,gap of 3 days 00:00:00 (expected 1 days 00:00:00),treasury
2025-05-27 00:00:00+00:00,ZF,gap,info_session_or_outage,gap of 4 days 00:00:00 (expected 1 days 00:00:00),treasury
2025-06-02 00:00:00+00:00,ZF,gap,info_session_or_outage,gap of 3 days 00:00:00 (expected 1 days 00:00:00),treasury
2025-06-09 00:00:00+00:00,ZF,gap,info_session_or_outage,gap of 3 days 00:00:00 (expected 1 days 00:00:00),treasury
2025-06-16 00:00:00+00:00,ZF,gap,info_session_or_outage,gap of 3 days 00:00:00 (expected 1 days 00:00:00),treasury
2025-06-20 00:00:00+00:00,ZF,gap,info_session_or_outage,gap of 2 days 00:00:00 (expected 1 days 00:00:00),treasury
2025-06-23 00:00:00+00:00,ZF,gap,info_session_or_outage,gap of 3 days 00:00:00 (expected 1 days 00:00:00),treasury
2025-06-30 00:00:00+00:00,ZF,gap,info_session_or_outage,gap of 3 days 00:00:00 (expected 1 days 00:00:00),treasury
2025-07-07 00:00:00+00:00,ZF,gap,info_session_or_outage,gap of 3 days 00:00:00 (expected 1 days 00:00:00),treasury
2025-07-14 00:00:00+00:00,ZF,gap,info_session_or_outage,gap of 3 days 00:00:00 (expected 1 days 00:00:00),treasury
2025-07-21 00:00:00+00:00,ZF,gap,info_session_or_outage,gap of 3 days 00:00:00 (expected 1 days 00:00:00),treasury
2025-07-28 00:00:00+00:00,ZF,gap,info_session_or_outage,gap of 3 days 00:00:00 (expected 1 days 00:00:00),treasury
2025-08-04 00:00:00+00:00,ZF,gap,info_session_or_outage,gap of 3 days 00:00:00 (expected 1 days 00:00:00),treasury
2025-08-11 00:00:00+00:00,ZF,gap,info_session_or_outage,gap of 3 days 00:00:00 (expected 1 days 00:00:00),treasury
2025-08-18 00:00:00+00:00,ZF,gap,info_session_or_outage,gap of 3 days 00:00:00 (expected 1 days 00:00:00),treasury
2025-08-25 00:00:00+00:00,ZF,gap,info_session_or_outage,gap of 3 days 00:00:00 (expected 1 days 00:00:00),treasury
2025-09-02 00:00:00+00:00,ZF,gap,info_session_or_outage,gap of 4 days 00:00:00 (expected 1 days 00:00:00),treasury
2025-09-08 00:00:00+00:00,ZF,gap,info_session_or_outage,gap of 3 days 00:00:00 (expected 1 days 00:00:00),treasury
2025-09-15 00:00:00+00:00,ZF,gap,info_session_or_outage,gap of 3 days 00:00:00 (expected 1 days 00:00:00),treasury
2025-09-22 00:00:00+00:00,ZF,gap,info_session_or_outage,gap of 3 days 00:00:00 (expected 1 days 00:00:00),treasury
2025-09-29 00:00:00+00:00,ZF,gap,info_session_or_outage,gap of 3 days 00:00:00 (expected 1 days 00:00:00),treasury
2025-10-06 00:00:00+00:00,ZF,gap,info_session_or_outage,gap of 3 days 00:00:00 (expected 1 days 00:00:00),treasury
2025-10-13 00:00:00+00:00,ZF,gap,info_session_or_outage,gap of 3 days 00:00:00 (expected 1 days 00:00:00),treasury
2025-10-20 00:00:00+00:00,ZF,gap,info_session_or_outage,gap of 3 days 00:00:00 (expected 1 days 00:00:00),treasury
2025-10-27 00:00:00+00:00,ZF,gap,info_session_or_outage,gap of 3 days 00:00:00 (expected 1 days 00:00:00),treasury
2025-11-03 00:00:00+00:00,ZF,gap,info_session_or_outage,gap of 3 days 00:00:00 (expected 1 days 00:00:00),treasury
2025-11-10 00:00:00+00:00,ZF,gap,info_session_or_outage,gap of 3 days 00:00:00 (expected 1 days 00:00:00),treasury
2025-11-17 00:00:00+00:00,ZF,gap,info_session_or_outage,gap of 3 days 00:00:00 (expected 1 days 00:00:00),treasury
2025-11-24 00:00:00+00:00,ZF,gap,info_session_or_outage,gap of 3 days 00:00:00 (expected 1 days 00:00:00),treasury
2025-11-28 00:00:00+00:00,ZF,gap,info_session_or_outage,gap of 2 days 00:00:00 (expected 1 days 00:00:00),treasury
2025-12-01 00:00:00+00:00,ZF,gap,info_session_or_outage,gap of 3 days 00:00:00 (expected 1 days 00:00:00),treasury
2025-12-08 00:00:00+00:00,ZF,gap,info_session_or_outage,gap of 3 days 00:00:00 (expected 1 days 00:00:00),treasury
2025-12-15 00:00:00+00:00,ZF,gap,info_session_or_outage,gap of 3 days 00:00:00 (expected 1 days 00:00:00),treasury
2025-12-22 00:00:00+00:00,ZF,gap,info_session_or_outage,gap of 3 days 00:00:00 (expected 1 days 00:00:00),treasury
2025-12-26 00:00:00+00:00,ZF,gap,info_session_or_outage,gap of 2 days 00:00:00 (expected 1 days 00:00:00),treasury
2025-12-29 00:00:00+00:00,ZF,gap,info_session_or_outage,gap of 3 days 00:00:00 (expected 1 days 00:00:00),treasury
2026-01-02 00:00:00+00:00,ZF,gap,info_session_or_outage,gap of 2 days 00:00:00 (expected 1 days 00:00:00),treasury
2026-01-05 00:00:00+00:00,ZF,gap,info_session_or_outage,gap of 3 days 00:00:00 (expected 1 days 00:00:00),treasury
2026-01-12 00:00:00+00:00,ZF,gap,info_session_or_outage,gap of 3 days 00:00:00 (expected 1 days 00:00:00),treasury
2026-01-20 00:00:00+00:00,ZF,gap,info_session_or_outage,gap of 4 days 00:00:00 (expected 1 days 00:00:00),treasury
2026-01-26 00:00:00+00:00,ZF,gap,info_session_or_outage,gap of 3 days 00:00:00 (expected 1 days 00:00:00),treasury
2026-02-02 00:00:00+00:00,ZF,gap,info_session_or_outage,gap of 3 days 00:00:00 (expected 1 days 00:00:00),treasury
2026-02-09 00:00:00+00:00,ZF,gap,info_session_or_outage,gap of 3 days 00:00:00 (expected 1 days 00:00:00),treasury
2026-02-17 00:00:00+00:00,ZF,gap,info_session_or_outage,gap of 4 days 00:00:00 (expected 1 days 00:00:00),treasury
2026-02-23 00:00:00+00:00,ZF,gap,info_session_or_outage,gap of 3 days 00:00:00 (expected 1 days 00:00:00),treasury
2026-03-02 00:00:00+00:00,ZF,gap,info_session_or_outage,gap of 3 days 00:00:00 (expected 1 days 00:00:00),treasury
2026-03-09 00:00:00+00:00,ZF,gap,info_session_or_outage,gap of 3 days 00:00:00 (expected 1 days 00:00:00),treasury
2026-03-16 00:00:00+00:00,ZF,gap,info_session_or_outage,gap of 3 days 00:00:00 (expected 1 days 00:00:00),treasury
2026-03-23 00:00:00+00:00,ZF,gap,info_session_or_outage,gap of 3 days 00:00:00 (expected 1 days 00:00:00),treasury
2026-03-30 00:00:00+00:00,ZF,gap,info_session_or_outage,gap of 3 days 00:00:00 (expected 1 days 00:00:00),treasury
2026-04-06 00:00:00+00:00,ZF,gap,info_session_or_outage,gap of 4 days 00:00:00 (expected 1 days 00:00:00),treasury
2026-04-13 00:00:00+00:00,ZF,gap,info_session_or_outage,gap of 3 days 00:00:00 (expected 1 days 00:00:00),treasury
2026-04-20 00:00:00+00:00,ZF,gap,info_session_or_outage,gap of 3 days 00:00:00 (expected 1 days 00:00:00),treasury
2026-04-27 00:00:00+00:00,ZF,gap,info_session_or_outage,gap of 3 days 00:00:00 (expected 1 days 00:00:00),treasury
2026-05-04 00:00:00+00:00,ZF,gap,info_session_or_outage,gap of 3 days 00:00:00 (expected 1 days 00:00:00),treasury
2026-05-11 00:00:00+00:00,ZF,gap,info_session_or_outage,gap of 3 days 00:00:00 (expected 1 days 00:00:00),treasury
2026-05-18 00:00:00+00:00,ZF,gap,info_session_or_outage,gap of 3 days 00:00:00 (expected 1 days 00:00:00),treasury
2026-05-26 00:00:00+00:00,ZF,gap,info_session_or_outage,gap of 4 days 00:00:00 (expected 1 days 00:00:00),treasury
2026-06-01 00:00:00+00:00,ZF,gap,info_session_or_outage,gap of 3 days 00:00:00 (expected 1 days 00:00:00),treasury
2026-06-08 00:00:00+00:00,ZF,gap,info_session_or_outage,gap of 3 days 00:00:00 (expected 1 days 00:00:00),treasury
2026-06-15 00:00:00+00:00,ZF,gap,info_session_or_outage,gap of 3 days 00:00:00 (expected 1 days 00:00:00),treasury
2026-06-22 00:00:00+00:00,ZF,gap,info_session_or_outage,gap of 4 days 00:00:00 (expected 1 days 00:00:00),treasury
2026-06-29 00:00:00+00:00,ZF,gap,info_session_or_outage,gap of 3 days 00:00:00 (expected 1 days 00:00:00),treasury
2026-07-06 00:00:00+00:00,ZF,gap,info_session_or_outage,gap of 4 days 00:00:00 (expected 1 days 00:00:00),treasury
2026-07-13 00:00:00+00:00,ZF,gap,info_session_or_outage,gap of 3 days 00:00:00 (expected 1 days 00:00:00),treasury
2026-07-20 00:00:00+00:00,ZF,gap,info_session_or_outage,gap of 3 days 00:00:00 (expected 1 days 00:00:00),treasury
2026-07-27 00:00:00+00:00,ZF,gap,info_session_or_outage,gap of 3 days 00:00:00 (expected 1 days 00:00:00),treasury
2010-01-11 00:00:00+00:00,ZN,gap,info_session_or_outage,gap of 3 days 00:00:00 (expected 1 days 00:00:00),treasury
2010-01-19 00:00:00+00:00,ZN,gap,info_session_or_outage,gap of 4 days 00:00:00 (expected 1 days 00:00:00),treasury
2010-01-25 00:00:00+00:00,ZN,gap,info_session_or_outage,gap of 3 days 00:00:00 (expected 1 days 00:00:00),treasury
2010-02-01 00:00:00+00:00,ZN,gap,info_session_or_outage,gap of 3 days 00:00:00 (expected 1 days 00:00:00),treasury
2010-02-08 00:00:00+00:00,ZN,gap,info_session_or_outage,gap of 3 days 00:00:00 (expected 1 days 00:00:00),treasury
2010-02-16 00:00:00+00:00,ZN,gap,info_session_or_outage,gap of 4 days 00:00:00 (expected 1 days 00:00:00),treasury
2010-02-22 00:00:00+00:00,ZN,gap,info_session_or_outage,gap of 3 days 00:00:00 (expected 1 days 00:00:00),treasury
2010-03-01 00:00:00+00:00,ZN,gap,info_session_or_outage,gap of 3 days 00:00:00 (expected 1 days 00:00:00),treasury
2010-03-08 00:00:00+00:00,ZN,gap,info_session_or_outage,gap of 3 days 00:00:00 (expected 1 days 00:00:00),treasury
2010-03-15 00:00:00+00:00,ZN,gap,info_session_or_outage,gap of 3 days 00:00:00 (expected 1 days 00:00:00),treasury
2010-03-22 00:00:00+00:00,ZN,gap,info_session_or_outage,gap of 3 days 00:00:00 (expected 1 days 00:00:00),treasury
2010-03-29 00:00:00+00:00,ZN,gap,info_session_or_outage,gap of 3 days 00:00:00 (expected 1 days 00:00:00),treasury
2010-04-05 00:00:00+00:00,ZN,gap,info_session_or_outage,gap of 4 days 00:00:00 (expected 1 days 00:00:00),treasury
2010-04-12 00:00:00+00:00,ZN,gap,info_session_or_outage,gap of 3 days 00:00:00 (expected 1 days 00:00:00),treasury
2010-04-19 00:00:00+00:00,ZN,gap,info_session_or_outage,gap of 3 days 00:00:00 (expected 1 days 00:00:00),treasury
2010-04-26 00:00:00+00:00,ZN,gap,info_session_or_outage,gap of 3 days 00:00:00 (expected 1 days 00:00:00),treasury
2010-05-03 00:00:00+00:00,ZN,gap,info_session_or_outage,gap of 3 days 00:00:00 (expected 1 days 00:00:00),treasury
2010-05-10 00:00:00+00:00,ZN,gap,info_session_or_outage,gap of 3 days 00:00:00 (expected 1 days 00:00:00),treasury
2010-05-17 00:00:00+00:00,ZN,gap,info_session_or_outage,gap of 3 days 00:00:00 (expected 1 days 00:00:00),treasury
2010-05-24 00:00:00+00:00,ZN,gap,info_session_or_outage,gap of 3 days 00:00:00 (expected 1 days 00:00:00),treasury
2010-06-01 00:00:00+00:00,ZN,gap,info_session_or_outage,gap of 4 days 00:00:00 (expected 1 days 00:00:00),treasury
2010-06-07 00:00:00+00:00,ZN,gap,info_session_or_outage,gap of 3 days 00:00:00 (expected 1 days 00:00:00),treasury
2010-06-14 00:00:00+00:00,ZN,gap,info_session_or_outage,gap of 3 days 00:00:00 (expected 1 days 00:00:00),treasury
2010-06-21 00:00:00+00:00,ZN,gap,info_session_or_outage,gap of 3 days 00:00:00 (expected 1 days 00:00:00),treasury
2010-06-28 00:00:00+00:00,ZN,gap,info_session_or_outage,gap of 3 days 00:00:00 (expected 1 days 00:00:00),treasury
2010-07-06 00:00:00+00:00,ZN,gap,info_session_or_outage,gap of 4 days 00:00:00 (expected 1 days 00:00:00),treasury
2010-07-12 00:00:00+00:00,ZN,gap,info_session_or_outage,gap of 3 days 00:00:00 (expected 1 days 00:00:00),treasury
2010-07-19 00:00:00+00:00,ZN,gap,info_session_or_outage,gap of 3 days 00:00:00 (expected 1 days 00:00:00),treasury
2010-07-26 00:00:00+00:00,ZN,gap,info_session_or_outage,gap of 3 days 00:00:00 (expected 1 days 00:00:00),treasury
2010-08-02 00:00:00+00:00,ZN,gap,info_session_or_outage,gap of 3 days 00:00:00 (expected 1 days 00:00:00),treasury
2010-08-09 00:00:00+00:00,ZN,gap,info_session_or_outage,gap of 3 days 00:00:00 (expected 1 days 00:00:00),treasury
2010-08-16 00:00:00+00:00,ZN,gap,info_session_or_outage,gap of 3 days 00:00:00 (expected 1 days 00:00:00),treasury
2010-08-23 00:00:00+00:00,ZN,gap,info_session_or_outage,gap of 3 days 00:00:00 (expected 1 days 00:00:00),treasury
2010-08-30 00:00:00+00:00,ZN,gap,info_session_or_outage,gap of 3 days 00:00:00 (expected 1 days 00:00:00),treasury
2010-09-07 00:00:00+00:00,ZN,gap,info_session_or_outage,gap of 4 days 00:00:00 (expected 1 days 00:00:00),treasury
2010-09-13 00:00:00+00:00,ZN,gap,info_session_or_outage,gap of 3 days 00:00:00 (expected 1 days 00:00:00),treasury
2010-09-20 00:00:00+00:00,ZN,gap,info_session_or_outage,gap of 3 days 00:00:00 (expected 1 days 00:00:00),treasury
2010-09-27 00:00:00+00:00,ZN,gap,info_session_or_outage,gap of 3 days 00:00:00 (expected 1 days 00:00:00),treasury
2010-10-04 00:00:00+00:00,ZN,gap,info_session_or_outage,gap of 3 days 00:00:00 (expected 1 days 00:00:00),treasury
2010-10-11 00:00:00+00:00,ZN,gap,info_session_or_outage,gap of 3 days 00:00:00 (expected 1 days 00:00:00),treasury
2010-10-18 00:00:00+00:00,ZN,gap,info_session_or_outage,gap of 3 days 00:00:00 (expected 1 days 00:00:00),treasury
2010-10-25 00:00:00+00:00,ZN,gap,info_session_or_outage,gap of 3 days 00:00:00 (expected 1 days 00:00:00),treasury
2010-11-01 00:00:00+00:00,ZN,gap,info_session_or_outage,gap of 3 days 00:00:00 (expected 1 days 00:00:00),treasury
2010-11-08 00:00:00+00:00,ZN,gap,info_session_or_outage,gap of 3 days 00:00:00 (expected 1 days 00:00:00),treasury
2010-11-15 00:00:00+00:00,ZN,gap,info_session_or_outage,gap of 3 days 00:00:00 (expected 1 days 00:00:00),treasury
2010-11-22 00:00:00+00:00,ZN,gap,info_session_or_outage,gap of 3 days 00:00:00 (expected 1 days 00:00:00),treasury
2010-11-26 00:00:00+00:00,ZN,gap,info_session_or_outage,gap of 2 days 00:00:00 (expected 1 days 00:00:00),treasury
2010-11-29 00:00:00+00:00,ZN,gap,info_session_or_outage,gap of 3 days 00:00:00 (expected 1 days 00:00:00),treasury
2010-12-06 00:00:00+00:00,ZN,gap,info_session_or_outage,gap of 3 days 00:00:00 (expected 1 days 00:00:00),treasury
2010-12-13 00:00:00+00:00,ZN,gap,info_session_or_outage,gap of 3 days 00:00:00 (expected 1 days 00:00:00),treasury
2010-12-20 00:00:00+00:00,ZN,gap,info_session_or_outage,gap of 3 days 00:00:00 (expected 1 days 00:00:00),treasury
2010-12-27 00:00:00+00:00,ZN,gap,info_session_or_outage,gap of 4 days 00:00:00 (expected 1 days 00:00:00),treasury
2011-01-03 00:00:00+00:00,ZN,gap,info_session_or_outage,gap of 3 days 00:00:00 (expected 1 days 00:00:00),treasury
2011-01-10 00:00:00+00:00,ZN,gap,info_session_or_outage,gap of 3 days 00:00:00 (expected 1 days 00:00:00),treasury
2011-01-18 00:00:00+00:00,ZN,gap,info_session_or_outage,gap of 4 days 00:00:00 (expected 1 days 00:00:00),treasury
2011-01-24 00:00:00+00:00,ZN,gap,info_session_or_outage,gap of 3 days 00:00:00 (expected 1 days 00:00:00),treasury
2011-01-31 00:00:00+00:00,ZN,gap,info_session_or_outage,gap of 3 days 00:00:00 (expected 1 days 00:00:00),treasury
2011-02-07 00:00:00+00:00,ZN,gap,info_session_or_outage,gap of 3 days 00:00:00 (expected 1 days 00:00:00),treasury
2011-02-14 00:00:00+00:00,ZN,gap,info_session_or_outage,gap of 3 days 00:00:00 (expected 1 days 00:00:00),treasury
2011-02-22 00:00:00+00:00,ZN,gap,info_session_or_outage,gap of 4 days 00:00:00 (expected 1 days 00:00:00),treasury
2011-02-28 00:00:00+00:00,ZN,gap,info_session_or_outage,gap of 3 days 00:00:00 (expected 1 days 00:00:00),treasury
2011-03-07 00:00:00+00:00,ZN,gap,info_session_or_outage,gap of 3 days 00:00:00 (expected 1 days 00:00:00),treasury
2011-03-14 00:00:00+00:00,ZN,gap,info_session_or_outage,gap of 3 days 00:00:00 (expected 1 days 00:00:00),treasury
2011-03-21 00:00:00+00:00,ZN,gap,info_session_or_outage,gap of 3 days 00:00:00 (expected 1 days 00:00:00),treasury
2011-03-28 00:00:00+00:00,ZN,gap,info_session_or_outage,gap of 3 days 00:00:00 (expected 1 days 00:00:00),treasury
2011-04-04 00:00:00+00:00,ZN,gap,info_session_or_outage,gap of 3 days 00:00:00 (expected 1 days 00:00:00),treasury
2011-04-11 00:00:00+00:00,ZN,gap,info_session_or_outage,gap of 3 days 00:00:00 (expected 1 days 00:00:00),treasury
2011-04-18 00:00:00+00:00,ZN,gap,info_session_or_outage,gap of 3 days 00:00:00 (expected 1 days 00:00:00),treasury
2011-04-25 00:00:00+00:00,ZN,gap,info_session_or_outage,gap of 4 days 00:00:00 (expected 1 days 00:00:00),treasury
2011-05-02 00:00:00+00:00,ZN,gap,info_session_or_outage,gap of 3 days 00:00:00 (expected 1 days 00:00:00),treasury
2011-05-09 00:00:00+00:00,ZN,gap,info_session_or_outage,gap of 3 days 00:00:00 (expected 1 days 00:00:00),treasury
2011-05-16 00:00:00+00:00,ZN,gap,info_session_or_outage,gap of 3 days 00:00:00 (expected 1 days 00:00:00),treasury
2011-05-23 00:00:00+00:00,ZN,gap,info_session_or_outage,gap of 3 days 00:00:00 (expected 1 days 00:00:00),treasury
2011-05-31 00:00:00+00:00,ZN,gap,info_session_or_outage,gap of 4 days 00:00:00 (expected 1 days 00:00:00),treasury
2011-06-06 00:00:00+00:00,ZN,gap,info_session_or_outage,gap of 3 days 00:00:00 (expected 1 days 00:00:00),treasury
2011-06-13 00:00:00+00:00,ZN,gap,info_session_or_outage,gap of 3 days 00:00:00 (expected 1 days 00:00:00),treasury
2011-06-20 00:00:00+00:00,ZN,gap,info_session_or_outage,gap of 3 days 00:00:00 (expected 1 days 00:00:00),treasury
2011-06-27 00:00:00+00:00,ZN,gap,info_session_or_outage,gap of 3 days 00:00:00 (expected 1 days 00:00:00),treasury
2011-07-05 00:00:00+00:00,ZN,gap,info_session_or_outage,gap of 4 days 00:00:00 (expected 1 days 00:00:00),treasury
2011-07-11 00:00:00+00:00,ZN,gap,info_session_or_outage,gap of 3 days 00:00:00 (expected 1 days 00:00:00),treasury
2011-07-18 00:00:00+00:00,ZN,gap,info_session_or_outage,gap of 3 days 00:00:00 (expected 1 days 00:00:00),treasury
2011-07-25 00:00:00+00:00,ZN,gap,info_session_or_outage,gap of 3 days 00:00:00 (expected 1 days 00:00:00),treasury
2011-08-01 00:00:00+00:00,ZN,gap,info_session_or_outage,gap of 3 days 00:00:00 (expected 1 days 00:00:00),treasury
2011-08-08 00:00:00+00:00,ZN,gap,info_session_or_outage,gap of 3 days 00:00:00 (expected 1 days 00:00:00),treasury
2011-08-15 00:00:00+00:00,ZN,gap,info_session_or_outage,gap of 3 days 00:00:00 (expected 1 days 00:00:00),treasury
2011-08-22 00:00:00+00:00,ZN,gap,info_session_or_outage,gap of 3 days 00:00:00 (expected 1 days 00:00:00),treasury
2011-08-29 00:00:00+00:00,ZN,gap,info_session_or_outage,gap of 3 days 00:00:00 (expected 1 days 00:00:00),treasury
2011-09-06 00:00:00+00:00,ZN,gap,info_session_or_outage,gap of 4 days 00:00:00 (expected 1 days 00:00:00),treasury
2011-09-12 00:00:00+00:00,ZN,gap,info_session_or_outage,gap of 3 days 00:00:00 (expected 1 days 00:00:00),treasury
2011-09-19 00:00:00+00:00,ZN,gap,info_session_or_outage,gap of 3 days 00:00:00 (expected 1 days 00:00:00),treasury
2011-09-26 00:00:00+00:00,ZN,gap,info_session_or_outage,gap of 3 days 00:00:00 (expected 1 days 00:00:00),treasury
2011-10-03 00:00:00+00:00,ZN,gap,info_session_or_outage,gap of 3 days 00:00:00 (expected 1 days 00:00:00),treasury
2011-10-10 00:00:00+00:00,ZN,gap,info_session_or_outage,gap of 3 days 00:00:00 (expected 1 days 00:00:00),treasury
2011-10-17 00:00:00+00:00,ZN,gap,info_session_or_outage,gap of 3 days 00:00:00 (expected 1 days 00:00:00),treasury
2011-10-24 00:00:00+00:00,ZN,gap,info_session_or_outage,gap of 3 days 00:00:00 (expected 1 days 00:00:00),treasury
2011-10-31 00:00:00+00:00,ZN,gap,info_session_or_outage,gap of 3 days 00:00:00 (expected 1 days 00:00:00),treasury
2011-11-07 00:00:00+00:00,ZN,gap,info_session_or_outage,gap of 3 days 00:00:00 (expected 1 days 00:00:00),treasury
2011-11-14 00:00:00+00:00,ZN,gap,info_session_or_outage,gap of 3 days 00:00:00 (expected 1 days 00:00:00),treasury
2011-11-21 00:00:00+00:00,ZN,gap,info_session_or_outage,gap of 3 days 00:00:00 (expected 1 days 00:00:00),treasury
2011-11-25 00:00:00+00:00,ZN,gap,info_session_or_outage,gap of 2 days 00:00:00 (expected 1 days 00:00:00),treasury
2011-11-28 00:00:00+00:00,ZN,gap,info_session_or_outage,gap of 3 days 00:00:00 (expected 1 days 00:00:00),treasury
2011-12-05 00:00:00+00:00,ZN,gap,info_session_or_outage,gap of 3 days 00:00:00 (expected 1 days 00:00:00),treasury
2011-12-12 00:00:00+00:00,ZN,gap,info_session_or_outage,gap of 3 days 00:00:00 (expected 1 days 00:00:00),treasury
2011-12-19 00:00:00+00:00,ZN,gap,info_session_or_outage,gap of 3 days 00:00:00 (expected 1 days 00:00:00),treasury
2011-12-27 00:00:00+00:00,ZN,gap,info_session_or_outage,gap of 4 days 00:00:00 (expected 1 days 00:00:00),treasury
2012-01-03 00:00:00+00:00,ZN,gap,info_session_or_outage,gap of 4 days 00:00:00 (expected 1 days 00:00:00),treasury
2012-01-09 00:00:00+00:00,ZN,gap,info_session_or_outage,gap of 3 days 00:00:00 (expected 1 days 00:00:00),treasury
2012-01-17 00:00:00+00:00,ZN,gap,info_session_or_outage,gap of 4 days 00:00:00 (expected 1 days 00:00:00),treasury
2012-01-23 00:00:00+00:00,ZN,gap,info_session_or_outage,gap of 3 days 00:00:00 (expected 1 days 00:00:00),treasury
2012-01-30 00:00:00+00:00,ZN,gap,info_session_or_outage,gap of 3 days 00:00:00 (expected 1 days 00:00:00),treasury
2012-02-06 00:00:00+00:00,ZN,gap,info_session_or_outage,gap of 3 days 00:00:00 (expected 1 days 00:00:00),treasury
2012-02-13 00:00:00+00:00,ZN,gap,info_session_or_outage,gap of 3 days 00:00:00 (expected 1 days 00:00:00),treasury
2012-02-21 00:00:00+00:00,ZN,gap,info_session_or_outage,gap of 4 days 00:00:00 (expected 1 days 00:00:00),treasury
2012-02-27 00:00:00+00:00,ZN,gap,info_session_or_outage,gap of 3 days 00:00:00 (expected 1 days 00:00:00),treasury
2012-03-05 00:00:00+00:00,ZN,gap,info_session_or_outage,gap of 3 days 00:00:00 (expected 1 days 00:00:00),treasury
2012-03-12 00:00:00+00:00,ZN,gap,info_session_or_outage,gap of 3 days 00:00:00 (expected 1 days 00:00:00),treasury
2012-03-19 00:00:00+00:00,ZN,gap,info_session_or_outage,gap of 3 days 00:00:00 (expected 1 days 00:00:00),treasury
2012-03-26 00:00:00+00:00,ZN,gap,info_session_or_outage,gap of 3 days 00:00:00 (expected 1 days 00:00:00),treasury
2012-04-02 00:00:00+00:00,ZN,gap,info_session_or_outage,gap of 3 days 00:00:00 (expected 1 days 00:00:00),treasury
2012-04-09 00:00:00+00:00,ZN,gap,info_session_or_outage,gap of 4 days 00:00:00 (expected 1 days 00:00:00),treasury
2012-04-16 00:00:00+00:00,ZN,gap,info_session_or_outage,gap of 3 days 00:00:00 (expected 1 days 00:00:00),treasury
2012-04-23 00:00:00+00:00,ZN,gap,info_session_or_outage,gap of 3 days 00:00:00 (expected 1 days 00:00:00),treasury
2012-04-30 00:00:00+00:00,ZN,gap,info_session_or_outage,gap of 3 days 00:00:00 (expected 1 days 00:00:00),treasury
2012-05-07 00:00:00+00:00,ZN,gap,info_session_or_outage,gap of 3 days 00:00:00 (expected 1 days 00:00:00),treasury
2012-05-14 00:00:00+00:00,ZN,gap,info_session_or_outage,gap of 3 days 00:00:00 (expected 1 days 00:00:00),treasury
2012-05-21 00:00:00+00:00,ZN,gap,info_session_or_outage,gap of 3 days 00:00:00 (expected 1 days 00:00:00),treasury
2012-05-29 00:00:00+00:00,ZN,gap,info_session_or_outage,gap of 4 days 00:00:00 (expected 1 days 00:00:00),treasury
2012-06-04 00:00:00+00:00,ZN,gap,info_session_or_outage,gap of 3 days 00:00:00 (expected 1 days 00:00:00),treasury
2012-06-11 00:00:00+00:00,ZN,gap,info_session_or_outage,gap of 3 days 00:00:00 (expected 1 days 00:00:00),treasury
2012-06-18 00:00:00+00:00,ZN,gap,info_session_or_outage,gap of 3 days 00:00:00 (expected 1 days 00:00:00),treasury
2012-06-25 00:00:00+00:00,ZN,gap,info_session_or_outage,gap of 3 days 00:00:00 (expected 1 days 00:00:00),treasury
2012-07-02 00:00:00+00:00,ZN,gap,info_session_or_outage,gap of 3 days 00:00:00 (expected 1 days 00:00:00),treasury
2012-07-05 00:00:00+00:00,ZN,gap,info_session_or_outage,gap of 2 days 00:00:00 (expected 1 days 00:00:00),treasury
2012-07-09 00:00:00+00:00,ZN,gap,info_session_or_outage,gap of 3 days 00:00:00 (expected 1 days 00:00:00),treasury
2012-07-16 00:00:00+00:00,ZN,gap,info_session_or_outage,gap of 3 days 00:00:00 (expected 1 days 00:00:00),treasury
2012-07-23 00:00:00+00:00,ZN,gap,info_session_or_outage,gap of 3 days 00:00:00 (expected 1 days 00:00:00),treasury
2012-07-30 00:00:00+00:00,ZN,gap,info_session_or_outage,gap of 3 days 00:00:00 (expected 1 days 00:00:00),treasury
2012-08-06 00:00:00+00:00,ZN,gap,info_session_or_outage,gap of 3 days 00:00:00 (expected 1 days 00:00:00),treasury
2012-08-13 00:00:00+00:00,ZN,gap,info_session_or_outage,gap of 3 days 00:00:00 (expected 1 days 00:00:00),treasury
2012-08-20 00:00:00+00:00,ZN,gap,info_session_or_outage,gap of 3 days 00:00:00 (expected 1 days 00:00:00),treasury
2012-08-27 00:00:00+00:00,ZN,gap,info_session_or_outage,gap of 3 days 00:00:00 (expected 1 days 00:00:00),treasury
2012-09-04 00:00:00+00:00,ZN,gap,info_session_or_outage,gap of 4 days 00:00:00 (expected 1 days 00:00:00),treasury
2012-09-10 00:00:00+00:00,ZN,gap,info_session_or_outage,gap of 3 days 00:00:00 (expected 1 days 00:00:00),treasury
2012-09-17 00:00:00+00:00,ZN,gap,info_session_or_outage,gap of 3 days 00:00:00 (expected 1 days 00:00:00),treasury
2012-09-24 00:00:00+00:00,ZN,gap,info_session_or_outage,gap of 3 days 00:00:00 (expected 1 days 00:00:00),treasury
2012-10-01 00:00:00+00:00,ZN,gap,info_session_or_outage,gap of 3 days 00:00:00 (expected 1 days 00:00:00),treasury
2012-10-08 00:00:00+00:00,ZN,gap,info_session_or_outage,gap of 3 days 00:00:00 (expected 1 days 00:00:00),treasury
2012-10-15 00:00:00+00:00,ZN,gap,info_session_or_outage,gap of 3 days 00:00:00 (expected 1 days 00:00:00),treasury
2012-10-22 00:00:00+00:00,ZN,gap,info_session_or_outage,gap of 3 days 00:00:00 (expected 1 days 00:00:00),treasury
2012-10-31 00:00:00+00:00,ZN,gap,info_session_or_outage,gap of 5 days 00:00:00 (expected 1 days 00:00:00),treasury
2012-11-05 00:00:00+00:00,ZN,gap,info_session_or_outage,gap of 3 days 00:00:00 (expected 1 days 00:00:00),treasury
2012-11-12 00:00:00+00:00,ZN,gap,info_session_or_outage,gap of 3 days 00:00:00 (expected 1 days 00:00:00),treasury
2012-11-19 00:00:00+00:00,ZN,gap,info_session_or_outage,gap of 3 days 00:00:00 (expected 1 days 00:00:00),treasury
2012-11-23 00:00:00+00:00,ZN,gap,info_session_or_outage,gap of 2 days 00:00:00 (expected 1 days 00:00:00),treasury
2012-11-26 00:00:00+00:00,ZN,gap,info_session_or_outage,gap of 3 days 00:00:00 (expected 1 days 00:00:00),treasury
2012-12-03 00:00:00+00:00,ZN,gap,info_session_or_outage,gap of 3 days 00:00:00 (expected 1 days 00:00:00),treasury
2012-12-10 00:00:00+00:00,ZN,gap,info_session_or_outage,gap of 3 days 00:00:00 (expected 1 days 00:00:00),treasury
2012-12-17 00:00:00+00:00,ZN,gap,info_session_or_outage,gap of 3 days 00:00:00 (expected 1 days 00:00:00),treasury
2012-12-24 00:00:00+00:00,ZN,gap,info_session_or_outage,gap of 3 days 00:00:00 (expected 1 days 00:00:00),treasury
2012-12-26 00:00:00+00:00,ZN,gap,info_session_or_outage,gap of 2 days 00:00:00 (expected 1 days 00:00:00),treasury
2012-12-31 00:00:00+00:00,ZN,gap,info_session_or_outage,gap of 3 days 00:00:00 (expected 1 days 00:00:00),treasury
2013-01-02 00:00:00+00:00,ZN,gap,info_session_or_outage,gap of 2 days 00:00:00 (expected 1 days 00:00:00),treasury
2013-01-07 00:00:00+00:00,ZN,gap,info_session_or_outage,gap of 3 days 00:00:00 (expected 1 days 00:00:00),treasury
2013-01-14 00:00:00+00:00,ZN,gap,info_session_or_outage,gap of 3 days 00:00:00 (expected 1 days 00:00:00),treasury
2013-01-22 00:00:00+00:00,ZN,gap,info_session_or_outage,gap of 4 days 00:00:00 (expected 1 days 00:00:00),treasury
2013-01-28 00:00:00+00:00,ZN,gap,info_session_or_outage,gap of 3 days 00:00:00 (expected 1 days 00:00:00),treasury
2013-02-04 00:00:00+00:00,ZN,gap,info_session_or_outage,gap of 3 days 00:00:00 (expected 1 days 00:00:00),treasury
2013-02-11 00:00:00+00:00,ZN,gap,info_session_or_outage,gap of 3 days 00:00:00 (expected 1 days 00:00:00),treasury
2013-02-19 00:00:00+00:00,ZN,gap,info_session_or_outage,gap of 4 days 00:00:00 (expected 1 days 00:00:00),treasury
2013-02-25 00:00:00+00:00,ZN,gap,info_session_or_outage,gap of 3 days 00:00:00 (expected 1 days 00:00:00),treasury
2013-03-04 00:00:00+00:00,ZN,gap,info_session_or_outage,gap of 3 days 00:00:00 (expected 1 days 00:00:00),treasury
2013-03-11 00:00:00+00:00,ZN,gap,info_session_or_outage,gap of 3 days 00:00:00 (expected 1 days 00:00:00),treasury
2013-03-18 00:00:00+00:00,ZN,gap,info_session_or_outage,gap of 3 days 00:00:00 (expected 1 days 00:00:00),treasury
2013-03-25 00:00:00+00:00,ZN,gap,info_session_or_outage,gap of 3 days 00:00:00 (expected 1 days 00:00:00),treasury
2013-04-01 00:00:00+00:00,ZN,gap,info_session_or_outage,gap of 4 days 00:00:00 (expected 1 days 00:00:00),treasury
2013-04-08 00:00:00+00:00,ZN,gap,info_session_or_outage,gap of 3 days 00:00:00 (expected 1 days 00:00:00),treasury
2013-04-15 00:00:00+00:00,ZN,gap,info_session_or_outage,gap of 3 days 00:00:00 (expected 1 days 00:00:00),treasury
2013-04-22 00:00:00+00:00,ZN,gap,info_session_or_outage,gap of 3 days 00:00:00 (expected 1 days 00:00:00),treasury
2013-04-29 00:00:00+00:00,ZN,gap,info_session_or_outage,gap of 3 days 00:00:00 (expected 1 days 00:00:00),treasury
2013-05-06 00:00:00+00:00,ZN,gap,info_session_or_outage,gap of 3 days 00:00:00 (expected 1 days 00:00:00),treasury
2013-05-13 00:00:00+00:00,ZN,gap,info_session_or_outage,gap of 3 days 00:00:00 (expected 1 days 00:00:00),treasury
2013-05-20 00:00:00+00:00,ZN,gap,info_session_or_outage,gap of 3 days 00:00:00 (expected 1 days 00:00:00),treasury
2013-05-28 00:00:00+00:00,ZN,gap,info_session_or_outage,gap of 4 days 00:00:00 (expected 1 days 00:00:00),treasury
2013-06-03 00:00:00+00:00,ZN,gap,info_session_or_outage,gap of 3 days 00:00:00 (expected 1 days 00:00:00),treasury
2013-06-10 00:00:00+00:00,ZN,gap,info_session_or_outage,gap of 3 days 00:00:00 (expected 1 days 00:00:00),treasury
2013-06-17 00:00:00+00:00,ZN,gap,info_session_or_outage,gap of 3 days 00:00:00 (expected 1 days 00:00:00),treasury
2013-06-24 00:00:00+00:00,ZN,gap,info_session_or_outage,gap of 3 days 00:00:00 (expected 1 days 00:00:00),treasury
2013-07-01 00:00:00+00:00,ZN,gap,info_session_or_outage,gap of 3 days 00:00:00 (expected 1 days 00:00:00),treasury
2013-07-05 00:00:00+00:00,ZN,gap,info_session_or_outage,gap of 2 days 00:00:00 (expected 1 days 00:00:00),treasury
2013-07-08 00:00:00+00:00,ZN,gap,info_session_or_outage,gap of 3 days 00:00:00 (expected 1 days 00:00:00),treasury
2013-07-15 00:00:00+00:00,ZN,gap,info_session_or_outage,gap of 3 days 00:00:00 (expected 1 days 00:00:00),treasury
2013-07-22 00:00:00+00:00,ZN,gap,info_session_or_outage,gap of 3 days 00:00:00 (expected 1 days 00:00:00),treasury
2013-07-29 00:00:00+00:00,ZN,gap,info_session_or_outage,gap of 3 days 00:00:00 (expected 1 days 00:00:00),treasury
2013-08-05 00:00:00+00:00,ZN,gap,info_session_or_outage,gap of 3 days 00:00:00 (expected 1 days 00:00:00),treasury
2013-08-12 00:00:00+00:00,ZN,gap,info_session_or_outage,gap of 3 days 00:00:00 (expected 1 days 00:00:00),treasury
2013-08-19 00:00:00+00:00,ZN,gap,info_session_or_outage,gap of 3 days 00:00:00 (expected 1 days 00:00:00),treasury
2013-08-26 00:00:00+00:00,ZN,gap,info_session_or_outage,gap of 3 days 00:00:00 (expected 1 days 00:00:00),treasury
2013-09-03 00:00:00+00:00,ZN,gap,info_session_or_outage,gap of 4 days 00:00:00 (expected 1 days 00:00:00),treasury
2013-09-09 00:00:00+00:00,ZN,gap,info_session_or_outage,gap of 3 days 00:00:00 (expected 1 days 00:00:00),treasury
2013-09-16 00:00:00+00:00,ZN,gap,info_session_or_outage,gap of 3 days 00:00:00 (expected 1 days 00:00:00),treasury
2013-09-23 00:00:00+00:00,ZN,gap,info_session_or_outage,gap of 3 days 00:00:00 (expected 1 days 00:00:00),treasury
2013-09-30 00:00:00+00:00,ZN,gap,info_session_or_outage,gap of 3 days 00:00:00 (expected 1 days 00:00:00),treasury
2013-10-07 00:00:00+00:00,ZN,gap,info_session_or_outage,gap of 3 days 00:00:00 (expected 1 days 00:00:00),treasury
2013-10-14 00:00:00+00:00,ZN,gap,info_session_or_outage,gap of 3 days 00:00:00 (expected 1 days 00:00:00),treasury
2013-10-21 00:00:00+00:00,ZN,gap,info_session_or_outage,gap of 3 days 00:00:00 (expected 1 days 00:00:00),treasury
2013-10-28 00:00:00+00:00,ZN,gap,info_session_or_outage,gap of 3 days 00:00:00 (expected 1 days 00:00:00),treasury
2013-11-04 00:00:00+00:00,ZN,gap,info_session_or_outage,gap of 3 days 00:00:00 (expected 1 days 00:00:00),treasury
2013-11-11 00:00:00+00:00,ZN,gap,info_session_or_outage,gap of 3 days 00:00:00 (expected 1 days 00:00:00),treasury
2013-11-18 00:00:00+00:00,ZN,gap,info_session_or_outage,gap of 3 days 00:00:00 (expected 1 days 00:00:00),treasury
2013-11-25 00:00:00+00:00,ZN,gap,info_session_or_outage,gap of 3 days 00:00:00 (expected 1 days 00:00:00),treasury
2013-11-29 00:00:00+00:00,ZN,gap,info_session_or_outage,gap of 2 days 00:00:00 (expected 1 days 00:00:00),treasury
2013-12-02 00:00:00+00:00,ZN,gap,info_session_or_outage,gap of 3 days 00:00:00 (expected 1 days 00:00:00),treasury
2013-12-09 00:00:00+00:00,ZN,gap,info_session_or_outage,gap of 3 days 00:00:00 (expected 1 days 00:00:00),treasury
2013-12-16 00:00:00+00:00,ZN,gap,info_session_or_outage,gap of 3 days 00:00:00 (expected 1 days 00:00:00),treasury
2013-12-23 00:00:00+00:00,ZN,gap,info_session_or_outage,gap of 3 days 00:00:00 (expected 1 days 00:00:00),treasury
2013-12-26 00:00:00+00:00,ZN,gap,info_session_or_outage,gap of 2 days 00:00:00 (expected 1 days 00:00:00),treasury
2013-12-30 00:00:00+00:00,ZN,gap,info_session_or_outage,gap of 3 days 00:00:00 (expected 1 days 00:00:00),treasury
2014-01-02 00:00:00+00:00,ZN,gap,info_session_or_outage,gap of 2 days 00:00:00 (expected 1 days 00:00:00),treasury
2014-01-06 00:00:00+00:00,ZN,gap,info_session_or_outage,gap of 3 days 00:00:00 (expected 1 days 00:00:00),treasury
2014-01-13 00:00:00+00:00,ZN,gap,info_session_or_outage,gap of 3 days 00:00:00 (expected 1 days 00:00:00),treasury
2014-01-21 00:00:00+00:00,ZN,gap,info_session_or_outage,gap of 4 days 00:00:00 (expected 1 days 00:00:00),treasury
2014-01-27 00:00:00+00:00,ZN,gap,info_session_or_outage,gap of 3 days 00:00:00 (expected 1 days 00:00:00),treasury
2014-02-03 00:00:00+00:00,ZN,gap,info_session_or_outage,gap of 3 days 00:00:00 (expected 1 days 00:00:00),treasury
2014-02-10 00:00:00+00:00,ZN,gap,info_session_or_outage,gap of 3 days 00:00:00 (expected 1 days 00:00:00),treasury
2014-02-18 00:00:00+00:00,ZN,gap,info_session_or_outage,gap of 4 days 00:00:00 (expected 1 days 00:00:00),treasury
2014-02-24 00:00:00+00:00,ZN,gap,info_session_or_outage,gap of 3 days 00:00:00 (expected 1 days 00:00:00),treasury
2014-03-03 00:00:00+00:00,ZN,gap,info_session_or_outage,gap of 3 days 00:00:00 (expected 1 days 00:00:00),treasury
2014-03-10 00:00:00+00:00,ZN,gap,info_session_or_outage,gap of 3 days 00:00:00 (expected 1 days 00:00:00),treasury
2014-03-17 00:00:00+00:00,ZN,gap,info_session_or_outage,gap of 3 days 00:00:00 (expected 1 days 00:00:00),treasury
2014-03-19 00:00:00+00:00,ZN,gap,info_session_or_outage,gap of 2 days 00:00:00 (expected 1 days 00:00:00),treasury
2014-03-24 00:00:00+00:00,ZN,gap,info_session_or_outage,gap of 3 days 00:00:00 (expected 1 days 00:00:00),treasury
2014-03-31 00:00:00+00:00,ZN,gap,info_session_or_outage,gap of 3 days 00:00:00 (expected 1 days 00:00:00),treasury
2014-04-07 00:00:00+00:00,ZN,gap,info_session_or_outage,gap of 3 days 00:00:00 (expected 1 days 00:00:00),treasury
2014-04-14 00:00:00+00:00,ZN,gap,info_session_or_outage,gap of 3 days 00:00:00 (expected 1 days 00:00:00),treasury
2014-04-21 00:00:00+00:00,ZN,gap,info_session_or_outage,gap of 4 days 00:00:00 (expected 1 days 00:00:00),treasury
2014-04-28 00:00:00+00:00,ZN,gap,info_session_or_outage,gap of 3 days 00:00:00 (expected 1 days 00:00:00),treasury
2014-05-05 00:00:00+00:00,ZN,gap,info_session_or_outage,gap of 3 days 00:00:00 (expected 1 days 00:00:00),treasury
2014-05-12 00:00:00+00:00,ZN,gap,info_session_or_outage,gap of 3 days 00:00:00 (expected 1 days 00:00:00),treasury
2014-05-19 00:00:00+00:00,ZN,gap,info_session_or_outage,gap of 3 days 00:00:00 (expected 1 days 00:00:00),treasury
2014-05-27 00:00:00+00:00,ZN,gap,info_session_or_outage,gap of 4 days 00:00:00 (expected 1 days 00:00:00),treasury
2014-06-02 00:00:00+00:00,ZN,gap,info_session_or_outage,gap of 3 days 00:00:00 (expected 1 days 00:00:00),treasury
2014-06-09 00:00:00+00:00,ZN,gap,info_session_or_outage,gap of 3 days 00:00:00 (expected 1 days 00:00:00),treasury
2014-06-16 00:00:00+00:00,ZN,gap,info_session_or_outage,gap of 3 days 00:00:00 (expected 1 days 00:00:00),treasury
2014-06-23 00:00:00+00:00,ZN,gap,info_session_or_outage,gap of 3 days 00:00:00 (expected 1 days 00:00:00),treasury
2014-06-30 00:00:00+00:00,ZN,gap,info_session_or_outage,gap of 3 days 00:00:00 (expected 1 days 00:00:00),treasury
2014-07-07 00:00:00+00:00,ZN,gap,info_session_or_outage,gap of 4 days 00:00:00 (expected 1 days 00:00:00),treasury
2014-07-14 00:00:00+00:00,ZN,gap,info_session_or_outage,gap of 3 days 00:00:00 (expected 1 days 00:00:00),treasury
2014-07-21 00:00:00+00:00,ZN,gap,info_session_or_outage,gap of 3 days 00:00:00 (expected 1 days 00:00:00),treasury
2014-07-28 00:00:00+00:00,ZN,gap,info_session_or_outage,gap of 3 days 00:00:00 (expected 1 days 00:00:00),treasury
2014-08-04 00:00:00+00:00,ZN,gap,info_session_or_outage,gap of 3 days 00:00:00 (expected 1 days 00:00:00),treasury
2014-08-11 00:00:00+00:00,ZN,gap,info_session_or_outage,gap of 3 days 00:00:00 (expected 1 days 00:00:00),treasury
2014-08-18 00:00:00+00:00,ZN,gap,info_session_or_outage,gap of 3 days 00:00:00 (expected 1 days 00:00:00),treasury
2014-08-25 00:00:00+00:00,ZN,gap,info_session_or_outage,gap of 3 days 00:00:00 (expected 1 days 00:00:00),treasury
2014-09-02 00:00:00+00:00,ZN,gap,info_session_or_outage,gap of 4 days 00:00:00 (expected 1 days 00:00:00),treasury
2014-09-08 00:00:00+00:00,ZN,gap,info_session_or_outage,gap of 3 days 00:00:00 (expected 1 days 00:00:00),treasury
2014-09-15 00:00:00+00:00,ZN,gap,info_session_or_outage,gap of 3 days 00:00:00 (expected 1 days 00:00:00),treasury
2014-09-22 00:00:00+00:00,ZN,gap,info_session_or_outage,gap of 3 days 00:00:00 (expected 1 days 00:00:00),treasury
2014-09-29 00:00:00+00:00,ZN,gap,info_session_or_outage,gap of 3 days 00:00:00 (expected 1 days 00:00:00),treasury
2014-10-06 00:00:00+00:00,ZN,gap,info_session_or_outage,gap of 3 days 00:00:00 (expected 1 days 00:00:00),treasury
2014-10-13 00:00:00+00:00,ZN,gap,info_session_or_outage,gap of 3 days 00:00:00 (expected 1 days 00:00:00),treasury
2014-10-20 00:00:00+00:00,ZN,gap,info_session_or_outage,gap of 3 days 00:00:00 (expected 1 days 00:00:00),treasury
2014-10-27 00:00:00+00:00,ZN,gap,info_session_or_outage,gap of 3 days 00:00:00 (expected 1 days 00:00:00),treasury
2014-11-03 00:00:00+00:00,ZN,gap,info_session_or_outage,gap of 3 days 00:00:00 (expected 1 days 00:00:00),treasury
2014-11-10 00:00:00+00:00,ZN,gap,info_session_or_outage,gap of 3 days 00:00:00 (expected 1 days 00:00:00),treasury
2014-11-17 00:00:00+00:00,ZN,gap,info_session_or_outage,gap of 3 days 00:00:00 (expected 1 days 00:00:00),treasury
2014-11-24 00:00:00+00:00,ZN,gap,info_session_or_outage,gap of 3 days 00:00:00 (expected 1 days 00:00:00),treasury
2014-11-28 00:00:00+00:00,ZN,gap,info_session_or_outage,gap of 2 days 00:00:00 (expected 1 days 00:00:00),treasury
2014-12-01 00:00:00+00:00,ZN,gap,info_session_or_outage,gap of 3 days 00:00:00 (expected 1 days 00:00:00),treasury
2014-12-08 00:00:00+00:00,ZN,gap,info_session_or_outage,gap of 3 days 00:00:00 (expected 1 days 00:00:00),treasury
2014-12-15 00:00:00+00:00,ZN,gap,info_session_or_outage,gap of 3 days 00:00:00 (expected 1 days 00:00:00),treasury
2014-12-22 00:00:00+00:00,ZN,gap,info_session_or_outage,gap of 3 days 00:00:00 (expected 1 days 00:00:00),treasury
2014-12-26 00:00:00+00:00,ZN,gap,info_session_or_outage,gap of 2 days 00:00:00 (expected 1 days 00:00:00),treasury
2014-12-29 00:00:00+00:00,ZN,gap,info_session_or_outage,gap of 3 days 00:00:00 (expected 1 days 00:00:00),treasury
2015-01-02 00:00:00+00:00,ZN,gap,info_session_or_outage,gap of 2 days 00:00:00 (expected 1 days 00:00:00),treasury
2015-01-05 00:00:00+00:00,ZN,gap,info_session_or_outage,gap of 3 days 00:00:00 (expected 1 days 00:00:00),treasury
2015-01-12 00:00:00+00:00,ZN,gap,info_session_or_outage,gap of 3 days 00:00:00 (expected 1 days 00:00:00),treasury
2015-01-20 00:00:00+00:00,ZN,gap,info_session_or_outage,gap of 4 days 00:00:00 (expected 1 days 00:00:00),treasury
2015-01-26 00:00:00+00:00,ZN,gap,info_session_or_outage,gap of 3 days 00:00:00 (expected 1 days 00:00:00),treasury
2015-02-02 00:00:00+00:00,ZN,gap,info_session_or_outage,gap of 3 days 00:00:00 (expected 1 days 00:00:00),treasury
2015-02-09 00:00:00+00:00,ZN,gap,info_session_or_outage,gap of 3 days 00:00:00 (expected 1 days 00:00:00),treasury
2015-02-17 00:00:00+00:00,ZN,gap,info_session_or_outage,gap of 4 days 00:00:00 (expected 1 days 00:00:00),treasury
2015-02-23 00:00:00+00:00,ZN,gap,info_session_or_outage,gap of 3 days 00:00:00 (expected 1 days 00:00:00),treasury
2015-03-02 00:00:00+00:00,ZN,gap,info_session_or_outage,gap of 3 days 00:00:00 (expected 1 days 00:00:00),treasury
2015-03-09 00:00:00+00:00,ZN,gap,info_session_or_outage,gap of 3 days 00:00:00 (expected 1 days 00:00:00),treasury
2015-03-16 00:00:00+00:00,ZN,gap,info_session_or_outage,gap of 3 days 00:00:00 (expected 1 days 00:00:00),treasury
2015-03-23 00:00:00+00:00,ZN,gap,info_session_or_outage,gap of 3 days 00:00:00 (expected 1 days 00:00:00),treasury
2015-03-30 00:00:00+00:00,ZN,gap,info_session_or_outage,gap of 3 days 00:00:00 (expected 1 days 00:00:00),treasury
2015-04-06 00:00:00+00:00,ZN,gap,info_session_or_outage,gap of 4 days 00:00:00 (expected 1 days 00:00:00),treasury
2015-04-13 00:00:00+00:00,ZN,gap,info_session_or_outage,gap of 3 days 00:00:00 (expected 1 days 00:00:00),treasury
2015-04-20 00:00:00+00:00,ZN,gap,info_session_or_outage,gap of 3 days 00:00:00 (expected 1 days 00:00:00),treasury
2015-04-27 00:00:00+00:00,ZN,gap,info_session_or_outage,gap of 3 days 00:00:00 (expected 1 days 00:00:00),treasury
2015-05-04 00:00:00+00:00,ZN,gap,info_session_or_outage,gap of 3 days 00:00:00 (expected 1 days 00:00:00),treasury
2015-05-11 00:00:00+00:00,ZN,gap,info_session_or_outage,gap of 3 days 00:00:00 (expected 1 days 00:00:00),treasury
2015-05-18 00:00:00+00:00,ZN,gap,info_session_or_outage,gap of 3 days 00:00:00 (expected 1 days 00:00:00),treasury
2015-05-26 00:00:00+00:00,ZN,gap,info_session_or_outage,gap of 4 days 00:00:00 (expected 1 days 00:00:00),treasury
2015-06-01 00:00:00+00:00,ZN,gap,info_session_or_outage,gap of 3 days 00:00:00 (expected 1 days 00:00:00),treasury
2015-06-08 00:00:00+00:00,ZN,gap,info_session_or_outage,gap of 3 days 00:00:00 (expected 1 days 00:00:00),treasury
2015-06-15 00:00:00+00:00,ZN,gap,info_session_or_outage,gap of 3 days 00:00:00 (expected 1 days 00:00:00),treasury
2015-06-22 00:00:00+00:00,ZN,gap,info_session_or_outage,gap of 3 days 00:00:00 (expected 1 days 00:00:00),treasury
2015-06-29 00:00:00+00:00,ZN,gap,info_session_or_outage,gap of 3 days 00:00:00 (expected 1 days 00:00:00),treasury
2015-07-06 00:00:00+00:00,ZN,gap,info_session_or_outage,gap of 4 days 00:00:00 (expected 1 days 00:00:00),treasury
2015-07-13 00:00:00+00:00,ZN,gap,info_session_or_outage,gap of 3 days 00:00:00 (expected 1 days 00:00:00),treasury
2015-07-20 00:00:00+00:00,ZN,gap,info_session_or_outage,gap of 3 days 00:00:00 (expected 1 days 00:00:00),treasury
2015-07-27 00:00:00+00:00,ZN,gap,info_session_or_outage,gap of 3 days 00:00:00 (expected 1 days 00:00:00),treasury
2015-08-03 00:00:00+00:00,ZN,gap,info_session_or_outage,gap of 3 days 00:00:00 (expected 1 days 00:00:00),treasury
2015-08-10 00:00:00+00:00,ZN,gap,info_session_or_outage,gap of 3 days 00:00:00 (expected 1 days 00:00:00),treasury
2015-08-17 00:00:00+00:00,ZN,gap,info_session_or_outage,gap of 3 days 00:00:00 (expected 1 days 00:00:00),treasury
2015-08-24 00:00:00+00:00,ZN,gap,info_session_or_outage,gap of 3 days 00:00:00 (expected 1 days 00:00:00),treasury
2015-08-31 00:00:00+00:00,ZN,gap,info_session_or_outage,gap of 3 days 00:00:00 (expected 1 days 00:00:00),treasury
2015-09-08 00:00:00+00:00,ZN,gap,info_session_or_outage,gap of 4 days 00:00:00 (expected 1 days 00:00:00),treasury
2015-09-14 00:00:00+00:00,ZN,gap,info_session_or_outage,gap of 3 days 00:00:00 (expected 1 days 00:00:00),treasury
2015-09-21 00:00:00+00:00,ZN,gap,info_session_or_outage,gap of 3 days 00:00:00 (expected 1 days 00:00:00),treasury
2015-09-28 00:00:00+00:00,ZN,gap,info_session_or_outage,gap of 3 days 00:00:00 (expected 1 days 00:00:00),treasury
2015-10-05 00:00:00+00:00,ZN,gap,info_session_or_outage,gap of 3 days 00:00:00 (expected 1 days 00:00:00),treasury
2015-10-12 00:00:00+00:00,ZN,gap,info_session_or_outage,gap of 3 days 00:00:00 (expected 1 days 00:00:00),treasury
2015-10-19 00:00:00+00:00,ZN,gap,info_session_or_outage,gap of 3 days 00:00:00 (expected 1 days 00:00:00),treasury
2015-10-26 00:00:00+00:00,ZN,gap,info_session_or_outage,gap of 3 days 00:00:00 (expected 1 days 00:00:00),treasury
2015-11-02 00:00:00+00:00,ZN,gap,info_session_or_outage,gap of 3 days 00:00:00 (expected 1 days 00:00:00),treasury
2015-11-09 00:00:00+00:00,ZN,gap,info_session_or_outage,gap of 3 days 00:00:00 (expected 1 days 00:00:00),treasury
2015-11-16 00:00:00+00:00,ZN,gap,info_session_or_outage,gap of 3 days 00:00:00 (expected 1 days 00:00:00),treasury
2015-11-23 00:00:00+00:00,ZN,gap,info_session_or_outage,gap of 3 days 00:00:00 (expected 1 days 00:00:00),treasury
2015-11-27 00:00:00+00:00,ZN,gap,info_session_or_outage,gap of 2 days 00:00:00 (expected 1 days 00:00:00),treasury
2015-11-30 00:00:00+00:00,ZN,gap,info_session_or_outage,gap of 3 days 00:00:00 (expected 1 days 00:00:00),treasury
2015-12-07 00:00:00+00:00,ZN,gap,info_session_or_outage,gap of 3 days 00:00:00 (expected 1 days 00:00:00),treasury
2015-12-14 00:00:00+00:00,ZN,gap,info_session_or_outage,gap of 3 days 00:00:00 (expected 1 days 00:00:00),treasury
2015-12-21 00:00:00+00:00,ZN,gap,info_session_or_outage,gap of 3 days 00:00:00 (expected 1 days 00:00:00),treasury
2015-12-28 00:00:00+00:00,ZN,gap,info_session_or_outage,gap of 4 days 00:00:00 (expected 1 days 00:00:00),treasury
2016-01-04 00:00:00+00:00,ZN,gap,info_session_or_outage,gap of 4 days 00:00:00 (expected 1 days 00:00:00),treasury
2016-01-11 00:00:00+00:00,ZN,gap,info_session_or_outage,gap of 3 days 00:00:00 (expected 1 days 00:00:00),treasury
2016-01-19 00:00:00+00:00,ZN,gap,info_session_or_outage,gap of 4 days 00:00:00 (expected 1 days 00:00:00),treasury
2016-01-25 00:00:00+00:00,ZN,gap,info_session_or_outage,gap of 3 days 00:00:00 (expected 1 days 00:00:00),treasury
2016-02-01 00:00:00+00:00,ZN,gap,info_session_or_outage,gap of 3 days 00:00:00 (expected 1 days 00:00:00),treasury
2016-02-08 00:00:00+00:00,ZN,gap,info_session_or_outage,gap of 3 days 00:00:00 (expected 1 days 00:00:00),treasury
2016-02-16 00:00:00+00:00,ZN,gap,info_session_or_outage,gap of 4 days 00:00:00 (expected 1 days 00:00:00),treasury
2016-02-22 00:00:00+00:00,ZN,gap,info_session_or_outage,gap of 3 days 00:00:00 (expected 1 days 00:00:00),treasury
2016-02-29 00:00:00+00:00,ZN,gap,info_session_or_outage,gap of 3 days 00:00:00 (expected 1 days 00:00:00),treasury
2016-03-07 00:00:00+00:00,ZN,gap,info_session_or_outage,gap of 3 days 00:00:00 (expected 1 days 00:00:00),treasury
2016-03-14 00:00:00+00:00,ZN,gap,info_session_or_outage,gap of 3 days 00:00:00 (expected 1 days 00:00:00),treasury
2016-03-21 00:00:00+00:00,ZN,gap,info_session_or_outage,gap of 3 days 00:00:00 (expected 1 days 00:00:00),treasury
2016-03-28 00:00:00+00:00,ZN,gap,info_session_or_outage,gap of 4 days 00:00:00 (expected 1 days 00:00:00),treasury
2016-04-04 00:00:00+00:00,ZN,gap,info_session_or_outage,gap of 3 days 00:00:00 (expected 1 days 00:00:00),treasury
2016-04-11 00:00:00+00:00,ZN,gap,info_session_or_outage,gap of 3 days 00:00:00 (expected 1 days 00:00:00),treasury
2016-04-18 00:00:00+00:00,ZN,gap,info_session_or_outage,gap of 3 days 00:00:00 (expected 1 days 00:00:00),treasury
2016-04-25 00:00:00+00:00,ZN,gap,info_session_or_outage,gap of 3 days 00:00:00 (expected 1 days 00:00:00),treasury
2016-05-02 00:00:00+00:00,ZN,gap,info_session_or_outage,gap of 3 days 00:00:00 (expected 1 days 00:00:00),treasury
2016-05-09 00:00:00+00:00,ZN,gap,info_session_or_outage,gap of 3 days 00:00:00 (expected 1 days 00:00:00),treasury
2016-05-16 00:00:00+00:00,ZN,gap,info_session_or_outage,gap of 3 days 00:00:00 (expected 1 days 00:00:00),treasury
2016-05-23 00:00:00+00:00,ZN,gap,info_session_or_outage,gap of 3 days 00:00:00 (expected 1 days 00:00:00),treasury
2016-05-31 00:00:00+00:00,ZN,gap,info_session_or_outage,gap of 4 days 00:00:00 (expected 1 days 00:00:00),treasury
2016-06-06 00:00:00+00:00,ZN,gap,info_session_or_outage,gap of 3 days 00:00:00 (expected 1 days 00:00:00),treasury
2016-06-13 00:00:00+00:00,ZN,gap,info_session_or_outage,gap of 3 days 00:00:00 (expected 1 days 00:00:00),treasury
2016-06-20 00:00:00+00:00,ZN,gap,info_session_or_outage,gap of 3 days 00:00:00 (expected 1 days 00:00:00),treasury
2016-06-27 00:00:00+00:00,ZN,gap,info_session_or_outage,gap of 3 days 00:00:00 (expected 1 days 00:00:00),treasury
2016-07-05 00:00:00+00:00,ZN,gap,info_session_or_outage,gap of 4 days 00:00:00 (expected 1 days 00:00:00),treasury
2016-07-11 00:00:00+00:00,ZN,gap,info_session_or_outage,gap of 3 days 00:00:00 (expected 1 days 00:00:00),treasury
2016-07-18 00:00:00+00:00,ZN,gap,info_session_or_outage,gap of 3 days 00:00:00 (expected 1 days 00:00:00),treasury
2016-07-25 00:00:00+00:00,ZN,gap,info_session_or_outage,gap of 3 days 00:00:00 (expected 1 days 00:00:00),treasury
2016-08-01 00:00:00+00:00,ZN,gap,info_session_or_outage,gap of 3 days 00:00:00 (expected 1 days 00:00:00),treasury
2016-08-08 00:00:00+00:00,ZN,gap,info_session_or_outage,gap of 3 days 00:00:00 (expected 1 days 00:00:00),treasury
2016-08-15 00:00:00+00:00,ZN,gap,info_session_or_outage,gap of 3 days 00:00:00 (expected 1 days 00:00:00),treasury
2016-08-22 00:00:00+00:00,ZN,gap,info_session_or_outage,gap of 3 days 00:00:00 (expected 1 days 00:00:00),treasury
2016-08-29 00:00:00+00:00,ZN,gap,info_session_or_outage,gap of 3 days 00:00:00 (expected 1 days 00:00:00),treasury
2016-09-06 00:00:00+00:00,ZN,gap,info_session_or_outage,gap of 4 days 00:00:00 (expected 1 days 00:00:00),treasury
2016-09-12 00:00:00+00:00,ZN,gap,info_session_or_outage,gap of 3 days 00:00:00 (expected 1 days 00:00:00),treasury
2016-09-19 00:00:00+00:00,ZN,gap,info_session_or_outage,gap of 3 days 00:00:00 (expected 1 days 00:00:00),treasury
2016-09-26 00:00:00+00:00,ZN,gap,info_session_or_outage,gap of 3 days 00:00:00 (expected 1 days 00:00:00),treasury
2016-10-03 00:00:00+00:00,ZN,gap,info_session_or_outage,gap of 3 days 00:00:00 (expected 1 days 00:00:00),treasury
2016-10-11 00:00:00+00:00,ZN,gap,info_session_or_outage,gap of 4 days 00:00:00 (expected 1 days 00:00:00),treasury
2016-10-17 00:00:00+00:00,ZN,gap,info_session_or_outage,gap of 3 days 00:00:00 (expected 1 days 00:00:00),treasury
2016-10-24 00:00:00+00:00,ZN,gap,info_session_or_outage,gap of 3 days 00:00:00 (expected 1 days 00:00:00),treasury
2016-10-31 00:00:00+00:00,ZN,gap,info_session_or_outage,gap of 3 days 00:00:00 (expected 1 days 00:00:00),treasury
2016-11-07 00:00:00+00:00,ZN,gap,info_session_or_outage,gap of 3 days 00:00:00 (expected 1 days 00:00:00),treasury
2016-11-14 00:00:00+00:00,ZN,gap,info_session_or_outage,gap of 4 days 00:00:00 (expected 1 days 00:00:00),treasury
2016-11-21 00:00:00+00:00,ZN,gap,info_session_or_outage,gap of 3 days 00:00:00 (expected 1 days 00:00:00),treasury
2016-11-25 00:00:00+00:00,ZN,gap,info_session_or_outage,gap of 2 days 00:00:00 (expected 1 days 00:00:00),treasury
2016-11-28 00:00:00+00:00,ZN,gap,info_session_or_outage,gap of 3 days 00:00:00 (expected 1 days 00:00:00),treasury
2016-12-05 00:00:00+00:00,ZN,gap,info_session_or_outage,gap of 3 days 00:00:00 (expected 1 days 00:00:00),treasury
2016-12-12 00:00:00+00:00,ZN,gap,info_session_or_outage,gap of 3 days 00:00:00 (expected 1 days 00:00:00),treasury
2016-12-19 00:00:00+00:00,ZN,gap,info_session_or_outage,gap of 3 days 00:00:00 (expected 1 days 00:00:00),treasury
2016-12-22 00:00:00+00:00,ZN,gap,info_session_or_outage,gap of 2 days 00:00:00 (expected 1 days 00:00:00),treasury
2016-12-27 00:00:00+00:00,ZN,gap,info_session_or_outage,gap of 4 days 00:00:00 (expected 1 days 00:00:00),treasury
2017-01-03 00:00:00+00:00,ZN,gap,info_session_or_outage,gap of 4 days 00:00:00 (expected 1 days 00:00:00),treasury
2017-01-09 00:00:00+00:00,ZN,gap,info_session_or_outage,gap of 3 days 00:00:00 (expected 1 days 00:00:00),treasury
2017-01-17 00:00:00+00:00,ZN,gap,info_session_or_outage,gap of 4 days 00:00:00 (expected 1 days 00:00:00),treasury
2017-01-23 00:00:00+00:00,ZN,gap,info_session_or_outage,gap of 3 days 00:00:00 (expected 1 days 00:00:00),treasury
2017-01-30 00:00:00+00:00,ZN,gap,info_session_or_outage,gap of 3 days 00:00:00 (expected 1 days 00:00:00),treasury
2017-02-06 00:00:00+00:00,ZN,gap,info_session_or_outage,gap of 3 days 00:00:00 (expected 1 days 00:00:00),treasury
2017-02-13 00:00:00+00:00,ZN,gap,info_session_or_outage,gap of 3 days 00:00:00 (expected 1 days 00:00:00),treasury
2017-02-21 00:00:00+00:00,ZN,gap,info_session_or_outage,gap of 4 days 00:00:00 (expected 1 days 00:00:00),treasury
2017-02-27 00:00:00+00:00,ZN,gap,info_session_or_outage,gap of 3 days 00:00:00 (expected 1 days 00:00:00),treasury
2017-03-06 00:00:00+00:00,ZN,gap,info_session_or_outage,gap of 3 days 00:00:00 (expected 1 days 00:00:00),treasury
2017-03-13 00:00:00+00:00,ZN,gap,info_session_or_outage,gap of 3 days 00:00:00 (expected 1 days 00:00:00),treasury
2017-03-20 00:00:00+00:00,ZN,gap,info_session_or_outage,gap of 3 days 00:00:00 (expected 1 days 00:00:00),treasury
2017-03-27 00:00:00+00:00,ZN,gap,info_session_or_outage,gap of 3 days 00:00:00 (expected 1 days 00:00:00),treasury
2017-04-03 00:00:00+00:00,ZN,gap,info_session_or_outage,gap of 3 days 00:00:00 (expected 1 days 00:00:00),treasury
2017-04-10 00:00:00+00:00,ZN,gap,info_session_or_outage,gap of 3 days 00:00:00 (expected 1 days 00:00:00),treasury
2017-04-17 00:00:00+00:00,ZN,gap,info_session_or_outage,gap of 4 days 00:00:00 (expected 1 days 00:00:00),treasury
2017-04-24 00:00:00+00:00,ZN,gap,info_session_or_outage,gap of 3 days 00:00:00 (expected 1 days 00:00:00),treasury
2017-05-01 00:00:00+00:00,ZN,gap,info_session_or_outage,gap of 3 days 00:00:00 (expected 1 days 00:00:00),treasury
2017-05-08 00:00:00+00:00,ZN,gap,info_session_or_outage,gap of 3 days 00:00:00 (expected 1 days 00:00:00),treasury
2017-05-15 00:00:00+00:00,ZN,gap,info_session_or_outage,gap of 3 days 00:00:00 (expected 1 days 00:00:00),treasury
2017-05-22 00:00:00+00:00,ZN,gap,info_session_or_outage,gap of 3 days 00:00:00 (expected 1 days 00:00:00),treasury
2017-05-30 00:00:00+00:00,ZN,gap,info_session_or_outage,gap of 4 days 00:00:00 (expected 1 days 00:00:00),treasury
2017-06-05 00:00:00+00:00,ZN,gap,info_session_or_outage,gap of 3 days 00:00:00 (expected 1 days 00:00:00),treasury
2017-06-12 00:00:00+00:00,ZN,gap,info_session_or_outage,gap of 3 days 00:00:00 (expected 1 days 00:00:00),treasury
2017-06-19 00:00:00+00:00,ZN,gap,info_session_or_outage,gap of 3 days 00:00:00 (expected 1 days 00:00:00),treasury
2017-06-26 00:00:00+00:00,ZN,gap,info_session_or_outage,gap of 3 days 00:00:00 (expected 1 days 00:00:00),treasury
2017-07-03 00:00:00+00:00,ZN,gap,info_session_or_outage,gap of 3 days 00:00:00 (expected 1 days 00:00:00),treasury
2017-07-05 00:00:00+00:00,ZN,gap,info_session_or_outage,gap of 2 days 00:00:00 (expected 1 days 00:00:00),treasury
2017-07-10 00:00:00+00:00,ZN,gap,info_session_or_outage,gap of 3 days 00:00:00 (expected 1 days 00:00:00),treasury
2017-07-17 00:00:00+00:00,ZN,gap,info_session_or_outage,gap of 3 days 00:00:00 (expected 1 days 00:00:00),treasury
2017-07-24 00:00:00+00:00,ZN,gap,info_session_or_outage,gap of 3 days 00:00:00 (expected 1 days 00:00:00),treasury
2017-07-31 00:00:00+00:00,ZN,gap,info_session_or_outage,gap of 3 days 00:00:00 (expected 1 days 00:00:00),treasury
2017-08-07 00:00:00+00:00,ZN,gap,info_session_or_outage,gap of 3 days 00:00:00 (expected 1 days 00:00:00),treasury
2017-08-14 00:00:00+00:00,ZN,gap,info_session_or_outage,gap of 3 days 00:00:00 (expected 1 days 00:00:00),treasury
2017-08-21 00:00:00+00:00,ZN,gap,info_session_or_outage,gap of 3 days 00:00:00 (expected 1 days 00:00:00),treasury
2017-08-28 00:00:00+00:00,ZN,gap,info_session_or_outage,gap of 3 days 00:00:00 (expected 1 days 00:00:00),treasury
2017-09-05 00:00:00+00:00,ZN,gap,info_session_or_outage,gap of 4 days 00:00:00 (expected 1 days 00:00:00),treasury
2017-09-11 00:00:00+00:00,ZN,gap,info_session_or_outage,gap of 3 days 00:00:00 (expected 1 days 00:00:00),treasury
2017-09-18 00:00:00+00:00,ZN,gap,info_session_or_outage,gap of 3 days 00:00:00 (expected 1 days 00:00:00),treasury
2017-09-25 00:00:00+00:00,ZN,gap,info_session_or_outage,gap of 3 days 00:00:00 (expected 1 days 00:00:00),treasury
2017-10-02 00:00:00+00:00,ZN,gap,info_session_or_outage,gap of 3 days 00:00:00 (expected 1 days 00:00:00),treasury
2017-10-09 00:00:00+00:00,ZN,gap,info_session_or_outage,gap of 3 days 00:00:00 (expected 1 days 00:00:00),treasury
2017-10-16 00:00:00+00:00,ZN,gap,info_session_or_outage,gap of 3 days 00:00:00 (expected 1 days 00:00:00),treasury
2017-10-23 00:00:00+00:00,ZN,gap,info_session_or_outage,gap of 3 days 00:00:00 (expected 1 days 00:00:00),treasury
2017-10-30 00:00:00+00:00,ZN,gap,info_session_or_outage,gap of 3 days 00:00:00 (expected 1 days 00:00:00),treasury
2017-11-06 00:00:00+00:00,ZN,gap,info_session_or_outage,gap of 3 days 00:00:00 (expected 1 days 00:00:00),treasury
2017-11-13 00:00:00+00:00,ZN,gap,info_session_or_outage,gap of 3 days 00:00:00 (expected 1 days 00:00:00),treasury
2017-11-20 00:00:00+00:00,ZN,gap,info_session_or_outage,gap of 3 days 00:00:00 (expected 1 days 00:00:00),treasury
2017-11-24 00:00:00+00:00,ZN,gap,info_session_or_outage,gap of 2 days 00:00:00 (expected 1 days 00:00:00),treasury
2017-11-27 00:00:00+00:00,ZN,gap,info_session_or_outage,gap of 3 days 00:00:00 (expected 1 days 00:00:00),treasury
2017-12-04 00:00:00+00:00,ZN,gap,info_session_or_outage,gap of 3 days 00:00:00 (expected 1 days 00:00:00),treasury
2017-12-11 00:00:00+00:00,ZN,gap,info_session_or_outage,gap of 3 days 00:00:00 (expected 1 days 00:00:00),treasury
2017-12-18 00:00:00+00:00,ZN,gap,info_session_or_outage,gap of 3 days 00:00:00 (expected 1 days 00:00:00),treasury
2017-12-26 00:00:00+00:00,ZN,gap,info_session_or_outage,gap of 4 days 00:00:00 (expected 1 days 00:00:00),treasury
2018-01-02 00:00:00+00:00,ZN,gap,info_session_or_outage,gap of 4 days 00:00:00 (expected 1 days 00:00:00),treasury
2018-01-08 00:00:00+00:00,ZN,gap,info_session_or_outage,gap of 3 days 00:00:00 (expected 1 days 00:00:00),treasury
2018-01-16 00:00:00+00:00,ZN,gap,info_session_or_outage,gap of 4 days 00:00:00 (expected 1 days 00:00:00),treasury
2018-01-22 00:00:00+00:00,ZN,gap,info_session_or_outage,gap of 3 days 00:00:00 (expected 1 days 00:00:00),treasury
2018-01-29 00:00:00+00:00,ZN,gap,info_session_or_outage,gap of 3 days 00:00:00 (expected 1 days 00:00:00),treasury
2018-02-05 00:00:00+00:00,ZN,gap,info_session_or_outage,gap of 3 days 00:00:00 (expected 1 days 00:00:00),treasury
2018-02-12 00:00:00+00:00,ZN,gap,info_session_or_outage,gap of 3 days 00:00:00 (expected 1 days 00:00:00),treasury
2018-02-20 00:00:00+00:00,ZN,gap,info_session_or_outage,gap of 4 days 00:00:00 (expected 1 days 00:00:00),treasury
2018-02-26 00:00:00+00:00,ZN,gap,info_session_or_outage,gap of 3 days 00:00:00 (expected 1 days 00:00:00),treasury
2018-03-05 00:00:00+00:00,ZN,gap,info_session_or_outage,gap of 3 days 00:00:00 (expected 1 days 00:00:00),treasury
2018-03-12 00:00:00+00:00,ZN,gap,info_session_or_outage,gap of 3 days 00:00:00 (expected 1 days 00:00:00),treasury
2018-03-19 00:00:00+00:00,ZN,gap,info_session_or_outage,gap of 3 days 00:00:00 (expected 1 days 00:00:00),treasury
2018-03-26 00:00:00+00:00,ZN,gap,info_session_or_outage,gap of 3 days 00:00:00 (expected 1 days 00:00:00),treasury
2018-04-02 00:00:00+00:00,ZN,gap,info_session_or_outage,gap of 4 days 00:00:00 (expected 1 days 00:00:00),treasury
2018-04-09 00:00:00+00:00,ZN,gap,info_session_or_outage,gap of 3 days 00:00:00 (expected 1 days 00:00:00),treasury
2018-04-16 00:00:00+00:00,ZN,gap,info_session_or_outage,gap of 3 days 00:00:00 (expected 1 days 00:00:00),treasury
2018-04-23 00:00:00+00:00,ZN,gap,info_session_or_outage,gap of 3 days 00:00:00 (expected 1 days 00:00:00),treasury
2018-04-30 00:00:00+00:00,ZN,gap,info_session_or_outage,gap of 3 days 00:00:00 (expected 1 days 00:00:00),treasury
2018-05-07 00:00:00+00:00,ZN,gap,info_session_or_outage,gap of 3 days 00:00:00 (expected 1 days 00:00:00),treasury
2018-05-14 00:00:00+00:00,ZN,gap,info_session_or_outage,gap of 3 days 00:00:00 (expected 1 days 00:00:00),treasury
2018-05-21 00:00:00+00:00,ZN,gap,info_session_or_outage,gap of 3 days 00:00:00 (expected 1 days 00:00:00),treasury
2018-05-29 00:00:00+00:00,ZN,gap,info_session_or_outage,gap of 4 days 00:00:00 (expected 1 days 00:00:00),treasury
2018-06-04 00:00:00+00:00,ZN,gap,info_session_or_outage,gap of 3 days 00:00:00 (expected 1 days 00:00:00),treasury
2018-06-11 00:00:00+00:00,ZN,gap,info_session_or_outage,gap of 3 days 00:00:00 (expected 1 days 00:00:00),treasury
2018-06-18 00:00:00+00:00,ZN,gap,info_session_or_outage,gap of 3 days 00:00:00 (expected 1 days 00:00:00),treasury
2018-06-25 00:00:00+00:00,ZN,gap,info_session_or_outage,gap of 3 days 00:00:00 (expected 1 days 00:00:00),treasury
2018-07-02 00:00:00+00:00,ZN,gap,info_session_or_outage,gap of 3 days 00:00:00 (expected 1 days 00:00:00),treasury
2018-07-05 00:00:00+00:00,ZN,gap,info_session_or_outage,gap of 2 days 00:00:00 (expected 1 days 00:00:00),treasury
2018-07-09 00:00:00+00:00,ZN,gap,info_session_or_outage,gap of 3 days 00:00:00 (expected 1 days 00:00:00),treasury
2018-07-16 00:00:00+00:00,ZN,gap,info_session_or_outage,gap of 3 days 00:00:00 (expected 1 days 00:00:00),treasury
2018-07-23 00:00:00+00:00,ZN,gap,info_session_or_outage,gap of 3 days 00:00:00 (expected 1 days 00:00:00),treasury
2018-07-30 00:00:00+00:00,ZN,gap,info_session_or_outage,gap of 3 days 00:00:00 (expected 1 days 00:00:00),treasury
2018-08-06 00:00:00+00:00,ZN,gap,info_session_or_outage,gap of 3 days 00:00:00 (expected 1 days 00:00:00),treasury
2018-08-13 00:00:00+00:00,ZN,gap,info_session_or_outage,gap of 3 days 00:00:00 (expected 1 days 00:00:00),treasury
2018-08-20 00:00:00+00:00,ZN,gap,info_session_or_outage,gap of 3 days 00:00:00 (expected 1 days 00:00:00),treasury
2018-08-27 00:00:00+00:00,ZN,gap,info_session_or_outage,gap of 3 days 00:00:00 (expected 1 days 00:00:00),treasury
2018-09-04 00:00:00+00:00,ZN,gap,info_session_or_outage,gap of 4 days 00:00:00 (expected 1 days 00:00:00),treasury
2018-09-10 00:00:00+00:00,ZN,gap,info_session_or_outage,gap of 3 days 00:00:00 (expected 1 days 00:00:00),treasury
2018-09-17 00:00:00+00:00,ZN,gap,info_session_or_outage,gap of 3 days 00:00:00 (expected 1 days 00:00:00),treasury
2018-09-24 00:00:00+00:00,ZN,gap,info_session_or_outage,gap of 3 days 00:00:00 (expected 1 days 00:00:00),treasury
2018-10-01 00:00:00+00:00,ZN,gap,info_session_or_outage,gap of 3 days 00:00:00 (expected 1 days 00:00:00),treasury
2018-10-08 00:00:00+00:00,ZN,gap,info_session_or_outage,gap of 3 days 00:00:00 (expected 1 days 00:00:00),treasury
2018-10-15 00:00:00+00:00,ZN,gap,info_session_or_outage,gap of 3 days 00:00:00 (expected 1 days 00:00:00),treasury
2018-10-22 00:00:00+00:00,ZN,gap,info_session_or_outage,gap of 3 days 00:00:00 (expected 1 days 00:00:00),treasury
2018-10-29 00:00:00+00:00,ZN,gap,info_session_or_outage,gap of 3 days 00:00:00 (expected 1 days 00:00:00),treasury
2018-11-05 00:00:00+00:00,ZN,gap,info_session_or_outage,gap of 3 days 00:00:00 (expected 1 days 00:00:00),treasury
2018-11-12 00:00:00+00:00,ZN,gap,info_session_or_outage,gap of 3 days 00:00:00 (expected 1 days 00:00:00),treasury
2018-11-19 00:00:00+00:00,ZN,gap,info_session_or_outage,gap of 3 days 00:00:00 (expected 1 days 00:00:00),treasury
2018-11-23 00:00:00+00:00,ZN,gap,info_session_or_outage,gap of 2 days 00:00:00 (expected 1 days 00:00:00),treasury
2018-11-26 00:00:00+00:00,ZN,gap,info_session_or_outage,gap of 3 days 00:00:00 (expected 1 days 00:00:00),treasury
2018-12-03 00:00:00+00:00,ZN,gap,info_session_or_outage,gap of 3 days 00:00:00 (expected 1 days 00:00:00),treasury
2018-12-06 00:00:00+00:00,ZN,gap,info_session_or_outage,gap of 2 days 00:00:00 (expected 1 days 00:00:00),treasury
2018-12-10 00:00:00+00:00,ZN,gap,info_session_or_outage,gap of 3 days 00:00:00 (expected 1 days 00:00:00),treasury
2018-12-17 00:00:00+00:00,ZN,gap,info_session_or_outage,gap of 3 days 00:00:00 (expected 1 days 00:00:00),treasury
2018-12-24 00:00:00+00:00,ZN,gap,info_session_or_outage,gap of 3 days 00:00:00 (expected 1 days 00:00:00),treasury
2018-12-26 00:00:00+00:00,ZN,gap,info_session_or_outage,gap of 2 days 00:00:00 (expected 1 days 00:00:00),treasury
2018-12-31 00:00:00+00:00,ZN,gap,info_session_or_outage,gap of 3 days 00:00:00 (expected 1 days 00:00:00),treasury
2019-01-02 00:00:00+00:00,ZN,gap,info_session_or_outage,gap of 2 days 00:00:00 (expected 1 days 00:00:00),treasury
2019-01-07 00:00:00+00:00,ZN,gap,info_session_or_outage,gap of 3 days 00:00:00 (expected 1 days 00:00:00),treasury
2019-01-14 00:00:00+00:00,ZN,gap,info_session_or_outage,gap of 3 days 00:00:00 (expected 1 days 00:00:00),treasury
2019-01-22 00:00:00+00:00,ZN,gap,info_session_or_outage,gap of 4 days 00:00:00 (expected 1 days 00:00:00),treasury
2019-01-28 00:00:00+00:00,ZN,gap,info_session_or_outage,gap of 3 days 00:00:00 (expected 1 days 00:00:00),treasury
2019-02-04 00:00:00+00:00,ZN,gap,info_session_or_outage,gap of 3 days 00:00:00 (expected 1 days 00:00:00),treasury
2019-02-11 00:00:00+00:00,ZN,gap,info_session_or_outage,gap of 3 days 00:00:00 (expected 1 days 00:00:00),treasury
2019-02-19 00:00:00+00:00,ZN,gap,info_session_or_outage,gap of 4 days 00:00:00 (expected 1 days 00:00:00),treasury
2019-02-25 00:00:00+00:00,ZN,gap,info_session_or_outage,gap of 3 days 00:00:00 (expected 1 days 00:00:00),treasury
2019-03-04 00:00:00+00:00,ZN,gap,info_session_or_outage,gap of 3 days 00:00:00 (expected 1 days 00:00:00),treasury
2019-03-11 00:00:00+00:00,ZN,gap,info_session_or_outage,gap of 3 days 00:00:00 (expected 1 days 00:00:00),treasury
2019-03-18 00:00:00+00:00,ZN,gap,info_session_or_outage,gap of 3 days 00:00:00 (expected 1 days 00:00:00),treasury
2019-03-25 00:00:00+00:00,ZN,gap,info_session_or_outage,gap of 3 days 00:00:00 (expected 1 days 00:00:00),treasury
2019-04-01 00:00:00+00:00,ZN,gap,info_session_or_outage,gap of 3 days 00:00:00 (expected 1 days 00:00:00),treasury
2019-04-08 00:00:00+00:00,ZN,gap,info_session_or_outage,gap of 3 days 00:00:00 (expected 1 days 00:00:00),treasury
2019-04-15 00:00:00+00:00,ZN,gap,info_session_or_outage,gap of 3 days 00:00:00 (expected 1 days 00:00:00),treasury
2019-04-22 00:00:00+00:00,ZN,gap,info_session_or_outage,gap of 4 days 00:00:00 (expected 1 days 00:00:00),treasury
2019-04-29 00:00:00+00:00,ZN,gap,info_session_or_outage,gap of 3 days 00:00:00 (expected 1 days 00:00:00),treasury
2019-05-06 00:00:00+00:00,ZN,gap,info_session_or_outage,gap of 3 days 00:00:00 (expected 1 days 00:00:00),treasury
2019-05-13 00:00:00+00:00,ZN,gap,info_session_or_outage,gap of 3 days 00:00:00 (expected 1 days 00:00:00),treasury
2019-05-20 00:00:00+00:00,ZN,gap,info_session_or_outage,gap of 3 days 00:00:00 (expected 1 days 00:00:00),treasury
2019-05-28 00:00:00+00:00,ZN,gap,info_session_or_outage,gap of 4 days 00:00:00 (expected 1 days 00:00:00),treasury
2019-06-03 00:00:00+00:00,ZN,gap,info_session_or_outage,gap of 3 days 00:00:00 (expected 1 days 00:00:00),treasury
2019-06-10 00:00:00+00:00,ZN,gap,info_session_or_outage,gap of 3 days 00:00:00 (expected 1 days 00:00:00),treasury
2019-06-17 00:00:00+00:00,ZN,gap,info_session_or_outage,gap of 3 days 00:00:00 (expected 1 days 00:00:00),treasury
2019-06-24 00:00:00+00:00,ZN,gap,info_session_or_outage,gap of 3 days 00:00:00 (expected 1 days 00:00:00),treasury
2019-07-01 00:00:00+00:00,ZN,gap,info_session_or_outage,gap of 3 days 00:00:00 (expected 1 days 00:00:00),treasury
2019-07-05 00:00:00+00:00,ZN,gap,info_session_or_outage,gap of 2 days 00:00:00 (expected 1 days 00:00:00),treasury
2019-07-08 00:00:00+00:00,ZN,gap,info_session_or_outage,gap of 3 days 00:00:00 (expected 1 days 00:00:00),treasury
2019-07-15 00:00:00+00:00,ZN,gap,info_session_or_outage,gap of 3 days 00:00:00 (expected 1 days 00:00:00),treasury
2019-07-22 00:00:00+00:00,ZN,gap,info_session_or_outage,gap of 3 days 00:00:00 (expected 1 days 00:00:00),treasury
2019-07-29 00:00:00+00:00,ZN,gap,info_session_or_outage,gap of 3 days 00:00:00 (expected 1 days 00:00:00),treasury
2019-08-05 00:00:00+00:00,ZN,gap,info_session_or_outage,gap of 3 days 00:00:00 (expected 1 days 00:00:00),treasury
2019-08-12 00:00:00+00:00,ZN,gap,info_session_or_outage,gap of 3 days 00:00:00 (expected 1 days 00:00:00),treasury
2019-08-19 00:00:00+00:00,ZN,gap,info_session_or_outage,gap of 3 days 00:00:00 (expected 1 days 00:00:00),treasury
2019-08-26 00:00:00+00:00,ZN,gap,info_session_or_outage,gap of 3 days 00:00:00 (expected 1 days 00:00:00),treasury
2019-09-03 00:00:00+00:00,ZN,gap,info_session_or_outage,gap of 4 days 00:00:00 (expected 1 days 00:00:00),treasury
2019-09-09 00:00:00+00:00,ZN,gap,info_session_or_outage,gap of 3 days 00:00:00 (expected 1 days 00:00:00),treasury
2019-09-16 00:00:00+00:00,ZN,gap,info_session_or_outage,gap of 3 days 00:00:00 (expected 1 days 00:00:00),treasury
2019-09-23 00:00:00+00:00,ZN,gap,info_session_or_outage,gap of 3 days 00:00:00 (expected 1 days 00:00:00),treasury
2019-09-30 00:00:00+00:00,ZN,gap,info_session_or_outage,gap of 3 days 00:00:00 (expected 1 days 00:00:00),treasury
2019-10-07 00:00:00+00:00,ZN,gap,info_session_or_outage,gap of 3 days 00:00:00 (expected 1 days 00:00:00),treasury
2019-10-14 00:00:00+00:00,ZN,gap,info_session_or_outage,gap of 3 days 00:00:00 (expected 1 days 00:00:00),treasury
2019-10-21 00:00:00+00:00,ZN,gap,info_session_or_outage,gap of 3 days 00:00:00 (expected 1 days 00:00:00),treasury
2019-10-28 00:00:00+00:00,ZN,gap,info_session_or_outage,gap of 3 days 00:00:00 (expected 1 days 00:00:00),treasury
2019-11-04 00:00:00+00:00,ZN,gap,info_session_or_outage,gap of 3 days 00:00:00 (expected 1 days 00:00:00),treasury
2019-11-11 00:00:00+00:00,ZN,gap,info_session_or_outage,gap of 3 days 00:00:00 (expected 1 days 00:00:00),treasury
2019-11-18 00:00:00+00:00,ZN,gap,info_session_or_outage,gap of 3 days 00:00:00 (expected 1 days 00:00:00),treasury
2019-11-25 00:00:00+00:00,ZN,gap,info_session_or_outage,gap of 3 days 00:00:00 (expected 1 days 00:00:00),treasury
2019-11-29 00:00:00+00:00,ZN,gap,info_session_or_outage,gap of 2 days 00:00:00 (expected 1 days 00:00:00),treasury
2019-12-02 00:00:00+00:00,ZN,gap,info_session_or_outage,gap of 3 days 00:00:00 (expected 1 days 00:00:00),treasury
2019-12-09 00:00:00+00:00,ZN,gap,info_session_or_outage,gap of 3 days 00:00:00 (expected 1 days 00:00:00),treasury
2019-12-16 00:00:00+00:00,ZN,gap,info_session_or_outage,gap of 3 days 00:00:00 (expected 1 days 00:00:00),treasury
2019-12-23 00:00:00+00:00,ZN,gap,info_session_or_outage,gap of 3 days 00:00:00 (expected 1 days 00:00:00),treasury
2019-12-26 00:00:00+00:00,ZN,gap,info_session_or_outage,gap of 2 days 00:00:00 (expected 1 days 00:00:00),treasury
2019-12-30 00:00:00+00:00,ZN,gap,info_session_or_outage,gap of 3 days 00:00:00 (expected 1 days 00:00:00),treasury
2020-01-02 00:00:00+00:00,ZN,gap,info_session_or_outage,gap of 2 days 00:00:00 (expected 1 days 00:00:00),treasury
2020-01-06 00:00:00+00:00,ZN,gap,info_session_or_outage,gap of 3 days 00:00:00 (expected 1 days 00:00:00),treasury
2020-01-13 00:00:00+00:00,ZN,gap,info_session_or_outage,gap of 3 days 00:00:00 (expected 1 days 00:00:00),treasury
2020-01-21 00:00:00+00:00,ZN,gap,info_session_or_outage,gap of 4 days 00:00:00 (expected 1 days 00:00:00),treasury
2020-01-27 00:00:00+00:00,ZN,gap,info_session_or_outage,gap of 3 days 00:00:00 (expected 1 days 00:00:00),treasury
2020-02-03 00:00:00+00:00,ZN,gap,info_session_or_outage,gap of 3 days 00:00:00 (expected 1 days 00:00:00),treasury
2020-02-10 00:00:00+00:00,ZN,gap,info_session_or_outage,gap of 3 days 00:00:00 (expected 1 days 00:00:00),treasury
2020-02-18 00:00:00+00:00,ZN,gap,info_session_or_outage,gap of 4 days 00:00:00 (expected 1 days 00:00:00),treasury
2020-02-24 00:00:00+00:00,ZN,gap,info_session_or_outage,gap of 3 days 00:00:00 (expected 1 days 00:00:00),treasury
2020-03-02 00:00:00+00:00,ZN,gap,info_session_or_outage,gap of 3 days 00:00:00 (expected 1 days 00:00:00),treasury
2020-03-09 00:00:00+00:00,ZN,gap,info_session_or_outage,gap of 3 days 00:00:00 (expected 1 days 00:00:00),treasury
2020-03-16 00:00:00+00:00,ZN,gap,info_session_or_outage,gap of 3 days 00:00:00 (expected 1 days 00:00:00),treasury
2020-03-23 00:00:00+00:00,ZN,gap,info_session_or_outage,gap of 3 days 00:00:00 (expected 1 days 00:00:00),treasury
2020-03-30 00:00:00+00:00,ZN,gap,info_session_or_outage,gap of 3 days 00:00:00 (expected 1 days 00:00:00),treasury
2020-04-06 00:00:00+00:00,ZN,gap,info_session_or_outage,gap of 3 days 00:00:00 (expected 1 days 00:00:00),treasury
2020-04-13 00:00:00+00:00,ZN,gap,info_session_or_outage,gap of 4 days 00:00:00 (expected 1 days 00:00:00),treasury
2020-04-20 00:00:00+00:00,ZN,gap,info_session_or_outage,gap of 3 days 00:00:00 (expected 1 days 00:00:00),treasury
2020-04-27 00:00:00+00:00,ZN,gap,info_session_or_outage,gap of 3 days 00:00:00 (expected 1 days 00:00:00),treasury
2020-05-04 00:00:00+00:00,ZN,gap,info_session_or_outage,gap of 3 days 00:00:00 (expected 1 days 00:00:00),treasury
2020-05-11 00:00:00+00:00,ZN,gap,info_session_or_outage,gap of 3 days 00:00:00 (expected 1 days 00:00:00),treasury
2020-05-18 00:00:00+00:00,ZN,gap,info_session_or_outage,gap of 3 days 00:00:00 (expected 1 days 00:00:00),treasury
2020-05-26 00:00:00+00:00,ZN,gap,info_session_or_outage,gap of 4 days 00:00:00 (expected 1 days 00:00:00),treasury
2020-06-01 00:00:00+00:00,ZN,gap,info_session_or_outage,gap of 3 days 00:00:00 (expected 1 days 00:00:00),treasury
2020-06-08 00:00:00+00:00,ZN,gap,info_session_or_outage,gap of 3 days 00:00:00 (expected 1 days 00:00:00),treasury
2020-06-15 00:00:00+00:00,ZN,gap,info_session_or_outage,gap of 3 days 00:00:00 (expected 1 days 00:00:00),treasury
2020-06-22 00:00:00+00:00,ZN,gap,info_session_or_outage,gap of 3 days 00:00:00 (expected 1 days 00:00:00),treasury
2020-06-29 00:00:00+00:00,ZN,gap,info_session_or_outage,gap of 3 days 00:00:00 (expected 1 days 00:00:00),treasury
2020-07-06 00:00:00+00:00,ZN,gap,info_session_or_outage,gap of 4 days 00:00:00 (expected 1 days 00:00:00),treasury
2020-07-13 00:00:00+00:00,ZN,gap,info_session_or_outage,gap of 3 days 00:00:00 (expected 1 days 00:00:00),treasury
2020-07-20 00:00:00+00:00,ZN,gap,info_session_or_outage,gap of 3 days 00:00:00 (expected 1 days 00:00:00),treasury
2020-07-27 00:00:00+00:00,ZN,gap,info_session_or_outage,gap of 3 days 00:00:00 (expected 1 days 00:00:00),treasury
2020-08-03 00:00:00+00:00,ZN,gap,info_session_or_outage,gap of 3 days 00:00:00 (expected 1 days 00:00:00),treasury
2020-08-10 00:00:00+00:00,ZN,gap,info_session_or_outage,gap of 3 days 00:00:00 (expected 1 days 00:00:00),treasury
2020-08-17 00:00:00+00:00,ZN,gap,info_session_or_outage,gap of 3 days 00:00:00 (expected 1 days 00:00:00),treasury
2020-08-24 00:00:00+00:00,ZN,gap,info_session_or_outage,gap of 3 days 00:00:00 (expected 1 days 00:00:00),treasury
2020-08-31 00:00:00+00:00,ZN,gap,info_session_or_outage,gap of 3 days 00:00:00 (expected 1 days 00:00:00),treasury
2020-09-08 00:00:00+00:00,ZN,gap,info_session_or_outage,gap of 4 days 00:00:00 (expected 1 days 00:00:00),treasury
2020-09-14 00:00:00+00:00,ZN,gap,info_session_or_outage,gap of 3 days 00:00:00 (expected 1 days 00:00:00),treasury
2020-09-21 00:00:00+00:00,ZN,gap,info_session_or_outage,gap of 3 days 00:00:00 (expected 1 days 00:00:00),treasury
2020-09-28 00:00:00+00:00,ZN,gap,info_session_or_outage,gap of 3 days 00:00:00 (expected 1 days 00:00:00),treasury
2020-10-05 00:00:00+00:00,ZN,gap,info_session_or_outage,gap of 3 days 00:00:00 (expected 1 days 00:00:00),treasury
2020-10-12 00:00:00+00:00,ZN,gap,info_session_or_outage,gap of 3 days 00:00:00 (expected 1 days 00:00:00),treasury
2020-10-19 00:00:00+00:00,ZN,gap,info_session_or_outage,gap of 3 days 00:00:00 (expected 1 days 00:00:00),treasury
2020-10-26 00:00:00+00:00,ZN,gap,info_session_or_outage,gap of 3 days 00:00:00 (expected 1 days 00:00:00),treasury
2020-11-02 00:00:00+00:00,ZN,gap,info_session_or_outage,gap of 3 days 00:00:00 (expected 1 days 00:00:00),treasury
2020-11-09 00:00:00+00:00,ZN,gap,info_session_or_outage,gap of 3 days 00:00:00 (expected 1 days 00:00:00),treasury
2020-11-16 00:00:00+00:00,ZN,gap,info_session_or_outage,gap of 3 days 00:00:00 (expected 1 days 00:00:00),treasury
2020-11-23 00:00:00+00:00,ZN,gap,info_session_or_outage,gap of 3 days 00:00:00 (expected 1 days 00:00:00),treasury
2020-11-27 00:00:00+00:00,ZN,gap,info_session_or_outage,gap of 2 days 00:00:00 (expected 1 days 00:00:00),treasury
2020-11-30 00:00:00+00:00,ZN,gap,info_session_or_outage,gap of 3 days 00:00:00 (expected 1 days 00:00:00),treasury
2020-12-07 00:00:00+00:00,ZN,gap,info_session_or_outage,gap of 3 days 00:00:00 (expected 1 days 00:00:00),treasury
2020-12-14 00:00:00+00:00,ZN,gap,info_session_or_outage,gap of 3 days 00:00:00 (expected 1 days 00:00:00),treasury
2020-12-21 00:00:00+00:00,ZN,gap,info_session_or_outage,gap of 3 days 00:00:00 (expected 1 days 00:00:00),treasury
2020-12-28 00:00:00+00:00,ZN,gap,info_session_or_outage,gap of 4 days 00:00:00 (expected 1 days 00:00:00),treasury
2021-01-04 00:00:00+00:00,ZN,gap,info_session_or_outage,gap of 4 days 00:00:00 (expected 1 days 00:00:00),treasury
2021-01-11 00:00:00+00:00,ZN,gap,info_session_or_outage,gap of 3 days 00:00:00 (expected 1 days 00:00:00),treasury
2021-01-19 00:00:00+00:00,ZN,gap,info_session_or_outage,gap of 4 days 00:00:00 (expected 1 days 00:00:00),treasury
2021-01-25 00:00:00+00:00,ZN,gap,info_session_or_outage,gap of 3 days 00:00:00 (expected 1 days 00:00:00),treasury
2021-02-01 00:00:00+00:00,ZN,gap,info_session_or_outage,gap of 3 days 00:00:00 (expected 1 days 00:00:00),treasury
2021-02-08 00:00:00+00:00,ZN,gap,info_session_or_outage,gap of 3 days 00:00:00 (expected 1 days 00:00:00),treasury
2021-02-16 00:00:00+00:00,ZN,gap,info_session_or_outage,gap of 4 days 00:00:00 (expected 1 days 00:00:00),treasury
2021-02-22 00:00:00+00:00,ZN,gap,info_session_or_outage,gap of 3 days 00:00:00 (expected 1 days 00:00:00),treasury
2021-03-01 00:00:00+00:00,ZN,gap,info_session_or_outage,gap of 3 days 00:00:00 (expected 1 days 00:00:00),treasury
2021-03-08 00:00:00+00:00,ZN,gap,info_session_or_outage,gap of 3 days 00:00:00 (expected 1 days 00:00:00),treasury
2021-03-15 00:00:00+00:00,ZN,gap,info_session_or_outage,gap of 3 days 00:00:00 (expected 1 days 00:00:00),treasury
2021-03-22 00:00:00+00:00,ZN,gap,info_session_or_outage,gap of 3 days 00:00:00 (expected 1 days 00:00:00),treasury
2021-03-29 00:00:00+00:00,ZN,gap,info_session_or_outage,gap of 3 days 00:00:00 (expected 1 days 00:00:00),treasury
2021-04-05 00:00:00+00:00,ZN,gap,info_session_or_outage,gap of 4 days 00:00:00 (expected 1 days 00:00:00),treasury
2021-04-12 00:00:00+00:00,ZN,gap,info_session_or_outage,gap of 3 days 00:00:00 (expected 1 days 00:00:00),treasury
2021-04-19 00:00:00+00:00,ZN,gap,info_session_or_outage,gap of 3 days 00:00:00 (expected 1 days 00:00:00),treasury
2021-04-26 00:00:00+00:00,ZN,gap,info_session_or_outage,gap of 3 days 00:00:00 (expected 1 days 00:00:00),treasury
2021-05-03 00:00:00+00:00,ZN,gap,info_session_or_outage,gap of 3 days 00:00:00 (expected 1 days 00:00:00),treasury
2021-05-10 00:00:00+00:00,ZN,gap,info_session_or_outage,gap of 3 days 00:00:00 (expected 1 days 00:00:00),treasury
2021-05-17 00:00:00+00:00,ZN,gap,info_session_or_outage,gap of 3 days 00:00:00 (expected 1 days 00:00:00),treasury
2021-05-24 00:00:00+00:00,ZN,gap,info_session_or_outage,gap of 3 days 00:00:00 (expected 1 days 00:00:00),treasury
2021-06-01 00:00:00+00:00,ZN,gap,info_session_or_outage,gap of 4 days 00:00:00 (expected 1 days 00:00:00),treasury
2021-06-07 00:00:00+00:00,ZN,gap,info_session_or_outage,gap of 3 days 00:00:00 (expected 1 days 00:00:00),treasury
2021-06-14 00:00:00+00:00,ZN,gap,info_session_or_outage,gap of 3 days 00:00:00 (expected 1 days 00:00:00),treasury
2021-06-21 00:00:00+00:00,ZN,gap,info_session_or_outage,gap of 3 days 00:00:00 (expected 1 days 00:00:00),treasury
2021-06-28 00:00:00+00:00,ZN,gap,info_session_or_outage,gap of 3 days 00:00:00 (expected 1 days 00:00:00),treasury
2021-07-06 00:00:00+00:00,ZN,gap,info_session_or_outage,gap of 4 days 00:00:00 (expected 1 days 00:00:00),treasury
2021-07-12 00:00:00+00:00,ZN,gap,info_session_or_outage,gap of 3 days 00:00:00 (expected 1 days 00:00:00),treasury
2021-07-19 00:00:00+00:00,ZN,gap,info_session_or_outage,gap of 3 days 00:00:00 (expected 1 days 00:00:00),treasury
2021-07-26 00:00:00+00:00,ZN,gap,info_session_or_outage,gap of 3 days 00:00:00 (expected 1 days 00:00:00),treasury
2021-08-02 00:00:00+00:00,ZN,gap,info_session_or_outage,gap of 3 days 00:00:00 (expected 1 days 00:00:00),treasury
2021-08-09 00:00:00+00:00,ZN,gap,info_session_or_outage,gap of 3 days 00:00:00 (expected 1 days 00:00:00),treasury
2021-08-16 00:00:00+00:00,ZN,gap,info_session_or_outage,gap of 3 days 00:00:00 (expected 1 days 00:00:00),treasury
2021-08-23 00:00:00+00:00,ZN,gap,info_session_or_outage,gap of 3 days 00:00:00 (expected 1 days 00:00:00),treasury
2021-08-30 00:00:00+00:00,ZN,gap,info_session_or_outage,gap of 3 days 00:00:00 (expected 1 days 00:00:00),treasury
2021-09-07 00:00:00+00:00,ZN,gap,info_session_or_outage,gap of 4 days 00:00:00 (expected 1 days 00:00:00),treasury
2021-09-13 00:00:00+00:00,ZN,gap,info_session_or_outage,gap of 3 days 00:00:00 (expected 1 days 00:00:00),treasury
2021-09-20 00:00:00+00:00,ZN,gap,info_session_or_outage,gap of 3 days 00:00:00 (expected 1 days 00:00:00),treasury
2021-09-27 00:00:00+00:00,ZN,gap,info_session_or_outage,gap of 3 days 00:00:00 (expected 1 days 00:00:00),treasury
2021-10-04 00:00:00+00:00,ZN,gap,info_session_or_outage,gap of 3 days 00:00:00 (expected 1 days 00:00:00),treasury
2021-10-11 00:00:00+00:00,ZN,gap,info_session_or_outage,gap of 3 days 00:00:00 (expected 1 days 00:00:00),treasury
2021-10-18 00:00:00+00:00,ZN,gap,info_session_or_outage,gap of 3 days 00:00:00 (expected 1 days 00:00:00),treasury
2021-10-25 00:00:00+00:00,ZN,gap,info_session_or_outage,gap of 3 days 00:00:00 (expected 1 days 00:00:00),treasury
2021-11-01 00:00:00+00:00,ZN,gap,info_session_or_outage,gap of 3 days 00:00:00 (expected 1 days 00:00:00),treasury
2021-11-08 00:00:00+00:00,ZN,gap,info_session_or_outage,gap of 3 days 00:00:00 (expected 1 days 00:00:00),treasury
2021-11-15 00:00:00+00:00,ZN,gap,info_session_or_outage,gap of 3 days 00:00:00 (expected 1 days 00:00:00),treasury
2021-11-22 00:00:00+00:00,ZN,gap,info_session_or_outage,gap of 3 days 00:00:00 (expected 1 days 00:00:00),treasury
2021-11-26 00:00:00+00:00,ZN,gap,info_session_or_outage,gap of 2 days 00:00:00 (expected 1 days 00:00:00),treasury
2021-11-29 00:00:00+00:00,ZN,gap,info_session_or_outage,gap of 3 days 00:00:00 (expected 1 days 00:00:00),treasury
2021-12-06 00:00:00+00:00,ZN,gap,info_session_or_outage,gap of 3 days 00:00:00 (expected 1 days 00:00:00),treasury
2021-12-13 00:00:00+00:00,ZN,gap,info_session_or_outage,gap of 3 days 00:00:00 (expected 1 days 00:00:00),treasury
2021-12-20 00:00:00+00:00,ZN,gap,info_session_or_outage,gap of 3 days 00:00:00 (expected 1 days 00:00:00),treasury
2021-12-27 00:00:00+00:00,ZN,gap,info_session_or_outage,gap of 4 days 00:00:00 (expected 1 days 00:00:00),treasury
2022-01-03 00:00:00+00:00,ZN,gap,info_session_or_outage,gap of 3 days 00:00:00 (expected 1 days 00:00:00),treasury
2022-01-10 00:00:00+00:00,ZN,gap,info_session_or_outage,gap of 3 days 00:00:00 (expected 1 days 00:00:00),treasury
2022-01-18 00:00:00+00:00,ZN,gap,info_session_or_outage,gap of 4 days 00:00:00 (expected 1 days 00:00:00),treasury
2022-01-24 00:00:00+00:00,ZN,gap,info_session_or_outage,gap of 3 days 00:00:00 (expected 1 days 00:00:00),treasury
2022-01-31 00:00:00+00:00,ZN,gap,info_session_or_outage,gap of 3 days 00:00:00 (expected 1 days 00:00:00),treasury
2022-02-07 00:00:00+00:00,ZN,gap,info_session_or_outage,gap of 3 days 00:00:00 (expected 1 days 00:00:00),treasury
2022-02-14 00:00:00+00:00,ZN,gap,info_session_or_outage,gap of 3 days 00:00:00 (expected 1 days 00:00:00),treasury
2022-02-22 00:00:00+00:00,ZN,gap,info_session_or_outage,gap of 4 days 00:00:00 (expected 1 days 00:00:00),treasury
2022-02-28 00:00:00+00:00,ZN,gap,info_session_or_outage,gap of 3 days 00:00:00 (expected 1 days 00:00:00),treasury
2022-03-07 00:00:00+00:00,ZN,gap,info_session_or_outage,gap of 3 days 00:00:00 (expected 1 days 00:00:00),treasury
2022-03-14 00:00:00+00:00,ZN,gap,info_session_or_outage,gap of 3 days 00:00:00 (expected 1 days 00:00:00),treasury
2022-03-21 00:00:00+00:00,ZN,gap,info_session_or_outage,gap of 3 days 00:00:00 (expected 1 days 00:00:00),treasury
2022-03-28 00:00:00+00:00,ZN,gap,info_session_or_outage,gap of 3 days 00:00:00 (expected 1 days 00:00:00),treasury
2022-04-04 00:00:00+00:00,ZN,gap,info_session_or_outage,gap of 3 days 00:00:00 (expected 1 days 00:00:00),treasury
2022-04-11 00:00:00+00:00,ZN,gap,info_session_or_outage,gap of 3 days 00:00:00 (expected 1 days 00:00:00),treasury
2022-04-18 00:00:00+00:00,ZN,gap,info_session_or_outage,gap of 4 days 00:00:00 (expected 1 days 00:00:00),treasury
2022-04-25 00:00:00+00:00,ZN,gap,info_session_or_outage,gap of 3 days 00:00:00 (expected 1 days 00:00:00),treasury
2022-05-02 00:00:00+00:00,ZN,gap,info_session_or_outage,gap of 3 days 00:00:00 (expected 1 days 00:00:00),treasury
2022-05-09 00:00:00+00:00,ZN,gap,info_session_or_outage,gap of 3 days 00:00:00 (expected 1 days 00:00:00),treasury
2022-05-16 00:00:00+00:00,ZN,gap,info_session_or_outage,gap of 3 days 00:00:00 (expected 1 days 00:00:00),treasury
2022-05-23 00:00:00+00:00,ZN,gap,info_session_or_outage,gap of 3 days 00:00:00 (expected 1 days 00:00:00),treasury
2022-05-31 00:00:00+00:00,ZN,gap,info_session_or_outage,gap of 4 days 00:00:00 (expected 1 days 00:00:00),treasury
2022-06-06 00:00:00+00:00,ZN,gap,info_session_or_outage,gap of 3 days 00:00:00 (expected 1 days 00:00:00),treasury
2022-06-13 00:00:00+00:00,ZN,gap,info_session_or_outage,gap of 3 days 00:00:00 (expected 1 days 00:00:00),treasury
2022-06-21 00:00:00+00:00,ZN,gap,info_session_or_outage,gap of 4 days 00:00:00 (expected 1 days 00:00:00),treasury
2022-06-27 00:00:00+00:00,ZN,gap,info_session_or_outage,gap of 3 days 00:00:00 (expected 1 days 00:00:00),treasury
2022-07-05 00:00:00+00:00,ZN,gap,info_session_or_outage,gap of 4 days 00:00:00 (expected 1 days 00:00:00),treasury
2022-07-11 00:00:00+00:00,ZN,gap,info_session_or_outage,gap of 3 days 00:00:00 (expected 1 days 00:00:00),treasury
2022-07-18 00:00:00+00:00,ZN,gap,info_session_or_outage,gap of 3 days 00:00:00 (expected 1 days 00:00:00),treasury
2022-07-25 00:00:00+00:00,ZN,gap,info_session_or_outage,gap of 3 days 00:00:00 (expected 1 days 00:00:00),treasury
2022-08-01 00:00:00+00:00,ZN,gap,info_session_or_outage,gap of 3 days 00:00:00 (expected 1 days 00:00:00),treasury
2022-08-08 00:00:00+00:00,ZN,gap,info_session_or_outage,gap of 3 days 00:00:00 (expected 1 days 00:00:00),treasury
2022-08-15 00:00:00+00:00,ZN,gap,info_session_or_outage,gap of 3 days 00:00:00 (expected 1 days 00:00:00),treasury
2022-08-22 00:00:00+00:00,ZN,gap,info_session_or_outage,gap of 3 days 00:00:00 (expected 1 days 00:00:00),treasury
2022-08-29 00:00:00+00:00,ZN,gap,info_session_or_outage,gap of 3 days 00:00:00 (expected 1 days 00:00:00),treasury
2022-09-06 00:00:00+00:00,ZN,gap,info_session_or_outage,gap of 4 days 00:00:00 (expected 1 days 00:00:00),treasury
2022-09-12 00:00:00+00:00,ZN,gap,info_session_or_outage,gap of 3 days 00:00:00 (expected 1 days 00:00:00),treasury
2022-09-19 00:00:00+00:00,ZN,gap,info_session_or_outage,gap of 3 days 00:00:00 (expected 1 days 00:00:00),treasury
2022-09-26 00:00:00+00:00,ZN,gap,info_session_or_outage,gap of 3 days 00:00:00 (expected 1 days 00:00:00),treasury
2022-10-03 00:00:00+00:00,ZN,gap,info_session_or_outage,gap of 3 days 00:00:00 (expected 1 days 00:00:00),treasury
2022-10-10 00:00:00+00:00,ZN,gap,info_session_or_outage,gap of 3 days 00:00:00 (expected 1 days 00:00:00),treasury
2022-10-17 00:00:00+00:00,ZN,gap,info_session_or_outage,gap of 3 days 00:00:00 (expected 1 days 00:00:00),treasury
2022-10-24 00:00:00+00:00,ZN,gap,info_session_or_outage,gap of 3 days 00:00:00 (expected 1 days 00:00:00),treasury
2022-10-31 00:00:00+00:00,ZN,gap,info_session_or_outage,gap of 3 days 00:00:00 (expected 1 days 00:00:00),treasury
2022-11-07 00:00:00+00:00,ZN,gap,info_session_or_outage,gap of 3 days 00:00:00 (expected 1 days 00:00:00),treasury
2022-11-14 00:00:00+00:00,ZN,gap,info_session_or_outage,gap of 3 days 00:00:00 (expected 1 days 00:00:00),treasury
2022-11-21 00:00:00+00:00,ZN,gap,info_session_or_outage,gap of 3 days 00:00:00 (expected 1 days 00:00:00),treasury
2022-11-25 00:00:00+00:00,ZN,gap,info_session_or_outage,gap of 2 days 00:00:00 (expected 1 days 00:00:00),treasury
2022-11-28 00:00:00+00:00,ZN,gap,info_session_or_outage,gap of 3 days 00:00:00 (expected 1 days 00:00:00),treasury
2022-12-05 00:00:00+00:00,ZN,gap,info_session_or_outage,gap of 3 days 00:00:00 (expected 1 days 00:00:00),treasury
2022-12-12 00:00:00+00:00,ZN,gap,info_session_or_outage,gap of 3 days 00:00:00 (expected 1 days 00:00:00),treasury
2022-12-19 00:00:00+00:00,ZN,gap,info_session_or_outage,gap of 3 days 00:00:00 (expected 1 days 00:00:00),treasury
2022-12-27 00:00:00+00:00,ZN,gap,info_session_or_outage,gap of 4 days 00:00:00 (expected 1 days 00:00:00),treasury
2023-01-03 00:00:00+00:00,ZN,gap,info_session_or_outage,gap of 4 days 00:00:00 (expected 1 days 00:00:00),treasury
2023-01-09 00:00:00+00:00,ZN,gap,info_session_or_outage,gap of 3 days 00:00:00 (expected 1 days 00:00:00),treasury
2023-01-17 00:00:00+00:00,ZN,gap,info_session_or_outage,gap of 4 days 00:00:00 (expected 1 days 00:00:00),treasury
2023-01-23 00:00:00+00:00,ZN,gap,info_session_or_outage,gap of 3 days 00:00:00 (expected 1 days 00:00:00),treasury
2023-01-30 00:00:00+00:00,ZN,gap,info_session_or_outage,gap of 3 days 00:00:00 (expected 1 days 00:00:00),treasury
2023-02-06 00:00:00+00:00,ZN,gap,info_session_or_outage,gap of 3 days 00:00:00 (expected 1 days 00:00:00),treasury
2023-02-13 00:00:00+00:00,ZN,gap,info_session_or_outage,gap of 3 days 00:00:00 (expected 1 days 00:00:00),treasury
2023-02-21 00:00:00+00:00,ZN,gap,info_session_or_outage,gap of 4 days 00:00:00 (expected 1 days 00:00:00),treasury
2023-02-27 00:00:00+00:00,ZN,gap,info_session_or_outage,gap of 3 days 00:00:00 (expected 1 days 00:00:00),treasury
2023-03-06 00:00:00+00:00,ZN,gap,info_session_or_outage,gap of 3 days 00:00:00 (expected 1 days 00:00:00),treasury
2023-03-13 00:00:00+00:00,ZN,gap,info_session_or_outage,gap of 3 days 00:00:00 (expected 1 days 00:00:00),treasury
2023-03-20 00:00:00+00:00,ZN,gap,info_session_or_outage,gap of 3 days 00:00:00 (expected 1 days 00:00:00),treasury
2023-03-27 00:00:00+00:00,ZN,gap,info_session_or_outage,gap of 3 days 00:00:00 (expected 1 days 00:00:00),treasury
2023-04-03 00:00:00+00:00,ZN,gap,info_session_or_outage,gap of 3 days 00:00:00 (expected 1 days 00:00:00),treasury
2023-04-10 00:00:00+00:00,ZN,gap,info_session_or_outage,gap of 4 days 00:00:00 (expected 1 days 00:00:00),treasury
2023-04-17 00:00:00+00:00,ZN,gap,info_session_or_outage,gap of 3 days 00:00:00 (expected 1 days 00:00:00),treasury
2023-04-24 00:00:00+00:00,ZN,gap,info_session_or_outage,gap of 3 days 00:00:00 (expected 1 days 00:00:00),treasury
2023-05-01 00:00:00+00:00,ZN,gap,info_session_or_outage,gap of 3 days 00:00:00 (expected 1 days 00:00:00),treasury
2023-05-08 00:00:00+00:00,ZN,gap,info_session_or_outage,gap of 3 days 00:00:00 (expected 1 days 00:00:00),treasury
2023-05-15 00:00:00+00:00,ZN,gap,info_session_or_outage,gap of 3 days 00:00:00 (expected 1 days 00:00:00),treasury
2023-05-22 00:00:00+00:00,ZN,gap,info_session_or_outage,gap of 3 days 00:00:00 (expected 1 days 00:00:00),treasury
2023-05-30 00:00:00+00:00,ZN,gap,info_session_or_outage,gap of 4 days 00:00:00 (expected 1 days 00:00:00),treasury
2023-06-05 00:00:00+00:00,ZN,gap,info_session_or_outage,gap of 3 days 00:00:00 (expected 1 days 00:00:00),treasury
2023-06-12 00:00:00+00:00,ZN,gap,info_session_or_outage,gap of 3 days 00:00:00 (expected 1 days 00:00:00),treasury
2023-06-20 00:00:00+00:00,ZN,gap,info_session_or_outage,gap of 4 days 00:00:00 (expected 1 days 00:00:00),treasury
2023-06-26 00:00:00+00:00,ZN,gap,info_session_or_outage,gap of 3 days 00:00:00 (expected 1 days 00:00:00),treasury
2023-07-03 00:00:00+00:00,ZN,gap,info_session_or_outage,gap of 3 days 00:00:00 (expected 1 days 00:00:00),treasury
2023-07-05 00:00:00+00:00,ZN,gap,info_session_or_outage,gap of 2 days 00:00:00 (expected 1 days 00:00:00),treasury
2023-07-10 00:00:00+00:00,ZN,gap,info_session_or_outage,gap of 3 days 00:00:00 (expected 1 days 00:00:00),treasury
2023-07-17 00:00:00+00:00,ZN,gap,info_session_or_outage,gap of 3 days 00:00:00 (expected 1 days 00:00:00),treasury
2023-07-24 00:00:00+00:00,ZN,gap,info_session_or_outage,gap of 3 days 00:00:00 (expected 1 days 00:00:00),treasury
2023-07-31 00:00:00+00:00,ZN,gap,info_session_or_outage,gap of 3 days 00:00:00 (expected 1 days 00:00:00),treasury
2023-08-07 00:00:00+00:00,ZN,gap,info_session_or_outage,gap of 3 days 00:00:00 (expected 1 days 00:00:00),treasury
2023-08-14 00:00:00+00:00,ZN,gap,info_session_or_outage,gap of 3 days 00:00:00 (expected 1 days 00:00:00),treasury
2023-08-21 00:00:00+00:00,ZN,gap,info_session_or_outage,gap of 3 days 00:00:00 (expected 1 days 00:00:00),treasury
2023-08-28 00:00:00+00:00,ZN,gap,info_session_or_outage,gap of 3 days 00:00:00 (expected 1 days 00:00:00),treasury
2023-09-05 00:00:00+00:00,ZN,gap,info_session_or_outage,gap of 4 days 00:00:00 (expected 1 days 00:00:00),treasury
2023-09-11 00:00:00+00:00,ZN,gap,info_session_or_outage,gap of 3 days 00:00:00 (expected 1 days 00:00:00),treasury
2023-09-18 00:00:00+00:00,ZN,gap,info_session_or_outage,gap of 3 days 00:00:00 (expected 1 days 00:00:00),treasury
2023-09-25 00:00:00+00:00,ZN,gap,info_session_or_outage,gap of 3 days 00:00:00 (expected 1 days 00:00:00),treasury
2023-10-02 00:00:00+00:00,ZN,gap,info_session_or_outage,gap of 3 days 00:00:00 (expected 1 days 00:00:00),treasury
2023-10-09 00:00:00+00:00,ZN,gap,info_session_or_outage,gap of 3 days 00:00:00 (expected 1 days 00:00:00),treasury
2023-10-16 00:00:00+00:00,ZN,gap,info_session_or_outage,gap of 3 days 00:00:00 (expected 1 days 00:00:00),treasury
2023-10-23 00:00:00+00:00,ZN,gap,info_session_or_outage,gap of 3 days 00:00:00 (expected 1 days 00:00:00),treasury
2023-10-30 00:00:00+00:00,ZN,gap,info_session_or_outage,gap of 3 days 00:00:00 (expected 1 days 00:00:00),treasury
2023-11-06 00:00:00+00:00,ZN,gap,info_session_or_outage,gap of 3 days 00:00:00 (expected 1 days 00:00:00),treasury
2023-11-13 00:00:00+00:00,ZN,gap,info_session_or_outage,gap of 3 days 00:00:00 (expected 1 days 00:00:00),treasury
2023-11-20 00:00:00+00:00,ZN,gap,info_session_or_outage,gap of 3 days 00:00:00 (expected 1 days 00:00:00),treasury
2023-11-27 00:00:00+00:00,ZN,gap,info_session_or_outage,gap of 3 days 00:00:00 (expected 1 days 00:00:00),treasury
2023-12-04 00:00:00+00:00,ZN,gap,info_session_or_outage,gap of 3 days 00:00:00 (expected 1 days 00:00:00),treasury
2023-12-11 00:00:00+00:00,ZN,gap,info_session_or_outage,gap of 3 days 00:00:00 (expected 1 days 00:00:00),treasury
2023-12-18 00:00:00+00:00,ZN,gap,info_session_or_outage,gap of 3 days 00:00:00 (expected 1 days 00:00:00),treasury
2023-12-26 00:00:00+00:00,ZN,gap,info_session_or_outage,gap of 4 days 00:00:00 (expected 1 days 00:00:00),treasury
2024-01-02 00:00:00+00:00,ZN,gap,info_session_or_outage,gap of 4 days 00:00:00 (expected 1 days 00:00:00),treasury
2024-01-08 00:00:00+00:00,ZN,gap,info_session_or_outage,gap of 3 days 00:00:00 (expected 1 days 00:00:00),treasury
2024-01-16 00:00:00+00:00,ZN,gap,info_session_or_outage,gap of 4 days 00:00:00 (expected 1 days 00:00:00),treasury
2024-01-22 00:00:00+00:00,ZN,gap,info_session_or_outage,gap of 3 days 00:00:00 (expected 1 days 00:00:00),treasury
2024-01-29 00:00:00+00:00,ZN,gap,info_session_or_outage,gap of 3 days 00:00:00 (expected 1 days 00:00:00),treasury
2024-02-05 00:00:00+00:00,ZN,gap,info_session_or_outage,gap of 3 days 00:00:00 (expected 1 days 00:00:00),treasury
2024-02-12 00:00:00+00:00,ZN,gap,info_session_or_outage,gap of 3 days 00:00:00 (expected 1 days 00:00:00),treasury
2024-02-20 00:00:00+00:00,ZN,gap,info_session_or_outage,gap of 4 days 00:00:00 (expected 1 days 00:00:00),treasury
2024-02-26 00:00:00+00:00,ZN,gap,info_session_or_outage,gap of 3 days 00:00:00 (expected 1 days 00:00:00),treasury
2024-03-04 00:00:00+00:00,ZN,gap,info_session_or_outage,gap of 3 days 00:00:00 (expected 1 days 00:00:00),treasury
2024-03-11 00:00:00+00:00,ZN,gap,info_session_or_outage,gap of 3 days 00:00:00 (expected 1 days 00:00:00),treasury
2024-03-18 00:00:00+00:00,ZN,gap,info_session_or_outage,gap of 3 days 00:00:00 (expected 1 days 00:00:00),treasury
2024-03-25 00:00:00+00:00,ZN,gap,info_session_or_outage,gap of 3 days 00:00:00 (expected 1 days 00:00:00),treasury
2024-04-01 00:00:00+00:00,ZN,gap,info_session_or_outage,gap of 4 days 00:00:00 (expected 1 days 00:00:00),treasury
2024-04-08 00:00:00+00:00,ZN,gap,info_session_or_outage,gap of 3 days 00:00:00 (expected 1 days 00:00:00),treasury
2024-04-15 00:00:00+00:00,ZN,gap,info_session_or_outage,gap of 3 days 00:00:00 (expected 1 days 00:00:00),treasury
2024-04-22 00:00:00+00:00,ZN,gap,info_session_or_outage,gap of 3 days 00:00:00 (expected 1 days 00:00:00),treasury
2024-04-29 00:00:00+00:00,ZN,gap,info_session_or_outage,gap of 3 days 00:00:00 (expected 1 days 00:00:00),treasury
2024-05-06 00:00:00+00:00,ZN,gap,info_session_or_outage,gap of 3 days 00:00:00 (expected 1 days 00:00:00),treasury
2024-05-13 00:00:00+00:00,ZN,gap,info_session_or_outage,gap of 3 days 00:00:00 (expected 1 days 00:00:00),treasury
2024-05-20 00:00:00+00:00,ZN,gap,info_session_or_outage,gap of 3 days 00:00:00 (expected 1 days 00:00:00),treasury
2024-05-28 00:00:00+00:00,ZN,gap,info_session_or_outage,gap of 4 days 00:00:00 (expected 1 days 00:00:00),treasury
2024-06-03 00:00:00+00:00,ZN,gap,info_session_or_outage,gap of 3 days 00:00:00 (expected 1 days 00:00:00),treasury
2024-06-10 00:00:00+00:00,ZN,gap,info_session_or_outage,gap of 3 days 00:00:00 (expected 1 days 00:00:00),treasury
2024-06-17 00:00:00+00:00,ZN,gap,info_session_or_outage,gap of 3 days 00:00:00 (expected 1 days 00:00:00),treasury
2024-06-20 00:00:00+00:00,ZN,gap,info_session_or_outage,gap of 2 days 00:00:00 (expected 1 days 00:00:00),treasury
2024-06-24 00:00:00+00:00,ZN,gap,info_session_or_outage,gap of 3 days 00:00:00 (expected 1 days 00:00:00),treasury
2024-07-01 00:00:00+00:00,ZN,gap,info_session_or_outage,gap of 3 days 00:00:00 (expected 1 days 00:00:00),treasury
2024-07-05 00:00:00+00:00,ZN,gap,info_session_or_outage,gap of 2 days 00:00:00 (expected 1 days 00:00:00),treasury
2024-07-08 00:00:00+00:00,ZN,gap,info_session_or_outage,gap of 3 days 00:00:00 (expected 1 days 00:00:00),treasury
2024-07-15 00:00:00+00:00,ZN,gap,info_session_or_outage,gap of 3 days 00:00:00 (expected 1 days 00:00:00),treasury
2024-07-22 00:00:00+00:00,ZN,gap,info_session_or_outage,gap of 3 days 00:00:00 (expected 1 days 00:00:00),treasury
2024-07-29 00:00:00+00:00,ZN,gap,info_session_or_outage,gap of 3 days 00:00:00 (expected 1 days 00:00:00),treasury
2024-08-05 00:00:00+00:00,ZN,gap,info_session_or_outage,gap of 3 days 00:00:00 (expected 1 days 00:00:00),treasury
2024-08-12 00:00:00+00:00,ZN,gap,info_session_or_outage,gap of 3 days 00:00:00 (expected 1 days 00:00:00),treasury
2024-08-19 00:00:00+00:00,ZN,gap,info_session_or_outage,gap of 3 days 00:00:00 (expected 1 days 00:00:00),treasury
2024-08-26 00:00:00+00:00,ZN,gap,info_session_or_outage,gap of 3 days 00:00:00 (expected 1 days 00:00:00),treasury
2024-09-03 00:00:00+00:00,ZN,gap,info_session_or_outage,gap of 4 days 00:00:00 (expected 1 days 00:00:00),treasury
2024-09-09 00:00:00+00:00,ZN,gap,info_session_or_outage,gap of 3 days 00:00:00 (expected 1 days 00:00:00),treasury
2024-09-16 00:00:00+00:00,ZN,gap,info_session_or_outage,gap of 3 days 00:00:00 (expected 1 days 00:00:00),treasury
2024-09-23 00:00:00+00:00,ZN,gap,info_session_or_outage,gap of 3 days 00:00:00 (expected 1 days 00:00:00),treasury
2024-09-30 00:00:00+00:00,ZN,gap,info_session_or_outage,gap of 3 days 00:00:00 (expected 1 days 00:00:00),treasury
2024-10-07 00:00:00+00:00,ZN,gap,info_session_or_outage,gap of 3 days 00:00:00 (expected 1 days 00:00:00),treasury
2024-10-14 00:00:00+00:00,ZN,gap,info_session_or_outage,gap of 3 days 00:00:00 (expected 1 days 00:00:00),treasury
2024-10-21 00:00:00+00:00,ZN,gap,info_session_or_outage,gap of 3 days 00:00:00 (expected 1 days 00:00:00),treasury
2024-10-28 00:00:00+00:00,ZN,gap,info_session_or_outage,gap of 3 days 00:00:00 (expected 1 days 00:00:00),treasury
2024-11-04 00:00:00+00:00,ZN,gap,info_session_or_outage,gap of 3 days 00:00:00 (expected 1 days 00:00:00),treasury
2024-11-11 00:00:00+00:00,ZN,gap,info_session_or_outage,gap of 3 days 00:00:00 (expected 1 days 00:00:00),treasury
2024-11-18 00:00:00+00:00,ZN,gap,info_session_or_outage,gap of 3 days 00:00:00 (expected 1 days 00:00:00),treasury
2024-11-25 00:00:00+00:00,ZN,gap,info_session_or_outage,gap of 3 days 00:00:00 (expected 1 days 00:00:00),treasury
2024-11-29 00:00:00+00:00,ZN,gap,info_session_or_outage,gap of 2 days 00:00:00 (expected 1 days 00:00:00),treasury
2024-12-02 00:00:00+00:00,ZN,gap,info_session_or_outage,gap of 3 days 00:00:00 (expected 1 days 00:00:00),treasury
2024-12-09 00:00:00+00:00,ZN,gap,info_session_or_outage,gap of 3 days 00:00:00 (expected 1 days 00:00:00),treasury
2024-12-16 00:00:00+00:00,ZN,gap,info_session_or_outage,gap of 3 days 00:00:00 (expected 1 days 00:00:00),treasury
2024-12-23 00:00:00+00:00,ZN,gap,info_session_or_outage,gap of 3 days 00:00:00 (expected 1 days 00:00:00),treasury
2024-12-26 00:00:00+00:00,ZN,gap,info_session_or_outage,gap of 2 days 00:00:00 (expected 1 days 00:00:00),treasury
2024-12-30 00:00:00+00:00,ZN,gap,info_session_or_outage,gap of 3 days 00:00:00 (expected 1 days 00:00:00),treasury
2025-01-02 00:00:00+00:00,ZN,gap,info_session_or_outage,gap of 2 days 00:00:00 (expected 1 days 00:00:00),treasury
2025-01-06 00:00:00+00:00,ZN,gap,info_session_or_outage,gap of 3 days 00:00:00 (expected 1 days 00:00:00),treasury
2025-01-13 00:00:00+00:00,ZN,gap,info_session_or_outage,gap of 3 days 00:00:00 (expected 1 days 00:00:00),treasury
2025-01-21 00:00:00+00:00,ZN,gap,info_session_or_outage,gap of 4 days 00:00:00 (expected 1 days 00:00:00),treasury
2025-01-27 00:00:00+00:00,ZN,gap,info_session_or_outage,gap of 3 days 00:00:00 (expected 1 days 00:00:00),treasury
2025-02-03 00:00:00+00:00,ZN,gap,info_session_or_outage,gap of 3 days 00:00:00 (expected 1 days 00:00:00),treasury
2025-02-10 00:00:00+00:00,ZN,gap,info_session_or_outage,gap of 3 days 00:00:00 (expected 1 days 00:00:00),treasury
2025-02-18 00:00:00+00:00,ZN,gap,info_session_or_outage,gap of 4 days 00:00:00 (expected 1 days 00:00:00),treasury
2025-02-24 00:00:00+00:00,ZN,gap,info_session_or_outage,gap of 3 days 00:00:00 (expected 1 days 00:00:00),treasury
2025-03-03 00:00:00+00:00,ZN,gap,info_session_or_outage,gap of 3 days 00:00:00 (expected 1 days 00:00:00),treasury
2025-03-10 00:00:00+00:00,ZN,gap,info_session_or_outage,gap of 3 days 00:00:00 (expected 1 days 00:00:00),treasury
2025-03-17 00:00:00+00:00,ZN,gap,info_session_or_outage,gap of 3 days 00:00:00 (expected 1 days 00:00:00),treasury
2025-03-24 00:00:00+00:00,ZN,gap,info_session_or_outage,gap of 3 days 00:00:00 (expected 1 days 00:00:00),treasury
2025-03-31 00:00:00+00:00,ZN,gap,info_session_or_outage,gap of 3 days 00:00:00 (expected 1 days 00:00:00),treasury
2025-04-07 00:00:00+00:00,ZN,gap,info_session_or_outage,gap of 3 days 00:00:00 (expected 1 days 00:00:00),treasury
2025-04-14 00:00:00+00:00,ZN,gap,info_session_or_outage,gap of 3 days 00:00:00 (expected 1 days 00:00:00),treasury
2025-04-21 00:00:00+00:00,ZN,gap,info_session_or_outage,gap of 4 days 00:00:00 (expected 1 days 00:00:00),treasury
2025-04-28 00:00:00+00:00,ZN,gap,info_session_or_outage,gap of 3 days 00:00:00 (expected 1 days 00:00:00),treasury
2025-05-05 00:00:00+00:00,ZN,gap,info_session_or_outage,gap of 3 days 00:00:00 (expected 1 days 00:00:00),treasury
2025-05-12 00:00:00+00:00,ZN,gap,info_session_or_outage,gap of 3 days 00:00:00 (expected 1 days 00:00:00),treasury
2025-05-19 00:00:00+00:00,ZN,gap,info_session_or_outage,gap of 3 days 00:00:00 (expected 1 days 00:00:00),treasury
2025-05-27 00:00:00+00:00,ZN,gap,info_session_or_outage,gap of 4 days 00:00:00 (expected 1 days 00:00:00),treasury
2025-06-02 00:00:00+00:00,ZN,gap,info_session_or_outage,gap of 3 days 00:00:00 (expected 1 days 00:00:00),treasury
2025-06-09 00:00:00+00:00,ZN,gap,info_session_or_outage,gap of 3 days 00:00:00 (expected 1 days 00:00:00),treasury
2025-06-16 00:00:00+00:00,ZN,gap,info_session_or_outage,gap of 3 days 00:00:00 (expected 1 days 00:00:00),treasury
2025-06-20 00:00:00+00:00,ZN,gap,info_session_or_outage,gap of 2 days 00:00:00 (expected 1 days 00:00:00),treasury
2025-06-23 00:00:00+00:00,ZN,gap,info_session_or_outage,gap of 3 days 00:00:00 (expected 1 days 00:00:00),treasury
2025-06-30 00:00:00+00:00,ZN,gap,info_session_or_outage,gap of 3 days 00:00:00 (expected 1 days 00:00:00),treasury
2025-07-07 00:00:00+00:00,ZN,gap,info_session_or_outage,gap of 3 days 00:00:00 (expected 1 days 00:00:00),treasury
2025-07-14 00:00:00+00:00,ZN,gap,info_session_or_outage,gap of 3 days 00:00:00 (expected 1 days 00:00:00),treasury
2025-07-21 00:00:00+00:00,ZN,gap,info_session_or_outage,gap of 3 days 00:00:00 (expected 1 days 00:00:00),treasury
2025-07-28 00:00:00+00:00,ZN,gap,info_session_or_outage,gap of 3 days 00:00:00 (expected 1 days 00:00:00),treasury
2025-08-04 00:00:00+00:00,ZN,gap,info_session_or_outage,gap of 3 days 00:00:00 (expected 1 days 00:00:00),treasury
2025-08-11 00:00:00+00:00,ZN,gap,info_session_or_outage,gap of 3 days 00:00:00 (expected 1 days 00:00:00),treasury
2025-08-18 00:00:00+00:00,ZN,gap,info_session_or_outage,gap of 3 days 00:00:00 (expected 1 days 00:00:00),treasury
2025-08-25 00:00:00+00:00,ZN,gap,info_session_or_outage,gap of 3 days 00:00:00 (expected 1 days 00:00:00),treasury
2025-09-02 00:00:00+00:00,ZN,gap,info_session_or_outage,gap of 4 days 00:00:00 (expected 1 days 00:00:00),treasury
2025-09-08 00:00:00+00:00,ZN,gap,info_session_or_outage,gap of 3 days 00:00:00 (expected 1 days 00:00:00),treasury
2025-09-15 00:00:00+00:00,ZN,gap,info_session_or_outage,gap of 3 days 00:00:00 (expected 1 days 00:00:00),treasury
2025-09-22 00:00:00+00:00,ZN,gap,info_session_or_outage,gap of 3 days 00:00:00 (expected 1 days 00:00:00),treasury
2025-09-29 00:00:00+00:00,ZN,gap,info_session_or_outage,gap of 3 days 00:00:00 (expected 1 days 00:00:00),treasury
2025-10-06 00:00:00+00:00,ZN,gap,info_session_or_outage,gap of 3 days 00:00:00 (expected 1 days 00:00:00),treasury
2025-10-13 00:00:00+00:00,ZN,gap,info_session_or_outage,gap of 3 days 00:00:00 (expected 1 days 00:00:00),treasury
2025-10-20 00:00:00+00:00,ZN,gap,info_session_or_outage,gap of 3 days 00:00:00 (expected 1 days 00:00:00),treasury
2025-10-27 00:00:00+00:00,ZN,gap,info_session_or_outage,gap of 3 days 00:00:00 (expected 1 days 00:00:00),treasury
2025-11-03 00:00:00+00:00,ZN,gap,info_session_or_outage,gap of 3 days 00:00:00 (expected 1 days 00:00:00),treasury
2025-11-10 00:00:00+00:00,ZN,gap,info_session_or_outage,gap of 3 days 00:00:00 (expected 1 days 00:00:00),treasury
2025-11-17 00:00:00+00:00,ZN,gap,info_session_or_outage,gap of 3 days 00:00:00 (expected 1 days 00:00:00),treasury
2025-11-24 00:00:00+00:00,ZN,gap,info_session_or_outage,gap of 3 days 00:00:00 (expected 1 days 00:00:00),treasury
2025-11-28 00:00:00+00:00,ZN,gap,info_session_or_outage,gap of 2 days 00:00:00 (expected 1 days 00:00:00),treasury
2025-12-01 00:00:00+00:00,ZN,gap,info_session_or_outage,gap of 3 days 00:00:00 (expected 1 days 00:00:00),treasury
2025-12-08 00:00:00+00:00,ZN,gap,info_session_or_outage,gap of 3 days 00:00:00 (expected 1 days 00:00:00),treasury
2025-12-15 00:00:00+00:00,ZN,gap,info_session_or_outage,gap of 3 days 00:00:00 (expected 1 days 00:00:00),treasury
2025-12-22 00:00:00+00:00,ZN,gap,info_session_or_outage,gap of 3 days 00:00:00 (expected 1 days 00:00:00),treasury
2025-12-26 00:00:00+00:00,ZN,gap,info_session_or_outage,gap of 2 days 00:00:00 (expected 1 days 00:00:00),treasury
2025-12-29 00:00:00+00:00,ZN,gap,info_session_or_outage,gap of 3 days 00:00:00 (expected 1 days 00:00:00),treasury
2026-01-02 00:00:00+00:00,ZN,gap,info_session_or_outage,gap of 2 days 00:00:00 (expected 1 days 00:00:00),treasury
2026-01-05 00:00:00+00:00,ZN,gap,info_session_or_outage,gap of 3 days 00:00:00 (expected 1 days 00:00:00),treasury
2026-01-12 00:00:00+00:00,ZN,gap,info_session_or_outage,gap of 3 days 00:00:00 (expected 1 days 00:00:00),treasury
2026-01-20 00:00:00+00:00,ZN,gap,info_session_or_outage,gap of 4 days 00:00:00 (expected 1 days 00:00:00),treasury
2026-01-26 00:00:00+00:00,ZN,gap,info_session_or_outage,gap of 3 days 00:00:00 (expected 1 days 00:00:00),treasury
2026-02-02 00:00:00+00:00,ZN,gap,info_session_or_outage,gap of 3 days 00:00:00 (expected 1 days 00:00:00),treasury
2026-02-09 00:00:00+00:00,ZN,gap,info_session_or_outage,gap of 3 days 00:00:00 (expected 1 days 00:00:00),treasury
2026-02-17 00:00:00+00:00,ZN,gap,info_session_or_outage,gap of 4 days 00:00:00 (expected 1 days 00:00:00),treasury
2026-02-23 00:00:00+00:00,ZN,gap,info_session_or_outage,gap of 3 days 00:00:00 (expected 1 days 00:00:00),treasury
2026-03-02 00:00:00+00:00,ZN,gap,info_session_or_outage,gap of 3 days 00:00:00 (expected 1 days 00:00:00),treasury
2026-03-09 00:00:00+00:00,ZN,gap,info_session_or_outage,gap of 3 days 00:00:00 (expected 1 days 00:00:00),treasury
2026-03-16 00:00:00+00:00,ZN,gap,info_session_or_outage,gap of 3 days 00:00:00 (expected 1 days 00:00:00),treasury
2026-03-23 00:00:00+00:00,ZN,gap,info_session_or_outage,gap of 3 days 00:00:00 (expected 1 days 00:00:00),treasury
2026-03-30 00:00:00+00:00,ZN,gap,info_session_or_outage,gap of 3 days 00:00:00 (expected 1 days 00:00:00),treasury
2026-04-06 00:00:00+00:00,ZN,gap,info_session_or_outage,gap of 4 days 00:00:00 (expected 1 days 00:00:00),treasury
2026-04-13 00:00:00+00:00,ZN,gap,info_session_or_outage,gap of 3 days 00:00:00 (expected 1 days 00:00:00),treasury
2026-04-20 00:00:00+00:00,ZN,gap,info_session_or_outage,gap of 3 days 00:00:00 (expected 1 days 00:00:00),treasury
2026-04-27 00:00:00+00:00,ZN,gap,info_session_or_outage,gap of 3 days 00:00:00 (expected 1 days 00:00:00),treasury
2026-05-04 00:00:00+00:00,ZN,gap,info_session_or_outage,gap of 3 days 00:00:00 (expected 1 days 00:00:00),treasury
2026-05-11 00:00:00+00:00,ZN,gap,info_session_or_outage,gap of 3 days 00:00:00 (expected 1 days 00:00:00),treasury
2026-05-18 00:00:00+00:00,ZN,gap,info_session_or_outage,gap of 3 days 00:00:00 (expected 1 days 00:00:00),treasury
2026-05-26 00:00:00+00:00,ZN,gap,info_session_or_outage,gap of 4 days 00:00:00 (expected 1 days 00:00:00),treasury
2026-06-01 00:00:00+00:00,ZN,gap,info_session_or_outage,gap of 3 days 00:00:00 (expected 1 days 00:00:00),treasury
2026-06-08 00:00:00+00:00,ZN,gap,info_session_or_outage,gap of 3 days 00:00:00 (expected 1 days 00:00:00),treasury
2026-06-15 00:00:00+00:00,ZN,gap,info_session_or_outage,gap of 3 days 00:00:00 (expected 1 days 00:00:00),treasury
2026-06-22 00:00:00+00:00,ZN,gap,info_session_or_outage,gap of 4 days 00:00:00 (expected 1 days 00:00:00),treasury
2026-06-29 00:00:00+00:00,ZN,gap,info_session_or_outage,gap of 3 days 00:00:00 (expected 1 days 00:00:00),treasury
2026-07-06 00:00:00+00:00,ZN,gap,info_session_or_outage,gap of 4 days 00:00:00 (expected 1 days 00:00:00),treasury
2026-07-13 00:00:00+00:00,ZN,gap,info_session_or_outage,gap of 3 days 00:00:00 (expected 1 days 00:00:00),treasury
2026-07-20 00:00:00+00:00,ZN,gap,info_session_or_outage,gap of 3 days 00:00:00 (expected 1 days 00:00:00),treasury
2026-07-27 00:00:00+00:00,ZN,gap,info_session_or_outage,gap of 3 days 00:00:00 (expected 1 days 00:00:00),treasury
2010-01-11 00:00:00+00:00,ZB,gap,info_session_or_outage,gap of 3 days 00:00:00 (expected 1 days 00:00:00),treasury
2010-01-19 00:00:00+00:00,ZB,gap,info_session_or_outage,gap of 4 days 00:00:00 (expected 1 days 00:00:00),treasury
2010-01-25 00:00:00+00:00,ZB,gap,info_session_or_outage,gap of 3 days 00:00:00 (expected 1 days 00:00:00),treasury
2010-02-01 00:00:00+00:00,ZB,gap,info_session_or_outage,gap of 3 days 00:00:00 (expected 1 days 00:00:00),treasury
2010-02-08 00:00:00+00:00,ZB,gap,info_session_or_outage,gap of 3 days 00:00:00 (expected 1 days 00:00:00),treasury
2010-02-16 00:00:00+00:00,ZB,gap,info_session_or_outage,gap of 4 days 00:00:00 (expected 1 days 00:00:00),treasury
2010-02-22 00:00:00+00:00,ZB,gap,info_session_or_outage,gap of 3 days 00:00:00 (expected 1 days 00:00:00),treasury
2010-03-01 00:00:00+00:00,ZB,gap,info_session_or_outage,gap of 3 days 00:00:00 (expected 1 days 00:00:00),treasury
2010-03-08 00:00:00+00:00,ZB,gap,info_session_or_outage,gap of 3 days 00:00:00 (expected 1 days 00:00:00),treasury
2010-03-15 00:00:00+00:00,ZB,gap,info_session_or_outage,gap of 3 days 00:00:00 (expected 1 days 00:00:00),treasury
2010-03-22 00:00:00+00:00,ZB,gap,info_session_or_outage,gap of 3 days 00:00:00 (expected 1 days 00:00:00),treasury
2010-03-29 00:00:00+00:00,ZB,gap,info_session_or_outage,gap of 3 days 00:00:00 (expected 1 days 00:00:00),treasury
2010-04-05 00:00:00+00:00,ZB,gap,info_session_or_outage,gap of 4 days 00:00:00 (expected 1 days 00:00:00),treasury
2010-04-12 00:00:00+00:00,ZB,gap,info_session_or_outage,gap of 3 days 00:00:00 (expected 1 days 00:00:00),treasury
2010-04-19 00:00:00+00:00,ZB,gap,info_session_or_outage,gap of 3 days 00:00:00 (expected 1 days 00:00:00),treasury
2010-04-26 00:00:00+00:00,ZB,gap,info_session_or_outage,gap of 3 days 00:00:00 (expected 1 days 00:00:00),treasury
2010-05-03 00:00:00+00:00,ZB,gap,info_session_or_outage,gap of 3 days 00:00:00 (expected 1 days 00:00:00),treasury
2010-05-10 00:00:00+00:00,ZB,gap,info_session_or_outage,gap of 3 days 00:00:00 (expected 1 days 00:00:00),treasury
2010-05-17 00:00:00+00:00,ZB,gap,info_session_or_outage,gap of 3 days 00:00:00 (expected 1 days 00:00:00),treasury
2010-05-24 00:00:00+00:00,ZB,gap,info_session_or_outage,gap of 3 days 00:00:00 (expected 1 days 00:00:00),treasury
2010-06-01 00:00:00+00:00,ZB,gap,info_session_or_outage,gap of 4 days 00:00:00 (expected 1 days 00:00:00),treasury
2010-06-07 00:00:00+00:00,ZB,gap,info_session_or_outage,gap of 3 days 00:00:00 (expected 1 days 00:00:00),treasury
2010-06-14 00:00:00+00:00,ZB,gap,info_session_or_outage,gap of 3 days 00:00:00 (expected 1 days 00:00:00),treasury
2010-06-21 00:00:00+00:00,ZB,gap,info_session_or_outage,gap of 3 days 00:00:00 (expected 1 days 00:00:00),treasury
2010-06-28 00:00:00+00:00,ZB,gap,info_session_or_outage,gap of 3 days 00:00:00 (expected 1 days 00:00:00),treasury
2010-07-06 00:00:00+00:00,ZB,gap,info_session_or_outage,gap of 4 days 00:00:00 (expected 1 days 00:00:00),treasury
2010-07-12 00:00:00+00:00,ZB,gap,info_session_or_outage,gap of 3 days 00:00:00 (expected 1 days 00:00:00),treasury
2010-07-19 00:00:00+00:00,ZB,gap,info_session_or_outage,gap of 3 days 00:00:00 (expected 1 days 00:00:00),treasury
2010-07-26 00:00:00+00:00,ZB,gap,info_session_or_outage,gap of 3 days 00:00:00 (expected 1 days 00:00:00),treasury
2010-08-02 00:00:00+00:00,ZB,gap,info_session_or_outage,gap of 3 days 00:00:00 (expected 1 days 00:00:00),treasury
2010-08-09 00:00:00+00:00,ZB,gap,info_session_or_outage,gap of 3 days 00:00:00 (expected 1 days 00:00:00),treasury
2010-08-16 00:00:00+00:00,ZB,gap,info_session_or_outage,gap of 3 days 00:00:00 (expected 1 days 00:00:00),treasury
2010-08-23 00:00:00+00:00,ZB,gap,info_session_or_outage,gap of 3 days 00:00:00 (expected 1 days 00:00:00),treasury
2010-08-30 00:00:00+00:00,ZB,gap,info_session_or_outage,gap of 3 days 00:00:00 (expected 1 days 00:00:00),treasury
2010-09-07 00:00:00+00:00,ZB,gap,info_session_or_outage,gap of 4 days 00:00:00 (expected 1 days 00:00:00),treasury
2010-09-13 00:00:00+00:00,ZB,gap,info_session_or_outage,gap of 3 days 00:00:00 (expected 1 days 00:00:00),treasury
2010-09-20 00:00:00+00:00,ZB,gap,info_session_or_outage,gap of 3 days 00:00:00 (expected 1 days 00:00:00),treasury
2010-09-27 00:00:00+00:00,ZB,gap,info_session_or_outage,gap of 3 days 00:00:00 (expected 1 days 00:00:00),treasury
2010-10-04 00:00:00+00:00,ZB,gap,info_session_or_outage,gap of 3 days 00:00:00 (expected 1 days 00:00:00),treasury
2010-10-11 00:00:00+00:00,ZB,gap,info_session_or_outage,gap of 3 days 00:00:00 (expected 1 days 00:00:00),treasury
2010-10-18 00:00:00+00:00,ZB,gap,info_session_or_outage,gap of 3 days 00:00:00 (expected 1 days 00:00:00),treasury
2010-10-25 00:00:00+00:00,ZB,gap,info_session_or_outage,gap of 3 days 00:00:00 (expected 1 days 00:00:00),treasury
2010-11-01 00:00:00+00:00,ZB,gap,info_session_or_outage,gap of 3 days 00:00:00 (expected 1 days 00:00:00),treasury
2010-11-08 00:00:00+00:00,ZB,gap,info_session_or_outage,gap of 3 days 00:00:00 (expected 1 days 00:00:00),treasury
2010-11-15 00:00:00+00:00,ZB,gap,info_session_or_outage,gap of 3 days 00:00:00 (expected 1 days 00:00:00),treasury
2010-11-22 00:00:00+00:00,ZB,gap,info_session_or_outage,gap of 3 days 00:00:00 (expected 1 days 00:00:00),treasury
2010-11-26 00:00:00+00:00,ZB,gap,info_session_or_outage,gap of 2 days 00:00:00 (expected 1 days 00:00:00),treasury
2010-11-29 00:00:00+00:00,ZB,gap,info_session_or_outage,gap of 3 days 00:00:00 (expected 1 days 00:00:00),treasury
2010-12-06 00:00:00+00:00,ZB,gap,info_session_or_outage,gap of 3 days 00:00:00 (expected 1 days 00:00:00),treasury
2010-12-13 00:00:00+00:00,ZB,gap,info_session_or_outage,gap of 3 days 00:00:00 (expected 1 days 00:00:00),treasury
2010-12-20 00:00:00+00:00,ZB,gap,info_session_or_outage,gap of 3 days 00:00:00 (expected 1 days 00:00:00),treasury
2010-12-27 00:00:00+00:00,ZB,gap,info_session_or_outage,gap of 4 days 00:00:00 (expected 1 days 00:00:00),treasury
2011-01-03 00:00:00+00:00,ZB,gap,info_session_or_outage,gap of 3 days 00:00:00 (expected 1 days 00:00:00),treasury
2011-01-10 00:00:00+00:00,ZB,gap,info_session_or_outage,gap of 3 days 00:00:00 (expected 1 days 00:00:00),treasury
2011-01-18 00:00:00+00:00,ZB,gap,info_session_or_outage,gap of 4 days 00:00:00 (expected 1 days 00:00:00),treasury
2011-01-24 00:00:00+00:00,ZB,gap,info_session_or_outage,gap of 3 days 00:00:00 (expected 1 days 00:00:00),treasury
2011-01-31 00:00:00+00:00,ZB,gap,info_session_or_outage,gap of 3 days 00:00:00 (expected 1 days 00:00:00),treasury
2011-02-07 00:00:00+00:00,ZB,gap,info_session_or_outage,gap of 3 days 00:00:00 (expected 1 days 00:00:00),treasury
2011-02-14 00:00:00+00:00,ZB,gap,info_session_or_outage,gap of 3 days 00:00:00 (expected 1 days 00:00:00),treasury
2011-02-22 00:00:00+00:00,ZB,gap,info_session_or_outage,gap of 4 days 00:00:00 (expected 1 days 00:00:00),treasury
2011-02-28 00:00:00+00:00,ZB,gap,info_session_or_outage,gap of 3 days 00:00:00 (expected 1 days 00:00:00),treasury
2011-03-07 00:00:00+00:00,ZB,gap,info_session_or_outage,gap of 3 days 00:00:00 (expected 1 days 00:00:00),treasury
2011-03-14 00:00:00+00:00,ZB,gap,info_session_or_outage,gap of 3 days 00:00:00 (expected 1 days 00:00:00),treasury
2011-03-21 00:00:00+00:00,ZB,gap,info_session_or_outage,gap of 3 days 00:00:00 (expected 1 days 00:00:00),treasury
2011-03-28 00:00:00+00:00,ZB,gap,info_session_or_outage,gap of 3 days 00:00:00 (expected 1 days 00:00:00),treasury
2011-04-04 00:00:00+00:00,ZB,gap,info_session_or_outage,gap of 3 days 00:00:00 (expected 1 days 00:00:00),treasury
2011-04-11 00:00:00+00:00,ZB,gap,info_session_or_outage,gap of 3 days 00:00:00 (expected 1 days 00:00:00),treasury
2011-04-18 00:00:00+00:00,ZB,gap,info_session_or_outage,gap of 3 days 00:00:00 (expected 1 days 00:00:00),treasury
2011-04-25 00:00:00+00:00,ZB,gap,info_session_or_outage,gap of 4 days 00:00:00 (expected 1 days 00:00:00),treasury
2011-05-02 00:00:00+00:00,ZB,gap,info_session_or_outage,gap of 3 days 00:00:00 (expected 1 days 00:00:00),treasury
2011-05-09 00:00:00+00:00,ZB,gap,info_session_or_outage,gap of 3 days 00:00:00 (expected 1 days 00:00:00),treasury
2011-05-16 00:00:00+00:00,ZB,gap,info_session_or_outage,gap of 3 days 00:00:00 (expected 1 days 00:00:00),treasury
2011-05-23 00:00:00+00:00,ZB,gap,info_session_or_outage,gap of 3 days 00:00:00 (expected 1 days 00:00:00),treasury
2011-05-31 00:00:00+00:00,ZB,gap,info_session_or_outage,gap of 4 days 00:00:00 (expected 1 days 00:00:00),treasury
2011-06-06 00:00:00+00:00,ZB,gap,info_session_or_outage,gap of 3 days 00:00:00 (expected 1 days 00:00:00),treasury
2011-06-13 00:00:00+00:00,ZB,gap,info_session_or_outage,gap of 3 days 00:00:00 (expected 1 days 00:00:00),treasury
2011-06-20 00:00:00+00:00,ZB,gap,info_session_or_outage,gap of 3 days 00:00:00 (expected 1 days 00:00:00),treasury
2011-06-27 00:00:00+00:00,ZB,gap,info_session_or_outage,gap of 3 days 00:00:00 (expected 1 days 00:00:00),treasury
2011-07-05 00:00:00+00:00,ZB,gap,info_session_or_outage,gap of 4 days 00:00:00 (expected 1 days 00:00:00),treasury
2011-07-11 00:00:00+00:00,ZB,gap,info_session_or_outage,gap of 3 days 00:00:00 (expected 1 days 00:00:00),treasury
2011-07-18 00:00:00+00:00,ZB,gap,info_session_or_outage,gap of 3 days 00:00:00 (expected 1 days 00:00:00),treasury
2011-07-25 00:00:00+00:00,ZB,gap,info_session_or_outage,gap of 3 days 00:00:00 (expected 1 days 00:00:00),treasury
2011-08-01 00:00:00+00:00,ZB,gap,info_session_or_outage,gap of 3 days 00:00:00 (expected 1 days 00:00:00),treasury
2011-08-08 00:00:00+00:00,ZB,gap,info_session_or_outage,gap of 3 days 00:00:00 (expected 1 days 00:00:00),treasury
2011-08-15 00:00:00+00:00,ZB,gap,info_session_or_outage,gap of 3 days 00:00:00 (expected 1 days 00:00:00),treasury
2011-08-22 00:00:00+00:00,ZB,gap,info_session_or_outage,gap of 3 days 00:00:00 (expected 1 days 00:00:00),treasury
2011-08-29 00:00:00+00:00,ZB,gap,info_session_or_outage,gap of 3 days 00:00:00 (expected 1 days 00:00:00),treasury
2011-09-06 00:00:00+00:00,ZB,gap,info_session_or_outage,gap of 4 days 00:00:00 (expected 1 days 00:00:00),treasury
2011-09-12 00:00:00+00:00,ZB,gap,info_session_or_outage,gap of 3 days 00:00:00 (expected 1 days 00:00:00),treasury
2011-09-19 00:00:00+00:00,ZB,gap,info_session_or_outage,gap of 3 days 00:00:00 (expected 1 days 00:00:00),treasury
2011-09-26 00:00:00+00:00,ZB,gap,info_session_or_outage,gap of 3 days 00:00:00 (expected 1 days 00:00:00),treasury
2011-10-03 00:00:00+00:00,ZB,gap,info_session_or_outage,gap of 3 days 00:00:00 (expected 1 days 00:00:00),treasury
2011-10-10 00:00:00+00:00,ZB,gap,info_session_or_outage,gap of 3 days 00:00:00 (expected 1 days 00:00:00),treasury
2011-10-17 00:00:00+00:00,ZB,gap,info_session_or_outage,gap of 3 days 00:00:00 (expected 1 days 00:00:00),treasury
2011-10-24 00:00:00+00:00,ZB,gap,info_session_or_outage,gap of 3 days 00:00:00 (expected 1 days 00:00:00),treasury
2011-10-31 00:00:00+00:00,ZB,gap,info_session_or_outage,gap of 3 days 00:00:00 (expected 1 days 00:00:00),treasury
2011-11-07 00:00:00+00:00,ZB,gap,info_session_or_outage,gap of 3 days 00:00:00 (expected 1 days 00:00:00),treasury
2011-11-14 00:00:00+00:00,ZB,gap,info_session_or_outage,gap of 3 days 00:00:00 (expected 1 days 00:00:00),treasury
2011-11-21 00:00:00+00:00,ZB,gap,info_session_or_outage,gap of 3 days 00:00:00 (expected 1 days 00:00:00),treasury
2011-11-25 00:00:00+00:00,ZB,gap,info_session_or_outage,gap of 2 days 00:00:00 (expected 1 days 00:00:00),treasury
2011-11-28 00:00:00+00:00,ZB,gap,info_session_or_outage,gap of 3 days 00:00:00 (expected 1 days 00:00:00),treasury
2011-12-05 00:00:00+00:00,ZB,gap,info_session_or_outage,gap of 3 days 00:00:00 (expected 1 days 00:00:00),treasury
2011-12-12 00:00:00+00:00,ZB,gap,info_session_or_outage,gap of 3 days 00:00:00 (expected 1 days 00:00:00),treasury
2011-12-19 00:00:00+00:00,ZB,gap,info_session_or_outage,gap of 3 days 00:00:00 (expected 1 days 00:00:00),treasury
2011-12-27 00:00:00+00:00,ZB,gap,info_session_or_outage,gap of 4 days 00:00:00 (expected 1 days 00:00:00),treasury
2012-01-03 00:00:00+00:00,ZB,gap,info_session_or_outage,gap of 4 days 00:00:00 (expected 1 days 00:00:00),treasury
2012-01-09 00:00:00+00:00,ZB,gap,info_session_or_outage,gap of 3 days 00:00:00 (expected 1 days 00:00:00),treasury
2012-01-17 00:00:00+00:00,ZB,gap,info_session_or_outage,gap of 4 days 00:00:00 (expected 1 days 00:00:00),treasury
2012-01-23 00:00:00+00:00,ZB,gap,info_session_or_outage,gap of 3 days 00:00:00 (expected 1 days 00:00:00),treasury
2012-01-30 00:00:00+00:00,ZB,gap,info_session_or_outage,gap of 3 days 00:00:00 (expected 1 days 00:00:00),treasury
2012-02-06 00:00:00+00:00,ZB,gap,info_session_or_outage,gap of 3 days 00:00:00 (expected 1 days 00:00:00),treasury
2012-02-13 00:00:00+00:00,ZB,gap,info_session_or_outage,gap of 3 days 00:00:00 (expected 1 days 00:00:00),treasury
2012-02-21 00:00:00+00:00,ZB,gap,info_session_or_outage,gap of 4 days 00:00:00 (expected 1 days 00:00:00),treasury
2012-02-27 00:00:00+00:00,ZB,gap,info_session_or_outage,gap of 3 days 00:00:00 (expected 1 days 00:00:00),treasury
2012-03-05 00:00:00+00:00,ZB,gap,info_session_or_outage,gap of 3 days 00:00:00 (expected 1 days 00:00:00),treasury
2012-03-12 00:00:00+00:00,ZB,gap,info_session_or_outage,gap of 3 days 00:00:00 (expected 1 days 00:00:00),treasury
2012-03-19 00:00:00+00:00,ZB,gap,info_session_or_outage,gap of 3 days 00:00:00 (expected 1 days 00:00:00),treasury
2012-03-26 00:00:00+00:00,ZB,gap,info_session_or_outage,gap of 3 days 00:00:00 (expected 1 days 00:00:00),treasury
2012-04-02 00:00:00+00:00,ZB,gap,info_session_or_outage,gap of 3 days 00:00:00 (expected 1 days 00:00:00),treasury
2012-04-09 00:00:00+00:00,ZB,gap,info_session_or_outage,gap of 4 days 00:00:00 (expected 1 days 00:00:00),treasury
2012-04-16 00:00:00+00:00,ZB,gap,info_session_or_outage,gap of 3 days 00:00:00 (expected 1 days 00:00:00),treasury
2012-04-23 00:00:00+00:00,ZB,gap,info_session_or_outage,gap of 3 days 00:00:00 (expected 1 days 00:00:00),treasury
2012-04-30 00:00:00+00:00,ZB,gap,info_session_or_outage,gap of 3 days 00:00:00 (expected 1 days 00:00:00),treasury
2012-05-07 00:00:00+00:00,ZB,gap,info_session_or_outage,gap of 3 days 00:00:00 (expected 1 days 00:00:00),treasury
2012-05-14 00:00:00+00:00,ZB,gap,info_session_or_outage,gap of 3 days 00:00:00 (expected 1 days 00:00:00),treasury
2012-05-21 00:00:00+00:00,ZB,gap,info_session_or_outage,gap of 3 days 00:00:00 (expected 1 days 00:00:00),treasury
2012-05-29 00:00:00+00:00,ZB,gap,info_session_or_outage,gap of 4 days 00:00:00 (expected 1 days 00:00:00),treasury
2012-06-04 00:00:00+00:00,ZB,gap,info_session_or_outage,gap of 3 days 00:00:00 (expected 1 days 00:00:00),treasury
2012-06-11 00:00:00+00:00,ZB,gap,info_session_or_outage,gap of 3 days 00:00:00 (expected 1 days 00:00:00),treasury
2012-06-18 00:00:00+00:00,ZB,gap,info_session_or_outage,gap of 3 days 00:00:00 (expected 1 days 00:00:00),treasury
2012-06-25 00:00:00+00:00,ZB,gap,info_session_or_outage,gap of 3 days 00:00:00 (expected 1 days 00:00:00),treasury
2012-07-02 00:00:00+00:00,ZB,gap,info_session_or_outage,gap of 3 days 00:00:00 (expected 1 days 00:00:00),treasury
2012-07-05 00:00:00+00:00,ZB,gap,info_session_or_outage,gap of 2 days 00:00:00 (expected 1 days 00:00:00),treasury
2012-07-09 00:00:00+00:00,ZB,gap,info_session_or_outage,gap of 3 days 00:00:00 (expected 1 days 00:00:00),treasury
2012-07-16 00:00:00+00:00,ZB,gap,info_session_or_outage,gap of 3 days 00:00:00 (expected 1 days 00:00:00),treasury
2012-07-23 00:00:00+00:00,ZB,gap,info_session_or_outage,gap of 3 days 00:00:00 (expected 1 days 00:00:00),treasury
2012-07-30 00:00:00+00:00,ZB,gap,info_session_or_outage,gap of 3 days 00:00:00 (expected 1 days 00:00:00),treasury
2012-08-06 00:00:00+00:00,ZB,gap,info_session_or_outage,gap of 3 days 00:00:00 (expected 1 days 00:00:00),treasury
2012-08-13 00:00:00+00:00,ZB,gap,info_session_or_outage,gap of 3 days 00:00:00 (expected 1 days 00:00:00),treasury
2012-08-20 00:00:00+00:00,ZB,gap,info_session_or_outage,gap of 3 days 00:00:00 (expected 1 days 00:00:00),treasury
2012-08-27 00:00:00+00:00,ZB,gap,info_session_or_outage,gap of 3 days 00:00:00 (expected 1 days 00:00:00),treasury
2012-09-04 00:00:00+00:00,ZB,gap,info_session_or_outage,gap of 4 days 00:00:00 (expected 1 days 00:00:00),treasury
2012-09-10 00:00:00+00:00,ZB,gap,info_session_or_outage,gap of 3 days 00:00:00 (expected 1 days 00:00:00),treasury
2012-09-17 00:00:00+00:00,ZB,gap,info_session_or_outage,gap of 3 days 00:00:00 (expected 1 days 00:00:00),treasury
2012-09-24 00:00:00+00:00,ZB,gap,info_session_or_outage,gap of 3 days 00:00:00 (expected 1 days 00:00:00),treasury
2012-10-01 00:00:00+00:00,ZB,gap,info_session_or_outage,gap of 3 days 00:00:00 (expected 1 days 00:00:00),treasury
2012-10-08 00:00:00+00:00,ZB,gap,info_session_or_outage,gap of 3 days 00:00:00 (expected 1 days 00:00:00),treasury
2012-10-15 00:00:00+00:00,ZB,gap,info_session_or_outage,gap of 3 days 00:00:00 (expected 1 days 00:00:00),treasury
2012-10-22 00:00:00+00:00,ZB,gap,info_session_or_outage,gap of 3 days 00:00:00 (expected 1 days 00:00:00),treasury
2012-10-31 00:00:00+00:00,ZB,gap,info_session_or_outage,gap of 5 days 00:00:00 (expected 1 days 00:00:00),treasury
2012-11-05 00:00:00+00:00,ZB,gap,info_session_or_outage,gap of 3 days 00:00:00 (expected 1 days 00:00:00),treasury
2012-11-12 00:00:00+00:00,ZB,gap,info_session_or_outage,gap of 3 days 00:00:00 (expected 1 days 00:00:00),treasury
2012-11-19 00:00:00+00:00,ZB,gap,info_session_or_outage,gap of 3 days 00:00:00 (expected 1 days 00:00:00),treasury
2012-11-23 00:00:00+00:00,ZB,gap,info_session_or_outage,gap of 2 days 00:00:00 (expected 1 days 00:00:00),treasury
2012-11-26 00:00:00+00:00,ZB,gap,info_session_or_outage,gap of 3 days 00:00:00 (expected 1 days 00:00:00),treasury
2012-12-03 00:00:00+00:00,ZB,gap,info_session_or_outage,gap of 3 days 00:00:00 (expected 1 days 00:00:00),treasury
2012-12-10 00:00:00+00:00,ZB,gap,info_session_or_outage,gap of 3 days 00:00:00 (expected 1 days 00:00:00),treasury
2012-12-17 00:00:00+00:00,ZB,gap,info_session_or_outage,gap of 3 days 00:00:00 (expected 1 days 00:00:00),treasury
2012-12-24 00:00:00+00:00,ZB,gap,info_session_or_outage,gap of 3 days 00:00:00 (expected 1 days 00:00:00),treasury
2012-12-26 00:00:00+00:00,ZB,gap,info_session_or_outage,gap of 2 days 00:00:00 (expected 1 days 00:00:00),treasury
2012-12-31 00:00:00+00:00,ZB,gap,info_session_or_outage,gap of 3 days 00:00:00 (expected 1 days 00:00:00),treasury
2013-01-02 00:00:00+00:00,ZB,gap,info_session_or_outage,gap of 2 days 00:00:00 (expected 1 days 00:00:00),treasury
2013-01-07 00:00:00+00:00,ZB,gap,info_session_or_outage,gap of 3 days 00:00:00 (expected 1 days 00:00:00),treasury
2013-01-14 00:00:00+00:00,ZB,gap,info_session_or_outage,gap of 3 days 00:00:00 (expected 1 days 00:00:00),treasury
2013-01-22 00:00:00+00:00,ZB,gap,info_session_or_outage,gap of 4 days 00:00:00 (expected 1 days 00:00:00),treasury
2013-01-28 00:00:00+00:00,ZB,gap,info_session_or_outage,gap of 3 days 00:00:00 (expected 1 days 00:00:00),treasury
2013-02-04 00:00:00+00:00,ZB,gap,info_session_or_outage,gap of 3 days 00:00:00 (expected 1 days 00:00:00),treasury
2013-02-11 00:00:00+00:00,ZB,gap,info_session_or_outage,gap of 3 days 00:00:00 (expected 1 days 00:00:00),treasury
2013-02-19 00:00:00+00:00,ZB,gap,info_session_or_outage,gap of 4 days 00:00:00 (expected 1 days 00:00:00),treasury
2013-02-25 00:00:00+00:00,ZB,gap,info_session_or_outage,gap of 3 days 00:00:00 (expected 1 days 00:00:00),treasury
2013-03-04 00:00:00+00:00,ZB,gap,info_session_or_outage,gap of 3 days 00:00:00 (expected 1 days 00:00:00),treasury
2013-03-11 00:00:00+00:00,ZB,gap,info_session_or_outage,gap of 3 days 00:00:00 (expected 1 days 00:00:00),treasury
2013-03-18 00:00:00+00:00,ZB,gap,info_session_or_outage,gap of 3 days 00:00:00 (expected 1 days 00:00:00),treasury
2013-03-25 00:00:00+00:00,ZB,gap,info_session_or_outage,gap of 3 days 00:00:00 (expected 1 days 00:00:00),treasury
2013-04-01 00:00:00+00:00,ZB,gap,info_session_or_outage,gap of 4 days 00:00:00 (expected 1 days 00:00:00),treasury
2013-04-08 00:00:00+00:00,ZB,gap,info_session_or_outage,gap of 3 days 00:00:00 (expected 1 days 00:00:00),treasury
2013-04-15 00:00:00+00:00,ZB,gap,info_session_or_outage,gap of 3 days 00:00:00 (expected 1 days 00:00:00),treasury
2013-04-22 00:00:00+00:00,ZB,gap,info_session_or_outage,gap of 3 days 00:00:00 (expected 1 days 00:00:00),treasury
2013-04-29 00:00:00+00:00,ZB,gap,info_session_or_outage,gap of 3 days 00:00:00 (expected 1 days 00:00:00),treasury
2013-05-06 00:00:00+00:00,ZB,gap,info_session_or_outage,gap of 3 days 00:00:00 (expected 1 days 00:00:00),treasury
2013-05-13 00:00:00+00:00,ZB,gap,info_session_or_outage,gap of 3 days 00:00:00 (expected 1 days 00:00:00),treasury
2013-05-20 00:00:00+00:00,ZB,gap,info_session_or_outage,gap of 3 days 00:00:00 (expected 1 days 00:00:00),treasury
2013-05-28 00:00:00+00:00,ZB,gap,info_session_or_outage,gap of 4 days 00:00:00 (expected 1 days 00:00:00),treasury
2013-06-03 00:00:00+00:00,ZB,gap,info_session_or_outage,gap of 3 days 00:00:00 (expected 1 days 00:00:00),treasury
2013-06-10 00:00:00+00:00,ZB,gap,info_session_or_outage,gap of 3 days 00:00:00 (expected 1 days 00:00:00),treasury
2013-06-17 00:00:00+00:00,ZB,gap,info_session_or_outage,gap of 3 days 00:00:00 (expected 1 days 00:00:00),treasury
2013-06-24 00:00:00+00:00,ZB,gap,info_session_or_outage,gap of 3 days 00:00:00 (expected 1 days 00:00:00),treasury
2013-07-01 00:00:00+00:00,ZB,gap,info_session_or_outage,gap of 3 days 00:00:00 (expected 1 days 00:00:00),treasury
2013-07-05 00:00:00+00:00,ZB,gap,info_session_or_outage,gap of 2 days 00:00:00 (expected 1 days 00:00:00),treasury
2013-07-08 00:00:00+00:00,ZB,gap,info_session_or_outage,gap of 3 days 00:00:00 (expected 1 days 00:00:00),treasury
2013-07-15 00:00:00+00:00,ZB,gap,info_session_or_outage,gap of 3 days 00:00:00 (expected 1 days 00:00:00),treasury
2013-07-22 00:00:00+00:00,ZB,gap,info_session_or_outage,gap of 3 days 00:00:00 (expected 1 days 00:00:00),treasury
2013-07-29 00:00:00+00:00,ZB,gap,info_session_or_outage,gap of 3 days 00:00:00 (expected 1 days 00:00:00),treasury
2013-08-05 00:00:00+00:00,ZB,gap,info_session_or_outage,gap of 3 days 00:00:00 (expected 1 days 00:00:00),treasury
2013-08-12 00:00:00+00:00,ZB,gap,info_session_or_outage,gap of 3 days 00:00:00 (expected 1 days 00:00:00),treasury
2013-08-19 00:00:00+00:00,ZB,gap,info_session_or_outage,gap of 3 days 00:00:00 (expected 1 days 00:00:00),treasury
2013-08-26 00:00:00+00:00,ZB,gap,info_session_or_outage,gap of 3 days 00:00:00 (expected 1 days 00:00:00),treasury
2013-09-03 00:00:00+00:00,ZB,gap,info_session_or_outage,gap of 4 days 00:00:00 (expected 1 days 00:00:00),treasury
2013-09-09 00:00:00+00:00,ZB,gap,info_session_or_outage,gap of 3 days 00:00:00 (expected 1 days 00:00:00),treasury
2013-09-16 00:00:00+00:00,ZB,gap,info_session_or_outage,gap of 3 days 00:00:00 (expected 1 days 00:00:00),treasury
2013-09-23 00:00:00+00:00,ZB,gap,info_session_or_outage,gap of 3 days 00:00:00 (expected 1 days 00:00:00),treasury
2013-09-30 00:00:00+00:00,ZB,gap,info_session_or_outage,gap of 3 days 00:00:00 (expected 1 days 00:00:00),treasury
2013-10-07 00:00:00+00:00,ZB,gap,info_session_or_outage,gap of 3 days 00:00:00 (expected 1 days 00:00:00),treasury
2013-10-14 00:00:00+00:00,ZB,gap,info_session_or_outage,gap of 3 days 00:00:00 (expected 1 days 00:00:00),treasury
2013-10-21 00:00:00+00:00,ZB,gap,info_session_or_outage,gap of 3 days 00:00:00 (expected 1 days 00:00:00),treasury
2013-10-28 00:00:00+00:00,ZB,gap,info_session_or_outage,gap of 3 days 00:00:00 (expected 1 days 00:00:00),treasury
2013-11-04 00:00:00+00:00,ZB,gap,info_session_or_outage,gap of 3 days 00:00:00 (expected 1 days 00:00:00),treasury
2013-11-11 00:00:00+00:00,ZB,gap,info_session_or_outage,gap of 3 days 00:00:00 (expected 1 days 00:00:00),treasury
2013-11-18 00:00:00+00:00,ZB,gap,info_session_or_outage,gap of 3 days 00:00:00 (expected 1 days 00:00:00),treasury
2013-11-25 00:00:00+00:00,ZB,gap,info_session_or_outage,gap of 3 days 00:00:00 (expected 1 days 00:00:00),treasury
2013-11-29 00:00:00+00:00,ZB,gap,info_session_or_outage,gap of 2 days 00:00:00 (expected 1 days 00:00:00),treasury
2013-12-02 00:00:00+00:00,ZB,gap,info_session_or_outage,gap of 3 days 00:00:00 (expected 1 days 00:00:00),treasury
2013-12-09 00:00:00+00:00,ZB,gap,info_session_or_outage,gap of 3 days 00:00:00 (expected 1 days 00:00:00),treasury
2013-12-16 00:00:00+00:00,ZB,gap,info_session_or_outage,gap of 3 days 00:00:00 (expected 1 days 00:00:00),treasury
2013-12-23 00:00:00+00:00,ZB,gap,info_session_or_outage,gap of 3 days 00:00:00 (expected 1 days 00:00:00),treasury
2013-12-26 00:00:00+00:00,ZB,gap,info_session_or_outage,gap of 2 days 00:00:00 (expected 1 days 00:00:00),treasury
2013-12-30 00:00:00+00:00,ZB,gap,info_session_or_outage,gap of 3 days 00:00:00 (expected 1 days 00:00:00),treasury
2014-01-02 00:00:00+00:00,ZB,gap,info_session_or_outage,gap of 2 days 00:00:00 (expected 1 days 00:00:00),treasury
2014-01-06 00:00:00+00:00,ZB,gap,info_session_or_outage,gap of 3 days 00:00:00 (expected 1 days 00:00:00),treasury
2014-01-13 00:00:00+00:00,ZB,gap,info_session_or_outage,gap of 3 days 00:00:00 (expected 1 days 00:00:00),treasury
2014-01-21 00:00:00+00:00,ZB,gap,info_session_or_outage,gap of 4 days 00:00:00 (expected 1 days 00:00:00),treasury
2014-01-27 00:00:00+00:00,ZB,gap,info_session_or_outage,gap of 3 days 00:00:00 (expected 1 days 00:00:00),treasury
2014-02-03 00:00:00+00:00,ZB,gap,info_session_or_outage,gap of 3 days 00:00:00 (expected 1 days 00:00:00),treasury
2014-02-10 00:00:00+00:00,ZB,gap,info_session_or_outage,gap of 3 days 00:00:00 (expected 1 days 00:00:00),treasury
2014-02-18 00:00:00+00:00,ZB,gap,info_session_or_outage,gap of 4 days 00:00:00 (expected 1 days 00:00:00),treasury
2014-02-24 00:00:00+00:00,ZB,gap,info_session_or_outage,gap of 3 days 00:00:00 (expected 1 days 00:00:00),treasury
2014-03-03 00:00:00+00:00,ZB,gap,info_session_or_outage,gap of 3 days 00:00:00 (expected 1 days 00:00:00),treasury
2014-03-10 00:00:00+00:00,ZB,gap,info_session_or_outage,gap of 3 days 00:00:00 (expected 1 days 00:00:00),treasury
2014-03-17 00:00:00+00:00,ZB,gap,info_session_or_outage,gap of 3 days 00:00:00 (expected 1 days 00:00:00),treasury
2014-03-19 00:00:00+00:00,ZB,gap,info_session_or_outage,gap of 2 days 00:00:00 (expected 1 days 00:00:00),treasury
2014-03-24 00:00:00+00:00,ZB,gap,info_session_or_outage,gap of 3 days 00:00:00 (expected 1 days 00:00:00),treasury
2014-03-31 00:00:00+00:00,ZB,gap,info_session_or_outage,gap of 3 days 00:00:00 (expected 1 days 00:00:00),treasury
2014-04-07 00:00:00+00:00,ZB,gap,info_session_or_outage,gap of 3 days 00:00:00 (expected 1 days 00:00:00),treasury
2014-04-14 00:00:00+00:00,ZB,gap,info_session_or_outage,gap of 3 days 00:00:00 (expected 1 days 00:00:00),treasury
2014-04-21 00:00:00+00:00,ZB,gap,info_session_or_outage,gap of 4 days 00:00:00 (expected 1 days 00:00:00),treasury
2014-04-28 00:00:00+00:00,ZB,gap,info_session_or_outage,gap of 3 days 00:00:00 (expected 1 days 00:00:00),treasury
2014-05-05 00:00:00+00:00,ZB,gap,info_session_or_outage,gap of 3 days 00:00:00 (expected 1 days 00:00:00),treasury
2014-05-12 00:00:00+00:00,ZB,gap,info_session_or_outage,gap of 3 days 00:00:00 (expected 1 days 00:00:00),treasury
2014-05-19 00:00:00+00:00,ZB,gap,info_session_or_outage,gap of 3 days 00:00:00 (expected 1 days 00:00:00),treasury
2014-05-27 00:00:00+00:00,ZB,gap,info_session_or_outage,gap of 4 days 00:00:00 (expected 1 days 00:00:00),treasury
2014-06-02 00:00:00+00:00,ZB,gap,info_session_or_outage,gap of 3 days 00:00:00 (expected 1 days 00:00:00),treasury
2014-06-09 00:00:00+00:00,ZB,gap,info_session_or_outage,gap of 3 days 00:00:00 (expected 1 days 00:00:00),treasury
2014-06-16 00:00:00+00:00,ZB,gap,info_session_or_outage,gap of 3 days 00:00:00 (expected 1 days 00:00:00),treasury
2014-06-23 00:00:00+00:00,ZB,gap,info_session_or_outage,gap of 3 days 00:00:00 (expected 1 days 00:00:00),treasury
2014-06-30 00:00:00+00:00,ZB,gap,info_session_or_outage,gap of 3 days 00:00:00 (expected 1 days 00:00:00),treasury
2014-07-07 00:00:00+00:00,ZB,gap,info_session_or_outage,gap of 4 days 00:00:00 (expected 1 days 00:00:00),treasury
2014-07-14 00:00:00+00:00,ZB,gap,info_session_or_outage,gap of 3 days 00:00:00 (expected 1 days 00:00:00),treasury
2014-07-21 00:00:00+00:00,ZB,gap,info_session_or_outage,gap of 3 days 00:00:00 (expected 1 days 00:00:00),treasury
2014-07-28 00:00:00+00:00,ZB,gap,info_session_or_outage,gap of 3 days 00:00:00 (expected 1 days 00:00:00),treasury
2014-08-04 00:00:00+00:00,ZB,gap,info_session_or_outage,gap of 3 days 00:00:00 (expected 1 days 00:00:00),treasury
2014-08-11 00:00:00+00:00,ZB,gap,info_session_or_outage,gap of 3 days 00:00:00 (expected 1 days 00:00:00),treasury
2014-08-18 00:00:00+00:00,ZB,gap,info_session_or_outage,gap of 3 days 00:00:00 (expected 1 days 00:00:00),treasury
2014-08-25 00:00:00+00:00,ZB,gap,info_session_or_outage,gap of 3 days 00:00:00 (expected 1 days 00:00:00),treasury
2014-09-02 00:00:00+00:00,ZB,gap,info_session_or_outage,gap of 4 days 00:00:00 (expected 1 days 00:00:00),treasury
2014-09-08 00:00:00+00:00,ZB,gap,info_session_or_outage,gap of 3 days 00:00:00 (expected 1 days 00:00:00),treasury
2014-09-15 00:00:00+00:00,ZB,gap,info_session_or_outage,gap of 3 days 00:00:00 (expected 1 days 00:00:00),treasury
2014-09-22 00:00:00+00:00,ZB,gap,info_session_or_outage,gap of 3 days 00:00:00 (expected 1 days 00:00:00),treasury
2014-09-29 00:00:00+00:00,ZB,gap,info_session_or_outage,gap of 3 days 00:00:00 (expected 1 days 00:00:00),treasury
2014-10-06 00:00:00+00:00,ZB,gap,info_session_or_outage,gap of 3 days 00:00:00 (expected 1 days 00:00:00),treasury
2014-10-13 00:00:00+00:00,ZB,gap,info_session_or_outage,gap of 3 days 00:00:00 (expected 1 days 00:00:00),treasury
2014-10-20 00:00:00+00:00,ZB,gap,info_session_or_outage,gap of 3 days 00:00:00 (expected 1 days 00:00:00),treasury
2014-10-27 00:00:00+00:00,ZB,gap,info_session_or_outage,gap of 3 days 00:00:00 (expected 1 days 00:00:00),treasury
2014-11-03 00:00:00+00:00,ZB,gap,info_session_or_outage,gap of 3 days 00:00:00 (expected 1 days 00:00:00),treasury
2014-11-10 00:00:00+00:00,ZB,gap,info_session_or_outage,gap of 3 days 00:00:00 (expected 1 days 00:00:00),treasury
2014-11-17 00:00:00+00:00,ZB,gap,info_session_or_outage,gap of 3 days 00:00:00 (expected 1 days 00:00:00),treasury
2014-11-24 00:00:00+00:00,ZB,gap,info_session_or_outage,gap of 3 days 00:00:00 (expected 1 days 00:00:00),treasury
2014-11-28 00:00:00+00:00,ZB,gap,info_session_or_outage,gap of 2 days 00:00:00 (expected 1 days 00:00:00),treasury
2014-12-01 00:00:00+00:00,ZB,gap,info_session_or_outage,gap of 3 days 00:00:00 (expected 1 days 00:00:00),treasury
2014-12-08 00:00:00+00:00,ZB,gap,info_session_or_outage,gap of 3 days 00:00:00 (expected 1 days 00:00:00),treasury
2014-12-15 00:00:00+00:00,ZB,gap,info_session_or_outage,gap of 3 days 00:00:00 (expected 1 days 00:00:00),treasury
2014-12-22 00:00:00+00:00,ZB,gap,info_session_or_outage,gap of 3 days 00:00:00 (expected 1 days 00:00:00),treasury
2014-12-26 00:00:00+00:00,ZB,gap,info_session_or_outage,gap of 2 days 00:00:00 (expected 1 days 00:00:00),treasury
2014-12-29 00:00:00+00:00,ZB,gap,info_session_or_outage,gap of 3 days 00:00:00 (expected 1 days 00:00:00),treasury
2015-01-02 00:00:00+00:00,ZB,gap,info_session_or_outage,gap of 2 days 00:00:00 (expected 1 days 00:00:00),treasury
2015-01-05 00:00:00+00:00,ZB,gap,info_session_or_outage,gap of 3 days 00:00:00 (expected 1 days 00:00:00),treasury
2015-01-12 00:00:00+00:00,ZB,gap,info_session_or_outage,gap of 3 days 00:00:00 (expected 1 days 00:00:00),treasury
2015-01-20 00:00:00+00:00,ZB,gap,info_session_or_outage,gap of 4 days 00:00:00 (expected 1 days 00:00:00),treasury
2015-01-26 00:00:00+00:00,ZB,gap,info_session_or_outage,gap of 3 days 00:00:00 (expected 1 days 00:00:00),treasury
2015-02-02 00:00:00+00:00,ZB,gap,info_session_or_outage,gap of 3 days 00:00:00 (expected 1 days 00:00:00),treasury
2015-02-09 00:00:00+00:00,ZB,gap,info_session_or_outage,gap of 3 days 00:00:00 (expected 1 days 00:00:00),treasury
2015-02-17 00:00:00+00:00,ZB,gap,info_session_or_outage,gap of 4 days 00:00:00 (expected 1 days 00:00:00),treasury
2015-02-23 00:00:00+00:00,ZB,gap,info_session_or_outage,gap of 3 days 00:00:00 (expected 1 days 00:00:00),treasury
2015-03-02 00:00:00+00:00,ZB,gap,info_session_or_outage,gap of 3 days 00:00:00 (expected 1 days 00:00:00),treasury
2015-03-09 00:00:00+00:00,ZB,gap,info_session_or_outage,gap of 3 days 00:00:00 (expected 1 days 00:00:00),treasury
2015-03-16 00:00:00+00:00,ZB,gap,info_session_or_outage,gap of 3 days 00:00:00 (expected 1 days 00:00:00),treasury
2015-03-23 00:00:00+00:00,ZB,gap,info_session_or_outage,gap of 3 days 00:00:00 (expected 1 days 00:00:00),treasury
2015-03-30 00:00:00+00:00,ZB,gap,info_session_or_outage,gap of 3 days 00:00:00 (expected 1 days 00:00:00),treasury
2015-04-06 00:00:00+00:00,ZB,gap,info_session_or_outage,gap of 4 days 00:00:00 (expected 1 days 00:00:00),treasury
2015-04-13 00:00:00+00:00,ZB,gap,info_session_or_outage,gap of 3 days 00:00:00 (expected 1 days 00:00:00),treasury
2015-04-20 00:00:00+00:00,ZB,gap,info_session_or_outage,gap of 3 days 00:00:00 (expected 1 days 00:00:00),treasury
2015-04-27 00:00:00+00:00,ZB,gap,info_session_or_outage,gap of 3 days 00:00:00 (expected 1 days 00:00:00),treasury
2015-05-04 00:00:00+00:00,ZB,gap,info_session_or_outage,gap of 3 days 00:00:00 (expected 1 days 00:00:00),treasury
2015-05-11 00:00:00+00:00,ZB,gap,info_session_or_outage,gap of 3 days 00:00:00 (expected 1 days 00:00:00),treasury
2015-05-18 00:00:00+00:00,ZB,gap,info_session_or_outage,gap of 3 days 00:00:00 (expected 1 days 00:00:00),treasury
2015-05-26 00:00:00+00:00,ZB,gap,info_session_or_outage,gap of 4 days 00:00:00 (expected 1 days 00:00:00),treasury
2015-06-01 00:00:00+00:00,ZB,gap,info_session_or_outage,gap of 3 days 00:00:00 (expected 1 days 00:00:00),treasury
2015-06-08 00:00:00+00:00,ZB,gap,info_session_or_outage,gap of 3 days 00:00:00 (expected 1 days 00:00:00),treasury
2015-06-15 00:00:00+00:00,ZB,gap,info_session_or_outage,gap of 3 days 00:00:00 (expected 1 days 00:00:00),treasury
2015-06-22 00:00:00+00:00,ZB,gap,info_session_or_outage,gap of 3 days 00:00:00 (expected 1 days 00:00:00),treasury
2015-06-29 00:00:00+00:00,ZB,gap,info_session_or_outage,gap of 3 days 00:00:00 (expected 1 days 00:00:00),treasury
2015-07-06 00:00:00+00:00,ZB,gap,info_session_or_outage,gap of 4 days 00:00:00 (expected 1 days 00:00:00),treasury
2015-07-13 00:00:00+00:00,ZB,gap,info_session_or_outage,gap of 3 days 00:00:00 (expected 1 days 00:00:00),treasury
2015-07-20 00:00:00+00:00,ZB,gap,info_session_or_outage,gap of 3 days 00:00:00 (expected 1 days 00:00:00),treasury
2015-07-27 00:00:00+00:00,ZB,gap,info_session_or_outage,gap of 3 days 00:00:00 (expected 1 days 00:00:00),treasury
2015-08-03 00:00:00+00:00,ZB,gap,info_session_or_outage,gap of 3 days 00:00:00 (expected 1 days 00:00:00),treasury
2015-08-10 00:00:00+00:00,ZB,gap,info_session_or_outage,gap of 3 days 00:00:00 (expected 1 days 00:00:00),treasury
2015-08-17 00:00:00+00:00,ZB,gap,info_session_or_outage,gap of 3 days 00:00:00 (expected 1 days 00:00:00),treasury
2015-08-24 00:00:00+00:00,ZB,gap,info_session_or_outage,gap of 3 days 00:00:00 (expected 1 days 00:00:00),treasury
2015-08-31 00:00:00+00:00,ZB,gap,info_session_or_outage,gap of 3 days 00:00:00 (expected 1 days 00:00:00),treasury
2015-09-08 00:00:00+00:00,ZB,gap,info_session_or_outage,gap of 4 days 00:00:00 (expected 1 days 00:00:00),treasury
2015-09-14 00:00:00+00:00,ZB,gap,info_session_or_outage,gap of 3 days 00:00:00 (expected 1 days 00:00:00),treasury
2015-09-21 00:00:00+00:00,ZB,gap,info_session_or_outage,gap of 3 days 00:00:00 (expected 1 days 00:00:00),treasury
2015-09-28 00:00:00+00:00,ZB,gap,info_session_or_outage,gap of 3 days 00:00:00 (expected 1 days 00:00:00),treasury
2015-10-05 00:00:00+00:00,ZB,gap,info_session_or_outage,gap of 3 days 00:00:00 (expected 1 days 00:00:00),treasury
2015-10-12 00:00:00+00:00,ZB,gap,info_session_or_outage,gap of 3 days 00:00:00 (expected 1 days 00:00:00),treasury
2015-10-19 00:00:00+00:00,ZB,gap,info_session_or_outage,gap of 3 days 00:00:00 (expected 1 days 00:00:00),treasury
2015-10-26 00:00:00+00:00,ZB,gap,info_session_or_outage,gap of 3 days 00:00:00 (expected 1 days 00:00:00),treasury
2015-11-02 00:00:00+00:00,ZB,gap,info_session_or_outage,gap of 3 days 00:00:00 (expected 1 days 00:00:00),treasury
2015-11-09 00:00:00+00:00,ZB,gap,info_session_or_outage,gap of 3 days 00:00:00 (expected 1 days 00:00:00),treasury
2015-11-16 00:00:00+00:00,ZB,gap,info_session_or_outage,gap of 3 days 00:00:00 (expected 1 days 00:00:00),treasury
2015-11-23 00:00:00+00:00,ZB,gap,info_session_or_outage,gap of 3 days 00:00:00 (expected 1 days 00:00:00),treasury
2015-11-27 00:00:00+00:00,ZB,gap,info_session_or_outage,gap of 2 days 00:00:00 (expected 1 days 00:00:00),treasury
2015-11-30 00:00:00+00:00,ZB,gap,info_session_or_outage,gap of 3 days 00:00:00 (expected 1 days 00:00:00),treasury
2015-12-07 00:00:00+00:00,ZB,gap,info_session_or_outage,gap of 3 days 00:00:00 (expected 1 days 00:00:00),treasury
2015-12-14 00:00:00+00:00,ZB,gap,info_session_or_outage,gap of 3 days 00:00:00 (expected 1 days 00:00:00),treasury
2015-12-21 00:00:00+00:00,ZB,gap,info_session_or_outage,gap of 3 days 00:00:00 (expected 1 days 00:00:00),treasury
2015-12-28 00:00:00+00:00,ZB,gap,info_session_or_outage,gap of 4 days 00:00:00 (expected 1 days 00:00:00),treasury
2016-01-04 00:00:00+00:00,ZB,gap,info_session_or_outage,gap of 4 days 00:00:00 (expected 1 days 00:00:00),treasury
2016-01-11 00:00:00+00:00,ZB,gap,info_session_or_outage,gap of 3 days 00:00:00 (expected 1 days 00:00:00),treasury
2016-01-19 00:00:00+00:00,ZB,gap,info_session_or_outage,gap of 4 days 00:00:00 (expected 1 days 00:00:00),treasury
2016-01-25 00:00:00+00:00,ZB,gap,info_session_or_outage,gap of 3 days 00:00:00 (expected 1 days 00:00:00),treasury
2016-02-01 00:00:00+00:00,ZB,gap,info_session_or_outage,gap of 3 days 00:00:00 (expected 1 days 00:00:00),treasury
2016-02-08 00:00:00+00:00,ZB,gap,info_session_or_outage,gap of 3 days 00:00:00 (expected 1 days 00:00:00),treasury
2016-02-16 00:00:00+00:00,ZB,gap,info_session_or_outage,gap of 4 days 00:00:00 (expected 1 days 00:00:00),treasury
2016-02-22 00:00:00+00:00,ZB,gap,info_session_or_outage,gap of 3 days 00:00:00 (expected 1 days 00:00:00),treasury
2016-02-29 00:00:00+00:00,ZB,gap,info_session_or_outage,gap of 3 days 00:00:00 (expected 1 days 00:00:00),treasury
2016-03-07 00:00:00+00:00,ZB,gap,info_session_or_outage,gap of 3 days 00:00:00 (expected 1 days 00:00:00),treasury
2016-03-14 00:00:00+00:00,ZB,gap,info_session_or_outage,gap of 3 days 00:00:00 (expected 1 days 00:00:00),treasury
2016-03-21 00:00:00+00:00,ZB,gap,info_session_or_outage,gap of 3 days 00:00:00 (expected 1 days 00:00:00),treasury
2016-03-28 00:00:00+00:00,ZB,gap,info_session_or_outage,gap of 4 days 00:00:00 (expected 1 days 00:00:00),treasury
2016-04-04 00:00:00+00:00,ZB,gap,info_session_or_outage,gap of 3 days 00:00:00 (expected 1 days 00:00:00),treasury
2016-04-11 00:00:00+00:00,ZB,gap,info_session_or_outage,gap of 3 days 00:00:00 (expected 1 days 00:00:00),treasury
2016-04-18 00:00:00+00:00,ZB,gap,info_session_or_outage,gap of 3 days 00:00:00 (expected 1 days 00:00:00),treasury
2016-04-25 00:00:00+00:00,ZB,gap,info_session_or_outage,gap of 3 days 00:00:00 (expected 1 days 00:00:00),treasury
2016-05-02 00:00:00+00:00,ZB,gap,info_session_or_outage,gap of 3 days 00:00:00 (expected 1 days 00:00:00),treasury
2016-05-09 00:00:00+00:00,ZB,gap,info_session_or_outage,gap of 3 days 00:00:00 (expected 1 days 00:00:00),treasury
2016-05-16 00:00:00+00:00,ZB,gap,info_session_or_outage,gap of 3 days 00:00:00 (expected 1 days 00:00:00),treasury
2016-05-23 00:00:00+00:00,ZB,gap,info_session_or_outage,gap of 3 days 00:00:00 (expected 1 days 00:00:00),treasury
2016-05-31 00:00:00+00:00,ZB,gap,info_session_or_outage,gap of 4 days 00:00:00 (expected 1 days 00:00:00),treasury
2016-06-06 00:00:00+00:00,ZB,gap,info_session_or_outage,gap of 3 days 00:00:00 (expected 1 days 00:00:00),treasury
2016-06-13 00:00:00+00:00,ZB,gap,info_session_or_outage,gap of 3 days 00:00:00 (expected 1 days 00:00:00),treasury
2016-06-20 00:00:00+00:00,ZB,gap,info_session_or_outage,gap of 3 days 00:00:00 (expected 1 days 00:00:00),treasury
2016-06-27 00:00:00+00:00,ZB,gap,info_session_or_outage,gap of 3 days 00:00:00 (expected 1 days 00:00:00),treasury
2016-07-05 00:00:00+00:00,ZB,gap,info_session_or_outage,gap of 4 days 00:00:00 (expected 1 days 00:00:00),treasury
2016-07-11 00:00:00+00:00,ZB,gap,info_session_or_outage,gap of 3 days 00:00:00 (expected 1 days 00:00:00),treasury
2016-07-18 00:00:00+00:00,ZB,gap,info_session_or_outage,gap of 3 days 00:00:00 (expected 1 days 00:00:00),treasury
2016-07-25 00:00:00+00:00,ZB,gap,info_session_or_outage,gap of 3 days 00:00:00 (expected 1 days 00:00:00),treasury
2016-08-01 00:00:00+00:00,ZB,gap,info_session_or_outage,gap of 3 days 00:00:00 (expected 1 days 00:00:00),treasury
2016-08-08 00:00:00+00:00,ZB,gap,info_session_or_outage,gap of 3 days 00:00:00 (expected 1 days 00:00:00),treasury
2016-08-15 00:00:00+00:00,ZB,gap,info_session_or_outage,gap of 3 days 00:00:00 (expected 1 days 00:00:00),treasury
2016-08-22 00:00:00+00:00,ZB,gap,info_session_or_outage,gap of 3 days 00:00:00 (expected 1 days 00:00:00),treasury
2016-08-29 00:00:00+00:00,ZB,gap,info_session_or_outage,gap of 3 days 00:00:00 (expected 1 days 00:00:00),treasury
2016-09-06 00:00:00+00:00,ZB,gap,info_session_or_outage,gap of 4 days 00:00:00 (expected 1 days 00:00:00),treasury
2016-09-12 00:00:00+00:00,ZB,gap,info_session_or_outage,gap of 3 days 00:00:00 (expected 1 days 00:00:00),treasury
2016-09-19 00:00:00+00:00,ZB,gap,info_session_or_outage,gap of 3 days 00:00:00 (expected 1 days 00:00:00),treasury
2016-09-26 00:00:00+00:00,ZB,gap,info_session_or_outage,gap of 3 days 00:00:00 (expected 1 days 00:00:00),treasury
2016-10-03 00:00:00+00:00,ZB,gap,info_session_or_outage,gap of 3 days 00:00:00 (expected 1 days 00:00:00),treasury
2016-10-11 00:00:00+00:00,ZB,gap,info_session_or_outage,gap of 4 days 00:00:00 (expected 1 days 00:00:00),treasury
2016-10-17 00:00:00+00:00,ZB,gap,info_session_or_outage,gap of 3 days 00:00:00 (expected 1 days 00:00:00),treasury
2016-10-24 00:00:00+00:00,ZB,gap,info_session_or_outage,gap of 3 days 00:00:00 (expected 1 days 00:00:00),treasury
2016-10-31 00:00:00+00:00,ZB,gap,info_session_or_outage,gap of 3 days 00:00:00 (expected 1 days 00:00:00),treasury
2016-11-07 00:00:00+00:00,ZB,gap,info_session_or_outage,gap of 3 days 00:00:00 (expected 1 days 00:00:00),treasury
2016-11-14 00:00:00+00:00,ZB,gap,info_session_or_outage,gap of 4 days 00:00:00 (expected 1 days 00:00:00),treasury
2016-11-21 00:00:00+00:00,ZB,gap,info_session_or_outage,gap of 3 days 00:00:00 (expected 1 days 00:00:00),treasury
2016-11-25 00:00:00+00:00,ZB,gap,info_session_or_outage,gap of 2 days 00:00:00 (expected 1 days 00:00:00),treasury
2016-11-28 00:00:00+00:00,ZB,gap,info_session_or_outage,gap of 3 days 00:00:00 (expected 1 days 00:00:00),treasury
2016-12-05 00:00:00+00:00,ZB,gap,info_session_or_outage,gap of 3 days 00:00:00 (expected 1 days 00:00:00),treasury
2016-12-12 00:00:00+00:00,ZB,gap,info_session_or_outage,gap of 3 days 00:00:00 (expected 1 days 00:00:00),treasury
2016-12-19 00:00:00+00:00,ZB,gap,info_session_or_outage,gap of 3 days 00:00:00 (expected 1 days 00:00:00),treasury
2016-12-22 00:00:00+00:00,ZB,gap,info_session_or_outage,gap of 2 days 00:00:00 (expected 1 days 00:00:00),treasury
2016-12-27 00:00:00+00:00,ZB,gap,info_session_or_outage,gap of 4 days 00:00:00 (expected 1 days 00:00:00),treasury
2017-01-03 00:00:00+00:00,ZB,gap,info_session_or_outage,gap of 4 days 00:00:00 (expected 1 days 00:00:00),treasury
2017-01-09 00:00:00+00:00,ZB,gap,info_session_or_outage,gap of 3 days 00:00:00 (expected 1 days 00:00:00),treasury
2017-01-17 00:00:00+00:00,ZB,gap,info_session_or_outage,gap of 4 days 00:00:00 (expected 1 days 00:00:00),treasury
2017-01-23 00:00:00+00:00,ZB,gap,info_session_or_outage,gap of 3 days 00:00:00 (expected 1 days 00:00:00),treasury
2017-01-30 00:00:00+00:00,ZB,gap,info_session_or_outage,gap of 3 days 00:00:00 (expected 1 days 00:00:00),treasury
2017-02-06 00:00:00+00:00,ZB,gap,info_session_or_outage,gap of 3 days 00:00:00 (expected 1 days 00:00:00),treasury
2017-02-13 00:00:00+00:00,ZB,gap,info_session_or_outage,gap of 3 days 00:00:00 (expected 1 days 00:00:00),treasury
2017-02-21 00:00:00+00:00,ZB,gap,info_session_or_outage,gap of 4 days 00:00:00 (expected 1 days 00:00:00),treasury
2017-02-27 00:00:00+00:00,ZB,gap,info_session_or_outage,gap of 3 days 00:00:00 (expected 1 days 00:00:00),treasury
2017-03-06 00:00:00+00:00,ZB,gap,info_session_or_outage,gap of 3 days 00:00:00 (expected 1 days 00:00:00),treasury
2017-03-13 00:00:00+00:00,ZB,gap,info_session_or_outage,gap of 3 days 00:00:00 (expected 1 days 00:00:00),treasury
2017-03-20 00:00:00+00:00,ZB,gap,info_session_or_outage,gap of 3 days 00:00:00 (expected 1 days 00:00:00),treasury
2017-03-27 00:00:00+00:00,ZB,gap,info_session_or_outage,gap of 3 days 00:00:00 (expected 1 days 00:00:00),treasury
2017-04-03 00:00:00+00:00,ZB,gap,info_session_or_outage,gap of 3 days 00:00:00 (expected 1 days 00:00:00),treasury
2017-04-10 00:00:00+00:00,ZB,gap,info_session_or_outage,gap of 3 days 00:00:00 (expected 1 days 00:00:00),treasury
2017-04-17 00:00:00+00:00,ZB,gap,info_session_or_outage,gap of 4 days 00:00:00 (expected 1 days 00:00:00),treasury
2017-04-24 00:00:00+00:00,ZB,gap,info_session_or_outage,gap of 3 days 00:00:00 (expected 1 days 00:00:00),treasury
2017-05-01 00:00:00+00:00,ZB,gap,info_session_or_outage,gap of 3 days 00:00:00 (expected 1 days 00:00:00),treasury
2017-05-08 00:00:00+00:00,ZB,gap,info_session_or_outage,gap of 3 days 00:00:00 (expected 1 days 00:00:00),treasury
2017-05-15 00:00:00+00:00,ZB,gap,info_session_or_outage,gap of 3 days 00:00:00 (expected 1 days 00:00:00),treasury
2017-05-22 00:00:00+00:00,ZB,gap,info_session_or_outage,gap of 3 days 00:00:00 (expected 1 days 00:00:00),treasury
2017-05-30 00:00:00+00:00,ZB,gap,info_session_or_outage,gap of 4 days 00:00:00 (expected 1 days 00:00:00),treasury
2017-06-05 00:00:00+00:00,ZB,gap,info_session_or_outage,gap of 3 days 00:00:00 (expected 1 days 00:00:00),treasury
2017-06-12 00:00:00+00:00,ZB,gap,info_session_or_outage,gap of 3 days 00:00:00 (expected 1 days 00:00:00),treasury
2017-06-19 00:00:00+00:00,ZB,gap,info_session_or_outage,gap of 3 days 00:00:00 (expected 1 days 00:00:00),treasury
2017-06-26 00:00:00+00:00,ZB,gap,info_session_or_outage,gap of 3 days 00:00:00 (expected 1 days 00:00:00),treasury
2017-07-03 00:00:00+00:00,ZB,gap,info_session_or_outage,gap of 3 days 00:00:00 (expected 1 days 00:00:00),treasury
2017-07-05 00:00:00+00:00,ZB,gap,info_session_or_outage,gap of 2 days 00:00:00 (expected 1 days 00:00:00),treasury
2017-07-10 00:00:00+00:00,ZB,gap,info_session_or_outage,gap of 3 days 00:00:00 (expected 1 days 00:00:00),treasury
2017-07-17 00:00:00+00:00,ZB,gap,info_session_or_outage,gap of 3 days 00:00:00 (expected 1 days 00:00:00),treasury
2017-07-24 00:00:00+00:00,ZB,gap,info_session_or_outage,gap of 3 days 00:00:00 (expected 1 days 00:00:00),treasury
2017-07-31 00:00:00+00:00,ZB,gap,info_session_or_outage,gap of 3 days 00:00:00 (expected 1 days 00:00:00),treasury
2017-08-07 00:00:00+00:00,ZB,gap,info_session_or_outage,gap of 3 days 00:00:00 (expected 1 days 00:00:00),treasury
2017-08-14 00:00:00+00:00,ZB,gap,info_session_or_outage,gap of 3 days 00:00:00 (expected 1 days 00:00:00),treasury
2017-08-21 00:00:00+00:00,ZB,gap,info_session_or_outage,gap of 3 days 00:00:00 (expected 1 days 00:00:00),treasury
2017-08-28 00:00:00+00:00,ZB,gap,info_session_or_outage,gap of 3 days 00:00:00 (expected 1 days 00:00:00),treasury
2017-09-05 00:00:00+00:00,ZB,gap,info_session_or_outage,gap of 4 days 00:00:00 (expected 1 days 00:00:00),treasury
2017-09-11 00:00:00+00:00,ZB,gap,info_session_or_outage,gap of 3 days 00:00:00 (expected 1 days 00:00:00),treasury
2017-09-18 00:00:00+00:00,ZB,gap,info_session_or_outage,gap of 3 days 00:00:00 (expected 1 days 00:00:00),treasury
2017-09-25 00:00:00+00:00,ZB,gap,info_session_or_outage,gap of 3 days 00:00:00 (expected 1 days 00:00:00),treasury
2017-10-02 00:00:00+00:00,ZB,gap,info_session_or_outage,gap of 3 days 00:00:00 (expected 1 days 00:00:00),treasury
2017-10-09 00:00:00+00:00,ZB,gap,info_session_or_outage,gap of 3 days 00:00:00 (expected 1 days 00:00:00),treasury
2017-10-16 00:00:00+00:00,ZB,gap,info_session_or_outage,gap of 3 days 00:00:00 (expected 1 days 00:00:00),treasury
2017-10-23 00:00:00+00:00,ZB,gap,info_session_or_outage,gap of 3 days 00:00:00 (expected 1 days 00:00:00),treasury
2017-10-30 00:00:00+00:00,ZB,gap,info_session_or_outage,gap of 3 days 00:00:00 (expected 1 days 00:00:00),treasury
2017-11-06 00:00:00+00:00,ZB,gap,info_session_or_outage,gap of 3 days 00:00:00 (expected 1 days 00:00:00),treasury
2017-11-13 00:00:00+00:00,ZB,gap,info_session_or_outage,gap of 3 days 00:00:00 (expected 1 days 00:00:00),treasury
2017-11-20 00:00:00+00:00,ZB,gap,info_session_or_outage,gap of 3 days 00:00:00 (expected 1 days 00:00:00),treasury
2017-11-24 00:00:00+00:00,ZB,gap,info_session_or_outage,gap of 2 days 00:00:00 (expected 1 days 00:00:00),treasury
2017-11-27 00:00:00+00:00,ZB,gap,info_session_or_outage,gap of 3 days 00:00:00 (expected 1 days 00:00:00),treasury
2017-12-04 00:00:00+00:00,ZB,gap,info_session_or_outage,gap of 3 days 00:00:00 (expected 1 days 00:00:00),treasury
2017-12-11 00:00:00+00:00,ZB,gap,info_session_or_outage,gap of 3 days 00:00:00 (expected 1 days 00:00:00),treasury
2017-12-18 00:00:00+00:00,ZB,gap,info_session_or_outage,gap of 3 days 00:00:00 (expected 1 days 00:00:00),treasury
2017-12-26 00:00:00+00:00,ZB,gap,info_session_or_outage,gap of 4 days 00:00:00 (expected 1 days 00:00:00),treasury
2018-01-02 00:00:00+00:00,ZB,gap,info_session_or_outage,gap of 4 days 00:00:00 (expected 1 days 00:00:00),treasury
2018-01-08 00:00:00+00:00,ZB,gap,info_session_or_outage,gap of 3 days 00:00:00 (expected 1 days 00:00:00),treasury
2018-01-16 00:00:00+00:00,ZB,gap,info_session_or_outage,gap of 4 days 00:00:00 (expected 1 days 00:00:00),treasury
2018-01-22 00:00:00+00:00,ZB,gap,info_session_or_outage,gap of 3 days 00:00:00 (expected 1 days 00:00:00),treasury
2018-01-29 00:00:00+00:00,ZB,gap,info_session_or_outage,gap of 3 days 00:00:00 (expected 1 days 00:00:00),treasury
2018-02-05 00:00:00+00:00,ZB,gap,info_session_or_outage,gap of 3 days 00:00:00 (expected 1 days 00:00:00),treasury
2018-02-12 00:00:00+00:00,ZB,gap,info_session_or_outage,gap of 3 days 00:00:00 (expected 1 days 00:00:00),treasury
2018-02-20 00:00:00+00:00,ZB,gap,info_session_or_outage,gap of 4 days 00:00:00 (expected 1 days 00:00:00),treasury
2018-02-26 00:00:00+00:00,ZB,gap,info_session_or_outage,gap of 3 days 00:00:00 (expected 1 days 00:00:00),treasury
2018-03-05 00:00:00+00:00,ZB,gap,info_session_or_outage,gap of 3 days 00:00:00 (expected 1 days 00:00:00),treasury
2018-03-12 00:00:00+00:00,ZB,gap,info_session_or_outage,gap of 3 days 00:00:00 (expected 1 days 00:00:00),treasury
2018-03-19 00:00:00+00:00,ZB,gap,info_session_or_outage,gap of 3 days 00:00:00 (expected 1 days 00:00:00),treasury
2018-03-26 00:00:00+00:00,ZB,gap,info_session_or_outage,gap of 3 days 00:00:00 (expected 1 days 00:00:00),treasury
2018-04-02 00:00:00+00:00,ZB,gap,info_session_or_outage,gap of 4 days 00:00:00 (expected 1 days 00:00:00),treasury
2018-04-09 00:00:00+00:00,ZB,gap,info_session_or_outage,gap of 3 days 00:00:00 (expected 1 days 00:00:00),treasury
2018-04-16 00:00:00+00:00,ZB,gap,info_session_or_outage,gap of 3 days 00:00:00 (expected 1 days 00:00:00),treasury
2018-04-23 00:00:00+00:00,ZB,gap,info_session_or_outage,gap of 3 days 00:00:00 (expected 1 days 00:00:00),treasury
2018-04-30 00:00:00+00:00,ZB,gap,info_session_or_outage,gap of 3 days 00:00:00 (expected 1 days 00:00:00),treasury
2018-05-07 00:00:00+00:00,ZB,gap,info_session_or_outage,gap of 3 days 00:00:00 (expected 1 days 00:00:00),treasury
2018-05-14 00:00:00+00:00,ZB,gap,info_session_or_outage,gap of 3 days 00:00:00 (expected 1 days 00:00:00),treasury
2018-05-21 00:00:00+00:00,ZB,gap,info_session_or_outage,gap of 3 days 00:00:00 (expected 1 days 00:00:00),treasury
2018-05-29 00:00:00+00:00,ZB,gap,info_session_or_outage,gap of 4 days 00:00:00 (expected 1 days 00:00:00),treasury
2018-06-04 00:00:00+00:00,ZB,gap,info_session_or_outage,gap of 3 days 00:00:00 (expected 1 days 00:00:00),treasury
2018-06-11 00:00:00+00:00,ZB,gap,info_session_or_outage,gap of 3 days 00:00:00 (expected 1 days 00:00:00),treasury
2018-06-18 00:00:00+00:00,ZB,gap,info_session_or_outage,gap of 3 days 00:00:00 (expected 1 days 00:00:00),treasury
2018-06-25 00:00:00+00:00,ZB,gap,info_session_or_outage,gap of 3 days 00:00:00 (expected 1 days 00:00:00),treasury
2018-07-02 00:00:00+00:00,ZB,gap,info_session_or_outage,gap of 3 days 00:00:00 (expected 1 days 00:00:00),treasury
2018-07-05 00:00:00+00:00,ZB,gap,info_session_or_outage,gap of 2 days 00:00:00 (expected 1 days 00:00:00),treasury
2018-07-09 00:00:00+00:00,ZB,gap,info_session_or_outage,gap of 3 days 00:00:00 (expected 1 days 00:00:00),treasury
2018-07-16 00:00:00+00:00,ZB,gap,info_session_or_outage,gap of 3 days 00:00:00 (expected 1 days 00:00:00),treasury
2018-07-23 00:00:00+00:00,ZB,gap,info_session_or_outage,gap of 3 days 00:00:00 (expected 1 days 00:00:00),treasury
2018-07-30 00:00:00+00:00,ZB,gap,info_session_or_outage,gap of 3 days 00:00:00 (expected 1 days 00:00:00),treasury
2018-08-06 00:00:00+00:00,ZB,gap,info_session_or_outage,gap of 3 days 00:00:00 (expected 1 days 00:00:00),treasury
2018-08-13 00:00:00+00:00,ZB,gap,info_session_or_outage,gap of 3 days 00:00:00 (expected 1 days 00:00:00),treasury
2018-08-20 00:00:00+00:00,ZB,gap,info_session_or_outage,gap of 3 days 00:00:00 (expected 1 days 00:00:00),treasury
2018-08-27 00:00:00+00:00,ZB,gap,info_session_or_outage,gap of 3 days 00:00:00 (expected 1 days 00:00:00),treasury
2018-09-04 00:00:00+00:00,ZB,gap,info_session_or_outage,gap of 4 days 00:00:00 (expected 1 days 00:00:00),treasury
2018-09-10 00:00:00+00:00,ZB,gap,info_session_or_outage,gap of 3 days 00:00:00 (expected 1 days 00:00:00),treasury
2018-09-17 00:00:00+00:00,ZB,gap,info_session_or_outage,gap of 3 days 00:00:00 (expected 1 days 00:00:00),treasury
2018-09-24 00:00:00+00:00,ZB,gap,info_session_or_outage,gap of 3 days 00:00:00 (expected 1 days 00:00:00),treasury
2018-10-01 00:00:00+00:00,ZB,gap,info_session_or_outage,gap of 3 days 00:00:00 (expected 1 days 00:00:00),treasury
2018-10-08 00:00:00+00:00,ZB,gap,info_session_or_outage,gap of 3 days 00:00:00 (expected 1 days 00:00:00),treasury
2018-10-15 00:00:00+00:00,ZB,gap,info_session_or_outage,gap of 3 days 00:00:00 (expected 1 days 00:00:00),treasury
2018-10-22 00:00:00+00:00,ZB,gap,info_session_or_outage,gap of 3 days 00:00:00 (expected 1 days 00:00:00),treasury
2018-10-29 00:00:00+00:00,ZB,gap,info_session_or_outage,gap of 3 days 00:00:00 (expected 1 days 00:00:00),treasury
2018-11-05 00:00:00+00:00,ZB,gap,info_session_or_outage,gap of 3 days 00:00:00 (expected 1 days 00:00:00),treasury
2018-11-12 00:00:00+00:00,ZB,gap,info_session_or_outage,gap of 3 days 00:00:00 (expected 1 days 00:00:00),treasury
2018-11-19 00:00:00+00:00,ZB,gap,info_session_or_outage,gap of 3 days 00:00:00 (expected 1 days 00:00:00),treasury
2018-11-23 00:00:00+00:00,ZB,gap,info_session_or_outage,gap of 2 days 00:00:00 (expected 1 days 00:00:00),treasury
2018-11-26 00:00:00+00:00,ZB,gap,info_session_or_outage,gap of 3 days 00:00:00 (expected 1 days 00:00:00),treasury
2018-12-03 00:00:00+00:00,ZB,gap,info_session_or_outage,gap of 3 days 00:00:00 (expected 1 days 00:00:00),treasury
2018-12-06 00:00:00+00:00,ZB,gap,info_session_or_outage,gap of 2 days 00:00:00 (expected 1 days 00:00:00),treasury
2018-12-10 00:00:00+00:00,ZB,gap,info_session_or_outage,gap of 3 days 00:00:00 (expected 1 days 00:00:00),treasury
2018-12-17 00:00:00+00:00,ZB,gap,info_session_or_outage,gap of 3 days 00:00:00 (expected 1 days 00:00:00),treasury
2018-12-24 00:00:00+00:00,ZB,gap,info_session_or_outage,gap of 3 days 00:00:00 (expected 1 days 00:00:00),treasury
2018-12-26 00:00:00+00:00,ZB,gap,info_session_or_outage,gap of 2 days 00:00:00 (expected 1 days 00:00:00),treasury
2018-12-31 00:00:00+00:00,ZB,gap,info_session_or_outage,gap of 3 days 00:00:00 (expected 1 days 00:00:00),treasury
2019-01-02 00:00:00+00:00,ZB,gap,info_session_or_outage,gap of 2 days 00:00:00 (expected 1 days 00:00:00),treasury
2019-01-07 00:00:00+00:00,ZB,gap,info_session_or_outage,gap of 3 days 00:00:00 (expected 1 days 00:00:00),treasury
2019-01-14 00:00:00+00:00,ZB,gap,info_session_or_outage,gap of 3 days 00:00:00 (expected 1 days 00:00:00),treasury
2019-01-22 00:00:00+00:00,ZB,gap,info_session_or_outage,gap of 4 days 00:00:00 (expected 1 days 00:00:00),treasury
2019-01-28 00:00:00+00:00,ZB,gap,info_session_or_outage,gap of 3 days 00:00:00 (expected 1 days 00:00:00),treasury
2019-02-04 00:00:00+00:00,ZB,gap,info_session_or_outage,gap of 3 days 00:00:00 (expected 1 days 00:00:00),treasury
2019-02-11 00:00:00+00:00,ZB,gap,info_session_or_outage,gap of 3 days 00:00:00 (expected 1 days 00:00:00),treasury
2019-02-19 00:00:00+00:00,ZB,gap,info_session_or_outage,gap of 4 days 00:00:00 (expected 1 days 00:00:00),treasury
2019-02-25 00:00:00+00:00,ZB,gap,info_session_or_outage,gap of 3 days 00:00:00 (expected 1 days 00:00:00),treasury
2019-03-04 00:00:00+00:00,ZB,gap,info_session_or_outage,gap of 3 days 00:00:00 (expected 1 days 00:00:00),treasury
2019-03-11 00:00:00+00:00,ZB,gap,info_session_or_outage,gap of 3 days 00:00:00 (expected 1 days 00:00:00),treasury
2019-03-18 00:00:00+00:00,ZB,gap,info_session_or_outage,gap of 3 days 00:00:00 (expected 1 days 00:00:00),treasury
2019-03-25 00:00:00+00:00,ZB,gap,info_session_or_outage,gap of 3 days 00:00:00 (expected 1 days 00:00:00),treasury
2019-04-01 00:00:00+00:00,ZB,gap,info_session_or_outage,gap of 3 days 00:00:00 (expected 1 days 00:00:00),treasury
2019-04-08 00:00:00+00:00,ZB,gap,info_session_or_outage,gap of 3 days 00:00:00 (expected 1 days 00:00:00),treasury
2019-04-15 00:00:00+00:00,ZB,gap,info_session_or_outage,gap of 3 days 00:00:00 (expected 1 days 00:00:00),treasury
2019-04-22 00:00:00+00:00,ZB,gap,info_session_or_outage,gap of 4 days 00:00:00 (expected 1 days 00:00:00),treasury
2019-04-29 00:00:00+00:00,ZB,gap,info_session_or_outage,gap of 3 days 00:00:00 (expected 1 days 00:00:00),treasury
2019-05-06 00:00:00+00:00,ZB,gap,info_session_or_outage,gap of 3 days 00:00:00 (expected 1 days 00:00:00),treasury
2019-05-13 00:00:00+00:00,ZB,gap,info_session_or_outage,gap of 3 days 00:00:00 (expected 1 days 00:00:00),treasury
2019-05-20 00:00:00+00:00,ZB,gap,info_session_or_outage,gap of 3 days 00:00:00 (expected 1 days 00:00:00),treasury
2019-05-28 00:00:00+00:00,ZB,gap,info_session_or_outage,gap of 4 days 00:00:00 (expected 1 days 00:00:00),treasury
2019-06-03 00:00:00+00:00,ZB,gap,info_session_or_outage,gap of 3 days 00:00:00 (expected 1 days 00:00:00),treasury
2019-06-10 00:00:00+00:00,ZB,gap,info_session_or_outage,gap of 3 days 00:00:00 (expected 1 days 00:00:00),treasury
2019-06-17 00:00:00+00:00,ZB,gap,info_session_or_outage,gap of 3 days 00:00:00 (expected 1 days 00:00:00),treasury
2019-06-24 00:00:00+00:00,ZB,gap,info_session_or_outage,gap of 3 days 00:00:00 (expected 1 days 00:00:00),treasury
2019-07-01 00:00:00+00:00,ZB,gap,info_session_or_outage,gap of 3 days 00:00:00 (expected 1 days 00:00:00),treasury
2019-07-05 00:00:00+00:00,ZB,gap,info_session_or_outage,gap of 2 days 00:00:00 (expected 1 days 00:00:00),treasury
2019-07-08 00:00:00+00:00,ZB,gap,info_session_or_outage,gap of 3 days 00:00:00 (expected 1 days 00:00:00),treasury
2019-07-15 00:00:00+00:00,ZB,gap,info_session_or_outage,gap of 3 days 00:00:00 (expected 1 days 00:00:00),treasury
2019-07-22 00:00:00+00:00,ZB,gap,info_session_or_outage,gap of 3 days 00:00:00 (expected 1 days 00:00:00),treasury
2019-07-29 00:00:00+00:00,ZB,gap,info_session_or_outage,gap of 3 days 00:00:00 (expected 1 days 00:00:00),treasury
2019-08-05 00:00:00+00:00,ZB,gap,info_session_or_outage,gap of 3 days 00:00:00 (expected 1 days 00:00:00),treasury
2019-08-12 00:00:00+00:00,ZB,gap,info_session_or_outage,gap of 3 days 00:00:00 (expected 1 days 00:00:00),treasury
2019-08-19 00:00:00+00:00,ZB,gap,info_session_or_outage,gap of 3 days 00:00:00 (expected 1 days 00:00:00),treasury
2019-08-26 00:00:00+00:00,ZB,gap,info_session_or_outage,gap of 3 days 00:00:00 (expected 1 days 00:00:00),treasury
2019-09-03 00:00:00+00:00,ZB,gap,info_session_or_outage,gap of 4 days 00:00:00 (expected 1 days 00:00:00),treasury
2019-09-09 00:00:00+00:00,ZB,gap,info_session_or_outage,gap of 3 days 00:00:00 (expected 1 days 00:00:00),treasury
2019-09-16 00:00:00+00:00,ZB,gap,info_session_or_outage,gap of 3 days 00:00:00 (expected 1 days 00:00:00),treasury
2019-09-23 00:00:00+00:00,ZB,gap,info_session_or_outage,gap of 3 days 00:00:00 (expected 1 days 00:00:00),treasury
2019-09-30 00:00:00+00:00,ZB,gap,info_session_or_outage,gap of 3 days 00:00:00 (expected 1 days 00:00:00),treasury
2019-10-07 00:00:00+00:00,ZB,gap,info_session_or_outage,gap of 3 days 00:00:00 (expected 1 days 00:00:00),treasury
2019-10-14 00:00:00+00:00,ZB,gap,info_session_or_outage,gap of 3 days 00:00:00 (expected 1 days 00:00:00),treasury
2019-10-21 00:00:00+00:00,ZB,gap,info_session_or_outage,gap of 3 days 00:00:00 (expected 1 days 00:00:00),treasury
2019-10-28 00:00:00+00:00,ZB,gap,info_session_or_outage,gap of 3 days 00:00:00 (expected 1 days 00:00:00),treasury
2019-11-04 00:00:00+00:00,ZB,gap,info_session_or_outage,gap of 3 days 00:00:00 (expected 1 days 00:00:00),treasury
2019-11-11 00:00:00+00:00,ZB,gap,info_session_or_outage,gap of 3 days 00:00:00 (expected 1 days 00:00:00),treasury
2019-11-18 00:00:00+00:00,ZB,gap,info_session_or_outage,gap of 3 days 00:00:00 (expected 1 days 00:00:00),treasury
2019-11-25 00:00:00+00:00,ZB,gap,info_session_or_outage,gap of 3 days 00:00:00 (expected 1 days 00:00:00),treasury
2019-11-29 00:00:00+00:00,ZB,gap,info_session_or_outage,gap of 2 days 00:00:00 (expected 1 days 00:00:00),treasury
2019-12-02 00:00:00+00:00,ZB,gap,info_session_or_outage,gap of 3 days 00:00:00 (expected 1 days 00:00:00),treasury
2019-12-09 00:00:00+00:00,ZB,gap,info_session_or_outage,gap of 3 days 00:00:00 (expected 1 days 00:00:00),treasury
2019-12-16 00:00:00+00:00,ZB,gap,info_session_or_outage,gap of 3 days 00:00:00 (expected 1 days 00:00:00),treasury
2019-12-23 00:00:00+00:00,ZB,gap,info_session_or_outage,gap of 3 days 00:00:00 (expected 1 days 00:00:00),treasury
2019-12-26 00:00:00+00:00,ZB,gap,info_session_or_outage,gap of 2 days 00:00:00 (expected 1 days 00:00:00),treasury
2019-12-30 00:00:00+00:00,ZB,gap,info_session_or_outage,gap of 3 days 00:00:00 (expected 1 days 00:00:00),treasury
2020-01-02 00:00:00+00:00,ZB,gap,info_session_or_outage,gap of 2 days 00:00:00 (expected 1 days 00:00:00),treasury
2020-01-06 00:00:00+00:00,ZB,gap,info_session_or_outage,gap of 3 days 00:00:00 (expected 1 days 00:00:00),treasury
2020-01-13 00:00:00+00:00,ZB,gap,info_session_or_outage,gap of 3 days 00:00:00 (expected 1 days 00:00:00),treasury
2020-01-21 00:00:00+00:00,ZB,gap,info_session_or_outage,gap of 4 days 00:00:00 (expected 1 days 00:00:00),treasury
2020-01-27 00:00:00+00:00,ZB,gap,info_session_or_outage,gap of 3 days 00:00:00 (expected 1 days 00:00:00),treasury
2020-02-03 00:00:00+00:00,ZB,gap,info_session_or_outage,gap of 3 days 00:00:00 (expected 1 days 00:00:00),treasury
2020-02-10 00:00:00+00:00,ZB,gap,info_session_or_outage,gap of 3 days 00:00:00 (expected 1 days 00:00:00),treasury
2020-02-18 00:00:00+00:00,ZB,gap,info_session_or_outage,gap of 4 days 00:00:00 (expected 1 days 00:00:00),treasury
2020-02-24 00:00:00+00:00,ZB,gap,info_session_or_outage,gap of 3 days 00:00:00 (expected 1 days 00:00:00),treasury
2020-03-02 00:00:00+00:00,ZB,gap,info_session_or_outage,gap of 3 days 00:00:00 (expected 1 days 00:00:00),treasury
2020-03-09 00:00:00+00:00,ZB,gap,info_session_or_outage,gap of 3 days 00:00:00 (expected 1 days 00:00:00),treasury
2020-03-16 00:00:00+00:00,ZB,gap,info_session_or_outage,gap of 3 days 00:00:00 (expected 1 days 00:00:00),treasury
2020-03-23 00:00:00+00:00,ZB,gap,info_session_or_outage,gap of 3 days 00:00:00 (expected 1 days 00:00:00),treasury
2020-03-30 00:00:00+00:00,ZB,gap,info_session_or_outage,gap of 3 days 00:00:00 (expected 1 days 00:00:00),treasury
2020-04-06 00:00:00+00:00,ZB,gap,info_session_or_outage,gap of 3 days 00:00:00 (expected 1 days 00:00:00),treasury
2020-04-13 00:00:00+00:00,ZB,gap,info_session_or_outage,gap of 4 days 00:00:00 (expected 1 days 00:00:00),treasury
2020-04-20 00:00:00+00:00,ZB,gap,info_session_or_outage,gap of 3 days 00:00:00 (expected 1 days 00:00:00),treasury
2020-04-27 00:00:00+00:00,ZB,gap,info_session_or_outage,gap of 3 days 00:00:00 (expected 1 days 00:00:00),treasury
2020-05-04 00:00:00+00:00,ZB,gap,info_session_or_outage,gap of 3 days 00:00:00 (expected 1 days 00:00:00),treasury
2020-05-11 00:00:00+00:00,ZB,gap,info_session_or_outage,gap of 3 days 00:00:00 (expected 1 days 00:00:00),treasury
2020-05-18 00:00:00+00:00,ZB,gap,info_session_or_outage,gap of 3 days 00:00:00 (expected 1 days 00:00:00),treasury
2020-05-26 00:00:00+00:00,ZB,gap,info_session_or_outage,gap of 4 days 00:00:00 (expected 1 days 00:00:00),treasury
2020-06-01 00:00:00+00:00,ZB,gap,info_session_or_outage,gap of 3 days 00:00:00 (expected 1 days 00:00:00),treasury
2020-06-08 00:00:00+00:00,ZB,gap,info_session_or_outage,gap of 3 days 00:00:00 (expected 1 days 00:00:00),treasury
2020-06-15 00:00:00+00:00,ZB,gap,info_session_or_outage,gap of 3 days 00:00:00 (expected 1 days 00:00:00),treasury
2020-06-22 00:00:00+00:00,ZB,gap,info_session_or_outage,gap of 3 days 00:00:00 (expected 1 days 00:00:00),treasury
2020-06-29 00:00:00+00:00,ZB,gap,info_session_or_outage,gap of 3 days 00:00:00 (expected 1 days 00:00:00),treasury
2020-07-06 00:00:00+00:00,ZB,gap,info_session_or_outage,gap of 4 days 00:00:00 (expected 1 days 00:00:00),treasury
2020-07-13 00:00:00+00:00,ZB,gap,info_session_or_outage,gap of 3 days 00:00:00 (expected 1 days 00:00:00),treasury
2020-07-20 00:00:00+00:00,ZB,gap,info_session_or_outage,gap of 3 days 00:00:00 (expected 1 days 00:00:00),treasury
2020-07-27 00:00:00+00:00,ZB,gap,info_session_or_outage,gap of 3 days 00:00:00 (expected 1 days 00:00:00),treasury
2020-08-03 00:00:00+00:00,ZB,gap,info_session_or_outage,gap of 3 days 00:00:00 (expected 1 days 00:00:00),treasury
2020-08-10 00:00:00+00:00,ZB,gap,info_session_or_outage,gap of 3 days 00:00:00 (expected 1 days 00:00:00),treasury
2020-08-17 00:00:00+00:00,ZB,gap,info_session_or_outage,gap of 3 days 00:00:00 (expected 1 days 00:00:00),treasury
2020-08-24 00:00:00+00:00,ZB,gap,info_session_or_outage,gap of 3 days 00:00:00 (expected 1 days 00:00:00),treasury
2020-08-31 00:00:00+00:00,ZB,gap,info_session_or_outage,gap of 3 days 00:00:00 (expected 1 days 00:00:00),treasury
2020-09-08 00:00:00+00:00,ZB,gap,info_session_or_outage,gap of 4 days 00:00:00 (expected 1 days 00:00:00),treasury
2020-09-14 00:00:00+00:00,ZB,gap,info_session_or_outage,gap of 3 days 00:00:00 (expected 1 days 00:00:00),treasury
2020-09-21 00:00:00+00:00,ZB,gap,info_session_or_outage,gap of 3 days 00:00:00 (expected 1 days 00:00:00),treasury
2020-09-28 00:00:00+00:00,ZB,gap,info_session_or_outage,gap of 3 days 00:00:00 (expected 1 days 00:00:00),treasury
2020-10-05 00:00:00+00:00,ZB,gap,info_session_or_outage,gap of 3 days 00:00:00 (expected 1 days 00:00:00),treasury
2020-10-12 00:00:00+00:00,ZB,gap,info_session_or_outage,gap of 3 days 00:00:00 (expected 1 days 00:00:00),treasury
2020-10-19 00:00:00+00:00,ZB,gap,info_session_or_outage,gap of 3 days 00:00:00 (expected 1 days 00:00:00),treasury
2020-10-26 00:00:00+00:00,ZB,gap,info_session_or_outage,gap of 3 days 00:00:00 (expected 1 days 00:00:00),treasury
2020-11-02 00:00:00+00:00,ZB,gap,info_session_or_outage,gap of 3 days 00:00:00 (expected 1 days 00:00:00),treasury
2020-11-09 00:00:00+00:00,ZB,gap,info_session_or_outage,gap of 3 days 00:00:00 (expected 1 days 00:00:00),treasury
2020-11-16 00:00:00+00:00,ZB,gap,info_session_or_outage,gap of 3 days 00:00:00 (expected 1 days 00:00:00),treasury
2020-11-23 00:00:00+00:00,ZB,gap,info_session_or_outage,gap of 3 days 00:00:00 (expected 1 days 00:00:00),treasury
2020-11-27 00:00:00+00:00,ZB,gap,info_session_or_outage,gap of 2 days 00:00:00 (expected 1 days 00:00:00),treasury
2020-11-30 00:00:00+00:00,ZB,gap,info_session_or_outage,gap of 3 days 00:00:00 (expected 1 days 00:00:00),treasury
2020-12-07 00:00:00+00:00,ZB,gap,info_session_or_outage,gap of 3 days 00:00:00 (expected 1 days 00:00:00),treasury
2020-12-14 00:00:00+00:00,ZB,gap,info_session_or_outage,gap of 3 days 00:00:00 (expected 1 days 00:00:00),treasury
2020-12-21 00:00:00+00:00,ZB,gap,info_session_or_outage,gap of 3 days 00:00:00 (expected 1 days 00:00:00),treasury
2020-12-28 00:00:00+00:00,ZB,gap,info_session_or_outage,gap of 4 days 00:00:00 (expected 1 days 00:00:00),treasury
2021-01-04 00:00:00+00:00,ZB,gap,info_session_or_outage,gap of 4 days 00:00:00 (expected 1 days 00:00:00),treasury
2021-01-11 00:00:00+00:00,ZB,gap,info_session_or_outage,gap of 3 days 00:00:00 (expected 1 days 00:00:00),treasury
2021-01-19 00:00:00+00:00,ZB,gap,info_session_or_outage,gap of 4 days 00:00:00 (expected 1 days 00:00:00),treasury
2021-01-25 00:00:00+00:00,ZB,gap,info_session_or_outage,gap of 3 days 00:00:00 (expected 1 days 00:00:00),treasury
2021-02-01 00:00:00+00:00,ZB,gap,info_session_or_outage,gap of 3 days 00:00:00 (expected 1 days 00:00:00),treasury
2021-02-08 00:00:00+00:00,ZB,gap,info_session_or_outage,gap of 3 days 00:00:00 (expected 1 days 00:00:00),treasury
2021-02-16 00:00:00+00:00,ZB,gap,info_session_or_outage,gap of 4 days 00:00:00 (expected 1 days 00:00:00),treasury
2021-02-22 00:00:00+00:00,ZB,gap,info_session_or_outage,gap of 3 days 00:00:00 (expected 1 days 00:00:00),treasury
2021-03-01 00:00:00+00:00,ZB,gap,info_session_or_outage,gap of 3 days 00:00:00 (expected 1 days 00:00:00),treasury
2021-03-08 00:00:00+00:00,ZB,gap,info_session_or_outage,gap of 3 days 00:00:00 (expected 1 days 00:00:00),treasury
2021-03-15 00:00:00+00:00,ZB,gap,info_session_or_outage,gap of 3 days 00:00:00 (expected 1 days 00:00:00),treasury
2021-03-22 00:00:00+00:00,ZB,gap,info_session_or_outage,gap of 3 days 00:00:00 (expected 1 days 00:00:00),treasury
2021-03-29 00:00:00+00:00,ZB,gap,info_session_or_outage,gap of 3 days 00:00:00 (expected 1 days 00:00:00),treasury
2021-04-05 00:00:00+00:00,ZB,gap,info_session_or_outage,gap of 4 days 00:00:00 (expected 1 days 00:00:00),treasury
2021-04-12 00:00:00+00:00,ZB,gap,info_session_or_outage,gap of 3 days 00:00:00 (expected 1 days 00:00:00),treasury
2021-04-19 00:00:00+00:00,ZB,gap,info_session_or_outage,gap of 3 days 00:00:00 (expected 1 days 00:00:00),treasury
2021-04-26 00:00:00+00:00,ZB,gap,info_session_or_outage,gap of 3 days 00:00:00 (expected 1 days 00:00:00),treasury
2021-05-03 00:00:00+00:00,ZB,gap,info_session_or_outage,gap of 3 days 00:00:00 (expected 1 days 00:00:00),treasury
2021-05-10 00:00:00+00:00,ZB,gap,info_session_or_outage,gap of 3 days 00:00:00 (expected 1 days 00:00:00),treasury
2021-05-17 00:00:00+00:00,ZB,gap,info_session_or_outage,gap of 3 days 00:00:00 (expected 1 days 00:00:00),treasury
2021-05-24 00:00:00+00:00,ZB,gap,info_session_or_outage,gap of 3 days 00:00:00 (expected 1 days 00:00:00),treasury
2021-06-01 00:00:00+00:00,ZB,gap,info_session_or_outage,gap of 4 days 00:00:00 (expected 1 days 00:00:00),treasury
2021-06-07 00:00:00+00:00,ZB,gap,info_session_or_outage,gap of 3 days 00:00:00 (expected 1 days 00:00:00),treasury
2021-06-14 00:00:00+00:00,ZB,gap,info_session_or_outage,gap of 3 days 00:00:00 (expected 1 days 00:00:00),treasury
2021-06-21 00:00:00+00:00,ZB,gap,info_session_or_outage,gap of 3 days 00:00:00 (expected 1 days 00:00:00),treasury
2021-06-28 00:00:00+00:00,ZB,gap,info_session_or_outage,gap of 3 days 00:00:00 (expected 1 days 00:00:00),treasury
2021-07-06 00:00:00+00:00,ZB,gap,info_session_or_outage,gap of 4 days 00:00:00 (expected 1 days 00:00:00),treasury
2021-07-12 00:00:00+00:00,ZB,gap,info_session_or_outage,gap of 3 days 00:00:00 (expected 1 days 00:00:00),treasury
2021-07-19 00:00:00+00:00,ZB,gap,info_session_or_outage,gap of 3 days 00:00:00 (expected 1 days 00:00:00),treasury
2021-07-26 00:00:00+00:00,ZB,gap,info_session_or_outage,gap of 3 days 00:00:00 (expected 1 days 00:00:00),treasury
2021-08-02 00:00:00+00:00,ZB,gap,info_session_or_outage,gap of 3 days 00:00:00 (expected 1 days 00:00:00),treasury
2021-08-09 00:00:00+00:00,ZB,gap,info_session_or_outage,gap of 3 days 00:00:00 (expected 1 days 00:00:00),treasury
2021-08-16 00:00:00+00:00,ZB,gap,info_session_or_outage,gap of 3 days 00:00:00 (expected 1 days 00:00:00),treasury
2021-08-23 00:00:00+00:00,ZB,gap,info_session_or_outage,gap of 3 days 00:00:00 (expected 1 days 00:00:00),treasury
2021-08-30 00:00:00+00:00,ZB,gap,info_session_or_outage,gap of 3 days 00:00:00 (expected 1 days 00:00:00),treasury
2021-09-07 00:00:00+00:00,ZB,gap,info_session_or_outage,gap of 4 days 00:00:00 (expected 1 days 00:00:00),treasury
2021-09-13 00:00:00+00:00,ZB,gap,info_session_or_outage,gap of 3 days 00:00:00 (expected 1 days 00:00:00),treasury
2021-09-20 00:00:00+00:00,ZB,gap,info_session_or_outage,gap of 3 days 00:00:00 (expected 1 days 00:00:00),treasury
2021-09-27 00:00:00+00:00,ZB,gap,info_session_or_outage,gap of 3 days 00:00:00 (expected 1 days 00:00:00),treasury
2021-10-04 00:00:00+00:00,ZB,gap,info_session_or_outage,gap of 3 days 00:00:00 (expected 1 days 00:00:00),treasury
2021-10-11 00:00:00+00:00,ZB,gap,info_session_or_outage,gap of 3 days 00:00:00 (expected 1 days 00:00:00),treasury
2021-10-18 00:00:00+00:00,ZB,gap,info_session_or_outage,gap of 3 days 00:00:00 (expected 1 days 00:00:00),treasury
2021-10-25 00:00:00+00:00,ZB,gap,info_session_or_outage,gap of 3 days 00:00:00 (expected 1 days 00:00:00),treasury
2021-11-01 00:00:00+00:00,ZB,gap,info_session_or_outage,gap of 3 days 00:00:00 (expected 1 days 00:00:00),treasury
2021-11-08 00:00:00+00:00,ZB,gap,info_session_or_outage,gap of 3 days 00:00:00 (expected 1 days 00:00:00),treasury
2021-11-15 00:00:00+00:00,ZB,gap,info_session_or_outage,gap of 3 days 00:00:00 (expected 1 days 00:00:00),treasury
2021-11-22 00:00:00+00:00,ZB,gap,info_session_or_outage,gap of 3 days 00:00:00 (expected 1 days 00:00:00),treasury
2021-11-26 00:00:00+00:00,ZB,gap,info_session_or_outage,gap of 2 days 00:00:00 (expected 1 days 00:00:00),treasury
2021-11-29 00:00:00+00:00,ZB,gap,info_session_or_outage,gap of 3 days 00:00:00 (expected 1 days 00:00:00),treasury
2021-12-06 00:00:00+00:00,ZB,gap,info_session_or_outage,gap of 3 days 00:00:00 (expected 1 days 00:00:00),treasury
2021-12-13 00:00:00+00:00,ZB,gap,info_session_or_outage,gap of 3 days 00:00:00 (expected 1 days 00:00:00),treasury
2021-12-20 00:00:00+00:00,ZB,gap,info_session_or_outage,gap of 3 days 00:00:00 (expected 1 days 00:00:00),treasury
2021-12-27 00:00:00+00:00,ZB,gap,info_session_or_outage,gap of 4 days 00:00:00 (expected 1 days 00:00:00),treasury
2022-01-03 00:00:00+00:00,ZB,gap,info_session_or_outage,gap of 3 days 00:00:00 (expected 1 days 00:00:00),treasury
2022-01-10 00:00:00+00:00,ZB,gap,info_session_or_outage,gap of 3 days 00:00:00 (expected 1 days 00:00:00),treasury
2022-01-18 00:00:00+00:00,ZB,gap,info_session_or_outage,gap of 4 days 00:00:00 (expected 1 days 00:00:00),treasury
2022-01-24 00:00:00+00:00,ZB,gap,info_session_or_outage,gap of 3 days 00:00:00 (expected 1 days 00:00:00),treasury
2022-01-31 00:00:00+00:00,ZB,gap,info_session_or_outage,gap of 3 days 00:00:00 (expected 1 days 00:00:00),treasury
2022-02-07 00:00:00+00:00,ZB,gap,info_session_or_outage,gap of 3 days 00:00:00 (expected 1 days 00:00:00),treasury
2022-02-14 00:00:00+00:00,ZB,gap,info_session_or_outage,gap of 3 days 00:00:00 (expected 1 days 00:00:00),treasury
2022-02-22 00:00:00+00:00,ZB,gap,info_session_or_outage,gap of 4 days 00:00:00 (expected 1 days 00:00:00),treasury
2022-02-28 00:00:00+00:00,ZB,gap,info_session_or_outage,gap of 3 days 00:00:00 (expected 1 days 00:00:00),treasury
2022-03-07 00:00:00+00:00,ZB,gap,info_session_or_outage,gap of 3 days 00:00:00 (expected 1 days 00:00:00),treasury
2022-03-14 00:00:00+00:00,ZB,gap,info_session_or_outage,gap of 3 days 00:00:00 (expected 1 days 00:00:00),treasury
2022-03-21 00:00:00+00:00,ZB,gap,info_session_or_outage,gap of 3 days 00:00:00 (expected 1 days 00:00:00),treasury
2022-03-28 00:00:00+00:00,ZB,gap,info_session_or_outage,gap of 3 days 00:00:00 (expected 1 days 00:00:00),treasury
2022-04-04 00:00:00+00:00,ZB,gap,info_session_or_outage,gap of 3 days 00:00:00 (expected 1 days 00:00:00),treasury
2022-04-11 00:00:00+00:00,ZB,gap,info_session_or_outage,gap of 3 days 00:00:00 (expected 1 days 00:00:00),treasury
2022-04-18 00:00:00+00:00,ZB,gap,info_session_or_outage,gap of 4 days 00:00:00 (expected 1 days 00:00:00),treasury
2022-04-25 00:00:00+00:00,ZB,gap,info_session_or_outage,gap of 3 days 00:00:00 (expected 1 days 00:00:00),treasury
2022-05-02 00:00:00+00:00,ZB,gap,info_session_or_outage,gap of 3 days 00:00:00 (expected 1 days 00:00:00),treasury
2022-05-09 00:00:00+00:00,ZB,gap,info_session_or_outage,gap of 3 days 00:00:00 (expected 1 days 00:00:00),treasury
2022-05-16 00:00:00+00:00,ZB,gap,info_session_or_outage,gap of 3 days 00:00:00 (expected 1 days 00:00:00),treasury
2022-05-23 00:00:00+00:00,ZB,gap,info_session_or_outage,gap of 3 days 00:00:00 (expected 1 days 00:00:00),treasury
2022-05-31 00:00:00+00:00,ZB,gap,info_session_or_outage,gap of 4 days 00:00:00 (expected 1 days 00:00:00),treasury
2022-06-06 00:00:00+00:00,ZB,gap,info_session_or_outage,gap of 3 days 00:00:00 (expected 1 days 00:00:00),treasury
2022-06-13 00:00:00+00:00,ZB,gap,info_session_or_outage,gap of 3 days 00:00:00 (expected 1 days 00:00:00),treasury
2022-06-21 00:00:00+00:00,ZB,gap,info_session_or_outage,gap of 4 days 00:00:00 (expected 1 days 00:00:00),treasury
2022-06-27 00:00:00+00:00,ZB,gap,info_session_or_outage,gap of 3 days 00:00:00 (expected 1 days 00:00:00),treasury
2022-07-05 00:00:00+00:00,ZB,gap,info_session_or_outage,gap of 4 days 00:00:00 (expected 1 days 00:00:00),treasury
2022-07-11 00:00:00+00:00,ZB,gap,info_session_or_outage,gap of 3 days 00:00:00 (expected 1 days 00:00:00),treasury
2022-07-18 00:00:00+00:00,ZB,gap,info_session_or_outage,gap of 3 days 00:00:00 (expected 1 days 00:00:00),treasury
2022-07-25 00:00:00+00:00,ZB,gap,info_session_or_outage,gap of 3 days 00:00:00 (expected 1 days 00:00:00),treasury
2022-08-01 00:00:00+00:00,ZB,gap,info_session_or_outage,gap of 3 days 00:00:00 (expected 1 days 00:00:00),treasury
2022-08-08 00:00:00+00:00,ZB,gap,info_session_or_outage,gap of 3 days 00:00:00 (expected 1 days 00:00:00),treasury
2022-08-15 00:00:00+00:00,ZB,gap,info_session_or_outage,gap of 3 days 00:00:00 (expected 1 days 00:00:00),treasury
2022-08-22 00:00:00+00:00,ZB,gap,info_session_or_outage,gap of 3 days 00:00:00 (expected 1 days 00:00:00),treasury
2022-08-29 00:00:00+00:00,ZB,gap,info_session_or_outage,gap of 3 days 00:00:00 (expected 1 days 00:00:00),treasury
2022-09-06 00:00:00+00:00,ZB,gap,info_session_or_outage,gap of 4 days 00:00:00 (expected 1 days 00:00:00),treasury
2022-09-12 00:00:00+00:00,ZB,gap,info_session_or_outage,gap of 3 days 00:00:00 (expected 1 days 00:00:00),treasury
2022-09-19 00:00:00+00:00,ZB,gap,info_session_or_outage,gap of 3 days 00:00:00 (expected 1 days 00:00:00),treasury
2022-09-26 00:00:00+00:00,ZB,gap,info_session_or_outage,gap of 3 days 00:00:00 (expected 1 days 00:00:00),treasury
2022-10-03 00:00:00+00:00,ZB,gap,info_session_or_outage,gap of 3 days 00:00:00 (expected 1 days 00:00:00),treasury
2022-10-10 00:00:00+00:00,ZB,gap,info_session_or_outage,gap of 3 days 00:00:00 (expected 1 days 00:00:00),treasury
2022-10-17 00:00:00+00:00,ZB,gap,info_session_or_outage,gap of 3 days 00:00:00 (expected 1 days 00:00:00),treasury
2022-10-24 00:00:00+00:00,ZB,gap,info_session_or_outage,gap of 3 days 00:00:00 (expected 1 days 00:00:00),treasury
2022-10-31 00:00:00+00:00,ZB,gap,info_session_or_outage,gap of 3 days 00:00:00 (expected 1 days 00:00:00),treasury
2022-11-07 00:00:00+00:00,ZB,gap,info_session_or_outage,gap of 3 days 00:00:00 (expected 1 days 00:00:00),treasury
2022-11-14 00:00:00+00:00,ZB,gap,info_session_or_outage,gap of 3 days 00:00:00 (expected 1 days 00:00:00),treasury
2022-11-21 00:00:00+00:00,ZB,gap,info_session_or_outage,gap of 3 days 00:00:00 (expected 1 days 00:00:00),treasury
2022-11-25 00:00:00+00:00,ZB,gap,info_session_or_outage,gap of 2 days 00:00:00 (expected 1 days 00:00:00),treasury
2022-11-28 00:00:00+00:00,ZB,gap,info_session_or_outage,gap of 3 days 00:00:00 (expected 1 days 00:00:00),treasury
2022-12-05 00:00:00+00:00,ZB,gap,info_session_or_outage,gap of 3 days 00:00:00 (expected 1 days 00:00:00),treasury
2022-12-12 00:00:00+00:00,ZB,gap,info_session_or_outage,gap of 3 days 00:00:00 (expected 1 days 00:00:00),treasury
2022-12-19 00:00:00+00:00,ZB,gap,info_session_or_outage,gap of 3 days 00:00:00 (expected 1 days 00:00:00),treasury
2022-12-27 00:00:00+00:00,ZB,gap,info_session_or_outage,gap of 4 days 00:00:00 (expected 1 days 00:00:00),treasury
2023-01-03 00:00:00+00:00,ZB,gap,info_session_or_outage,gap of 4 days 00:00:00 (expected 1 days 00:00:00),treasury
2023-01-09 00:00:00+00:00,ZB,gap,info_session_or_outage,gap of 3 days 00:00:00 (expected 1 days 00:00:00),treasury
2023-01-17 00:00:00+00:00,ZB,gap,info_session_or_outage,gap of 4 days 00:00:00 (expected 1 days 00:00:00),treasury
2023-01-23 00:00:00+00:00,ZB,gap,info_session_or_outage,gap of 3 days 00:00:00 (expected 1 days 00:00:00),treasury
2023-01-30 00:00:00+00:00,ZB,gap,info_session_or_outage,gap of 3 days 00:00:00 (expected 1 days 00:00:00),treasury
2023-02-06 00:00:00+00:00,ZB,gap,info_session_or_outage,gap of 3 days 00:00:00 (expected 1 days 00:00:00),treasury
2023-02-13 00:00:00+00:00,ZB,gap,info_session_or_outage,gap of 3 days 00:00:00 (expected 1 days 00:00:00),treasury
2023-02-21 00:00:00+00:00,ZB,gap,info_session_or_outage,gap of 4 days 00:00:00 (expected 1 days 00:00:00),treasury
2023-02-27 00:00:00+00:00,ZB,gap,info_session_or_outage,gap of 3 days 00:00:00 (expected 1 days 00:00:00),treasury
2023-03-06 00:00:00+00:00,ZB,gap,info_session_or_outage,gap of 3 days 00:00:00 (expected 1 days 00:00:00),treasury
2023-03-13 00:00:00+00:00,ZB,gap,info_session_or_outage,gap of 3 days 00:00:00 (expected 1 days 00:00:00),treasury
2023-03-20 00:00:00+00:00,ZB,gap,info_session_or_outage,gap of 3 days 00:00:00 (expected 1 days 00:00:00),treasury
2023-03-27 00:00:00+00:00,ZB,gap,info_session_or_outage,gap of 3 days 00:00:00 (expected 1 days 00:00:00),treasury
2023-04-03 00:00:00+00:00,ZB,gap,info_session_or_outage,gap of 3 days 00:00:00 (expected 1 days 00:00:00),treasury
2023-04-10 00:00:00+00:00,ZB,gap,info_session_or_outage,gap of 4 days 00:00:00 (expected 1 days 00:00:00),treasury
2023-04-17 00:00:00+00:00,ZB,gap,info_session_or_outage,gap of 3 days 00:00:00 (expected 1 days 00:00:00),treasury
2023-04-24 00:00:00+00:00,ZB,gap,info_session_or_outage,gap of 3 days 00:00:00 (expected 1 days 00:00:00),treasury
2023-05-01 00:00:00+00:00,ZB,gap,info_session_or_outage,gap of 3 days 00:00:00 (expected 1 days 00:00:00),treasury
2023-05-08 00:00:00+00:00,ZB,gap,info_session_or_outage,gap of 3 days 00:00:00 (expected 1 days 00:00:00),treasury
2023-05-15 00:00:00+00:00,ZB,gap,info_session_or_outage,gap of 3 days 00:00:00 (expected 1 days 00:00:00),treasury
2023-05-22 00:00:00+00:00,ZB,gap,info_session_or_outage,gap of 3 days 00:00:00 (expected 1 days 00:00:00),treasury
2023-05-30 00:00:00+00:00,ZB,gap,info_session_or_outage,gap of 4 days 00:00:00 (expected 1 days 00:00:00),treasury
2023-06-05 00:00:00+00:00,ZB,gap,info_session_or_outage,gap of 3 days 00:00:00 (expected 1 days 00:00:00),treasury
2023-06-12 00:00:00+00:00,ZB,gap,info_session_or_outage,gap of 3 days 00:00:00 (expected 1 days 00:00:00),treasury
2023-06-20 00:00:00+00:00,ZB,gap,info_session_or_outage,gap of 4 days 00:00:00 (expected 1 days 00:00:00),treasury
2023-06-26 00:00:00+00:00,ZB,gap,info_session_or_outage,gap of 3 days 00:00:00 (expected 1 days 00:00:00),treasury
2023-07-03 00:00:00+00:00,ZB,gap,info_session_or_outage,gap of 3 days 00:00:00 (expected 1 days 00:00:00),treasury
2023-07-05 00:00:00+00:00,ZB,gap,info_session_or_outage,gap of 2 days 00:00:00 (expected 1 days 00:00:00),treasury
2023-07-10 00:00:00+00:00,ZB,gap,info_session_or_outage,gap of 3 days 00:00:00 (expected 1 days 00:00:00),treasury
2023-07-17 00:00:00+00:00,ZB,gap,info_session_or_outage,gap of 3 days 00:00:00 (expected 1 days 00:00:00),treasury
2023-07-24 00:00:00+00:00,ZB,gap,info_session_or_outage,gap of 3 days 00:00:00 (expected 1 days 00:00:00),treasury
2023-07-31 00:00:00+00:00,ZB,gap,info_session_or_outage,gap of 3 days 00:00:00 (expected 1 days 00:00:00),treasury
2023-08-07 00:00:00+00:00,ZB,gap,info_session_or_outage,gap of 3 days 00:00:00 (expected 1 days 00:00:00),treasury
2023-08-14 00:00:00+00:00,ZB,gap,info_session_or_outage,gap of 3 days 00:00:00 (expected 1 days 00:00:00),treasury
2023-08-21 00:00:00+00:00,ZB,gap,info_session_or_outage,gap of 3 days 00:00:00 (expected 1 days 00:00:00),treasury
2023-08-28 00:00:00+00:00,ZB,gap,info_session_or_outage,gap of 3 days 00:00:00 (expected 1 days 00:00:00),treasury
2023-09-05 00:00:00+00:00,ZB,gap,info_session_or_outage,gap of 4 days 00:00:00 (expected 1 days 00:00:00),treasury
2023-09-11 00:00:00+00:00,ZB,gap,info_session_or_outage,gap of 3 days 00:00:00 (expected 1 days 00:00:00),treasury
2023-09-18 00:00:00+00:00,ZB,gap,info_session_or_outage,gap of 3 days 00:00:00 (expected 1 days 00:00:00),treasury
2023-09-25 00:00:00+00:00,ZB,gap,info_session_or_outage,gap of 3 days 00:00:00 (expected 1 days 00:00:00),treasury
2023-10-02 00:00:00+00:00,ZB,gap,info_session_or_outage,gap of 3 days 00:00:00 (expected 1 days 00:00:00),treasury
2023-10-09 00:00:00+00:00,ZB,gap,info_session_or_outage,gap of 3 days 00:00:00 (expected 1 days 00:00:00),treasury
2023-10-16 00:00:00+00:00,ZB,gap,info_session_or_outage,gap of 3 days 00:00:00 (expected 1 days 00:00:00),treasury
2023-10-23 00:00:00+00:00,ZB,gap,info_session_or_outage,gap of 3 days 00:00:00 (expected 1 days 00:00:00),treasury
2023-10-30 00:00:00+00:00,ZB,gap,info_session_or_outage,gap of 3 days 00:00:00 (expected 1 days 00:00:00),treasury
2023-11-06 00:00:00+00:00,ZB,gap,info_session_or_outage,gap of 3 days 00:00:00 (expected 1 days 00:00:00),treasury
2023-11-13 00:00:00+00:00,ZB,gap,info_session_or_outage,gap of 3 days 00:00:00 (expected 1 days 00:00:00),treasury
2023-11-20 00:00:00+00:00,ZB,gap,info_session_or_outage,gap of 3 days 00:00:00 (expected 1 days 00:00:00),treasury
2023-11-27 00:00:00+00:00,ZB,gap,info_session_or_outage,gap of 3 days 00:00:00 (expected 1 days 00:00:00),treasury
2023-12-04 00:00:00+00:00,ZB,gap,info_session_or_outage,gap of 3 days 00:00:00 (expected 1 days 00:00:00),treasury
2023-12-11 00:00:00+00:00,ZB,gap,info_session_or_outage,gap of 3 days 00:00:00 (expected 1 days 00:00:00),treasury
2023-12-18 00:00:00+00:00,ZB,gap,info_session_or_outage,gap of 3 days 00:00:00 (expected 1 days 00:00:00),treasury
2023-12-26 00:00:00+00:00,ZB,gap,info_session_or_outage,gap of 4 days 00:00:00 (expected 1 days 00:00:00),treasury
2024-01-02 00:00:00+00:00,ZB,gap,info_session_or_outage,gap of 4 days 00:00:00 (expected 1 days 00:00:00),treasury
2024-01-08 00:00:00+00:00,ZB,gap,info_session_or_outage,gap of 3 days 00:00:00 (expected 1 days 00:00:00),treasury
2024-01-16 00:00:00+00:00,ZB,gap,info_session_or_outage,gap of 4 days 00:00:00 (expected 1 days 00:00:00),treasury
2024-01-22 00:00:00+00:00,ZB,gap,info_session_or_outage,gap of 3 days 00:00:00 (expected 1 days 00:00:00),treasury
2024-01-29 00:00:00+00:00,ZB,gap,info_session_or_outage,gap of 3 days 00:00:00 (expected 1 days 00:00:00),treasury
2024-02-05 00:00:00+00:00,ZB,gap,info_session_or_outage,gap of 3 days 00:00:00 (expected 1 days 00:00:00),treasury
2024-02-12 00:00:00+00:00,ZB,gap,info_session_or_outage,gap of 3 days 00:00:00 (expected 1 days 00:00:00),treasury
2024-02-20 00:00:00+00:00,ZB,gap,info_session_or_outage,gap of 4 days 00:00:00 (expected 1 days 00:00:00),treasury
2024-02-26 00:00:00+00:00,ZB,gap,info_session_or_outage,gap of 3 days 00:00:00 (expected 1 days 00:00:00),treasury
2024-03-04 00:00:00+00:00,ZB,gap,info_session_or_outage,gap of 3 days 00:00:00 (expected 1 days 00:00:00),treasury
2024-03-11 00:00:00+00:00,ZB,gap,info_session_or_outage,gap of 3 days 00:00:00 (expected 1 days 00:00:00),treasury
2024-03-18 00:00:00+00:00,ZB,gap,info_session_or_outage,gap of 3 days 00:00:00 (expected 1 days 00:00:00),treasury
2024-03-25 00:00:00+00:00,ZB,gap,info_session_or_outage,gap of 3 days 00:00:00 (expected 1 days 00:00:00),treasury
2024-04-01 00:00:00+00:00,ZB,gap,info_session_or_outage,gap of 4 days 00:00:00 (expected 1 days 00:00:00),treasury
2024-04-08 00:00:00+00:00,ZB,gap,info_session_or_outage,gap of 3 days 00:00:00 (expected 1 days 00:00:00),treasury
2024-04-15 00:00:00+00:00,ZB,gap,info_session_or_outage,gap of 3 days 00:00:00 (expected 1 days 00:00:00),treasury
2024-04-22 00:00:00+00:00,ZB,gap,info_session_or_outage,gap of 3 days 00:00:00 (expected 1 days 00:00:00),treasury
2024-04-29 00:00:00+00:00,ZB,gap,info_session_or_outage,gap of 3 days 00:00:00 (expected 1 days 00:00:00),treasury
2024-05-06 00:00:00+00:00,ZB,gap,info_session_or_outage,gap of 3 days 00:00:00 (expected 1 days 00:00:00),treasury
2024-05-13 00:00:00+00:00,ZB,gap,info_session_or_outage,gap of 3 days 00:00:00 (expected 1 days 00:00:00),treasury
2024-05-20 00:00:00+00:00,ZB,gap,info_session_or_outage,gap of 3 days 00:00:00 (expected 1 days 00:00:00),treasury
2024-05-28 00:00:00+00:00,ZB,gap,info_session_or_outage,gap of 4 days 00:00:00 (expected 1 days 00:00:00),treasury
2024-06-03 00:00:00+00:00,ZB,gap,info_session_or_outage,gap of 3 days 00:00:00 (expected 1 days 00:00:00),treasury
2024-06-10 00:00:00+00:00,ZB,gap,info_session_or_outage,gap of 3 days 00:00:00 (expected 1 days 00:00:00),treasury
2024-06-17 00:00:00+00:00,ZB,gap,info_session_or_outage,gap of 3 days 00:00:00 (expected 1 days 00:00:00),treasury
2024-06-20 00:00:00+00:00,ZB,gap,info_session_or_outage,gap of 2 days 00:00:00 (expected 1 days 00:00:00),treasury
2024-06-24 00:00:00+00:00,ZB,gap,info_session_or_outage,gap of 3 days 00:00:00 (expected 1 days 00:00:00),treasury
2024-07-01 00:00:00+00:00,ZB,gap,info_session_or_outage,gap of 3 days 00:00:00 (expected 1 days 00:00:00),treasury
2024-07-05 00:00:00+00:00,ZB,gap,info_session_or_outage,gap of 2 days 00:00:00 (expected 1 days 00:00:00),treasury
2024-07-08 00:00:00+00:00,ZB,gap,info_session_or_outage,gap of 3 days 00:00:00 (expected 1 days 00:00:00),treasury
2024-07-15 00:00:00+00:00,ZB,gap,info_session_or_outage,gap of 3 days 00:00:00 (expected 1 days 00:00:00),treasury
2024-07-22 00:00:00+00:00,ZB,gap,info_session_or_outage,gap of 3 days 00:00:00 (expected 1 days 00:00:00),treasury
2024-07-29 00:00:00+00:00,ZB,gap,info_session_or_outage,gap of 3 days 00:00:00 (expected 1 days 00:00:00),treasury
2024-08-05 00:00:00+00:00,ZB,gap,info_session_or_outage,gap of 3 days 00:00:00 (expected 1 days 00:00:00),treasury
2024-08-12 00:00:00+00:00,ZB,gap,info_session_or_outage,gap of 3 days 00:00:00 (expected 1 days 00:00:00),treasury
2024-08-19 00:00:00+00:00,ZB,gap,info_session_or_outage,gap of 3 days 00:00:00 (expected 1 days 00:00:00),treasury
2024-08-26 00:00:00+00:00,ZB,gap,info_session_or_outage,gap of 3 days 00:00:00 (expected 1 days 00:00:00),treasury
2024-09-03 00:00:00+00:00,ZB,gap,info_session_or_outage,gap of 4 days 00:00:00 (expected 1 days 00:00:00),treasury
2024-09-09 00:00:00+00:00,ZB,gap,info_session_or_outage,gap of 3 days 00:00:00 (expected 1 days 00:00:00),treasury
2024-09-16 00:00:00+00:00,ZB,gap,info_session_or_outage,gap of 3 days 00:00:00 (expected 1 days 00:00:00),treasury
2024-09-23 00:00:00+00:00,ZB,gap,info_session_or_outage,gap of 3 days 00:00:00 (expected 1 days 00:00:00),treasury
2024-09-30 00:00:00+00:00,ZB,gap,info_session_or_outage,gap of 3 days 00:00:00 (expected 1 days 00:00:00),treasury
2024-10-07 00:00:00+00:00,ZB,gap,info_session_or_outage,gap of 3 days 00:00:00 (expected 1 days 00:00:00),treasury
2024-10-14 00:00:00+00:00,ZB,gap,info_session_or_outage,gap of 3 days 00:00:00 (expected 1 days 00:00:00),treasury
2024-10-21 00:00:00+00:00,ZB,gap,info_session_or_outage,gap of 3 days 00:00:00 (expected 1 days 00:00:00),treasury
2024-10-28 00:00:00+00:00,ZB,gap,info_session_or_outage,gap of 3 days 00:00:00 (expected 1 days 00:00:00),treasury
2024-11-04 00:00:00+00:00,ZB,gap,info_session_or_outage,gap of 3 days 00:00:00 (expected 1 days 00:00:00),treasury
2024-11-11 00:00:00+00:00,ZB,gap,info_session_or_outage,gap of 3 days 00:00:00 (expected 1 days 00:00:00),treasury
2024-11-18 00:00:00+00:00,ZB,gap,info_session_or_outage,gap of 3 days 00:00:00 (expected 1 days 00:00:00),treasury
2024-11-25 00:00:00+00:00,ZB,gap,info_session_or_outage,gap of 3 days 00:00:00 (expected 1 days 00:00:00),treasury
2024-11-29 00:00:00+00:00,ZB,gap,info_session_or_outage,gap of 2 days 00:00:00 (expected 1 days 00:00:00),treasury
2024-12-02 00:00:00+00:00,ZB,gap,info_session_or_outage,gap of 3 days 00:00:00 (expected 1 days 00:00:00),treasury
2024-12-09 00:00:00+00:00,ZB,gap,info_session_or_outage,gap of 3 days 00:00:00 (expected 1 days 00:00:00),treasury
2024-12-16 00:00:00+00:00,ZB,gap,info_session_or_outage,gap of 3 days 00:00:00 (expected 1 days 00:00:00),treasury
2024-12-23 00:00:00+00:00,ZB,gap,info_session_or_outage,gap of 3 days 00:00:00 (expected 1 days 00:00:00),treasury
2024-12-26 00:00:00+00:00,ZB,gap,info_session_or_outage,gap of 2 days 00:00:00 (expected 1 days 00:00:00),treasury
2024-12-30 00:00:00+00:00,ZB,gap,info_session_or_outage,gap of 3 days 00:00:00 (expected 1 days 00:00:00),treasury
2025-01-02 00:00:00+00:00,ZB,gap,info_session_or_outage,gap of 2 days 00:00:00 (expected 1 days 00:00:00),treasury
2025-01-06 00:00:00+00:00,ZB,gap,info_session_or_outage,gap of 3 days 00:00:00 (expected 1 days 00:00:00),treasury
2025-01-13 00:00:00+00:00,ZB,gap,info_session_or_outage,gap of 3 days 00:00:00 (expected 1 days 00:00:00),treasury
2025-01-21 00:00:00+00:00,ZB,gap,info_session_or_outage,gap of 4 days 00:00:00 (expected 1 days 00:00:00),treasury
2025-01-27 00:00:00+00:00,ZB,gap,info_session_or_outage,gap of 3 days 00:00:00 (expected 1 days 00:00:00),treasury
2025-02-03 00:00:00+00:00,ZB,gap,info_session_or_outage,gap of 3 days 00:00:00 (expected 1 days 00:00:00),treasury
2025-02-10 00:00:00+00:00,ZB,gap,info_session_or_outage,gap of 3 days 00:00:00 (expected 1 days 00:00:00),treasury
2025-02-18 00:00:00+00:00,ZB,gap,info_session_or_outage,gap of 4 days 00:00:00 (expected 1 days 00:00:00),treasury
2025-02-24 00:00:00+00:00,ZB,gap,info_session_or_outage,gap of 3 days 00:00:00 (expected 1 days 00:00:00),treasury
2025-03-03 00:00:00+00:00,ZB,gap,info_session_or_outage,gap of 3 days 00:00:00 (expected 1 days 00:00:00),treasury
2025-03-10 00:00:00+00:00,ZB,gap,info_session_or_outage,gap of 3 days 00:00:00 (expected 1 days 00:00:00),treasury
2025-03-17 00:00:00+00:00,ZB,gap,info_session_or_outage,gap of 3 days 00:00:00 (expected 1 days 00:00:00),treasury
2025-03-24 00:00:00+00:00,ZB,gap,info_session_or_outage,gap of 3 days 00:00:00 (expected 1 days 00:00:00),treasury
2025-03-31 00:00:00+00:00,ZB,gap,info_session_or_outage,gap of 3 days 00:00:00 (expected 1 days 00:00:00),treasury
2025-04-07 00:00:00+00:00,ZB,gap,info_session_or_outage,gap of 3 days 00:00:00 (expected 1 days 00:00:00),treasury
2025-04-14 00:00:00+00:00,ZB,gap,info_session_or_outage,gap of 3 days 00:00:00 (expected 1 days 00:00:00),treasury
2025-04-21 00:00:00+00:00,ZB,gap,info_session_or_outage,gap of 4 days 00:00:00 (expected 1 days 00:00:00),treasury
2025-04-28 00:00:00+00:00,ZB,gap,info_session_or_outage,gap of 3 days 00:00:00 (expected 1 days 00:00:00),treasury
2025-05-05 00:00:00+00:00,ZB,gap,info_session_or_outage,gap of 3 days 00:00:00 (expected 1 days 00:00:00),treasury
2025-05-12 00:00:00+00:00,ZB,gap,info_session_or_outage,gap of 3 days 00:00:00 (expected 1 days 00:00:00),treasury
2025-05-19 00:00:00+00:00,ZB,gap,info_session_or_outage,gap of 3 days 00:00:00 (expected 1 days 00:00:00),treasury
2025-05-27 00:00:00+00:00,ZB,gap,info_session_or_outage,gap of 4 days 00:00:00 (expected 1 days 00:00:00),treasury
2025-06-02 00:00:00+00:00,ZB,gap,info_session_or_outage,gap of 3 days 00:00:00 (expected 1 days 00:00:00),treasury
2025-06-09 00:00:00+00:00,ZB,gap,info_session_or_outage,gap of 3 days 00:00:00 (expected 1 days 00:00:00),treasury
2025-06-16 00:00:00+00:00,ZB,gap,info_session_or_outage,gap of 3 days 00:00:00 (expected 1 days 00:00:00),treasury
2025-06-20 00:00:00+00:00,ZB,gap,info_session_or_outage,gap of 2 days 00:00:00 (expected 1 days 00:00:00),treasury
2025-06-23 00:00:00+00:00,ZB,gap,info_session_or_outage,gap of 3 days 00:00:00 (expected 1 days 00:00:00),treasury
2025-06-30 00:00:00+00:00,ZB,gap,info_session_or_outage,gap of 3 days 00:00:00 (expected 1 days 00:00:00),treasury
2025-07-07 00:00:00+00:00,ZB,gap,info_session_or_outage,gap of 3 days 00:00:00 (expected 1 days 00:00:00),treasury
2025-07-14 00:00:00+00:00,ZB,gap,info_session_or_outage,gap of 3 days 00:00:00 (expected 1 days 00:00:00),treasury
2025-07-21 00:00:00+00:00,ZB,gap,info_session_or_outage,gap of 3 days 00:00:00 (expected 1 days 00:00:00),treasury
2025-07-28 00:00:00+00:00,ZB,gap,info_session_or_outage,gap of 3 days 00:00:00 (expected 1 days 00:00:00),treasury
2025-08-04 00:00:00+00:00,ZB,gap,info_session_or_outage,gap of 3 days 00:00:00 (expected 1 days 00:00:00),treasury
2025-08-11 00:00:00+00:00,ZB,gap,info_session_or_outage,gap of 3 days 00:00:00 (expected 1 days 00:00:00),treasury
2025-08-18 00:00:00+00:00,ZB,gap,info_session_or_outage,gap of 3 days 00:00:00 (expected 1 days 00:00:00),treasury
2025-08-25 00:00:00+00:00,ZB,gap,info_session_or_outage,gap of 3 days 00:00:00 (expected 1 days 00:00:00),treasury
2025-09-02 00:00:00+00:00,ZB,gap,info_session_or_outage,gap of 4 days 00:00:00 (expected 1 days 00:00:00),treasury
2025-09-08 00:00:00+00:00,ZB,gap,info_session_or_outage,gap of 3 days 00:00:00 (expected 1 days 00:00:00),treasury
2025-09-15 00:00:00+00:00,ZB,gap,info_session_or_outage,gap of 3 days 00:00:00 (expected 1 days 00:00:00),treasury
2025-09-22 00:00:00+00:00,ZB,gap,info_session_or_outage,gap of 3 days 00:00:00 (expected 1 days 00:00:00),treasury
2025-09-29 00:00:00+00:00,ZB,gap,info_session_or_outage,gap of 3 days 00:00:00 (expected 1 days 00:00:00),treasury
2025-10-06 00:00:00+00:00,ZB,gap,info_session_or_outage,gap of 3 days 00:00:00 (expected 1 days 00:00:00),treasury
2025-10-13 00:00:00+00:00,ZB,gap,info_session_or_outage,gap of 3 days 00:00:00 (expected 1 days 00:00:00),treasury
2025-10-20 00:00:00+00:00,ZB,gap,info_session_or_outage,gap of 3 days 00:00:00 (expected 1 days 00:00:00),treasury
2025-10-27 00:00:00+00:00,ZB,gap,info_session_or_outage,gap of 3 days 00:00:00 (expected 1 days 00:00:00),treasury
2025-11-03 00:00:00+00:00,ZB,gap,info_session_or_outage,gap of 3 days 00:00:00 (expected 1 days 00:00:00),treasury
2025-11-10 00:00:00+00:00,ZB,gap,info_session_or_outage,gap of 3 days 00:00:00 (expected 1 days 00:00:00),treasury
2025-11-17 00:00:00+00:00,ZB,gap,info_session_or_outage,gap of 3 days 00:00:00 (expected 1 days 00:00:00),treasury
2025-11-24 00:00:00+00:00,ZB,gap,info_session_or_outage,gap of 3 days 00:00:00 (expected 1 days 00:00:00),treasury
2025-11-28 00:00:00+00:00,ZB,gap,info_session_or_outage,gap of 2 days 00:00:00 (expected 1 days 00:00:00),treasury
2025-12-01 00:00:00+00:00,ZB,gap,info_session_or_outage,gap of 3 days 00:00:00 (expected 1 days 00:00:00),treasury
2025-12-08 00:00:00+00:00,ZB,gap,info_session_or_outage,gap of 3 days 00:00:00 (expected 1 days 00:00:00),treasury
2025-12-15 00:00:00+00:00,ZB,gap,info_session_or_outage,gap of 3 days 00:00:00 (expected 1 days 00:00:00),treasury
2025-12-22 00:00:00+00:00,ZB,gap,info_session_or_outage,gap of 3 days 00:00:00 (expected 1 days 00:00:00),treasury
2025-12-26 00:00:00+00:00,ZB,gap,info_session_or_outage,gap of 2 days 00:00:00 (expected 1 days 00:00:00),treasury
2025-12-29 00:00:00+00:00,ZB,gap,info_session_or_outage,gap of 3 days 00:00:00 (expected 1 days 00:00:00),treasury
2026-01-02 00:00:00+00:00,ZB,gap,info_session_or_outage,gap of 2 days 00:00:00 (expected 1 days 00:00:00),treasury
2026-01-05 00:00:00+00:00,ZB,gap,info_session_or_outage,gap of 3 days 00:00:00 (expected 1 days 00:00:00),treasury
2026-01-12 00:00:00+00:00,ZB,gap,info_session_or_outage,gap of 3 days 00:00:00 (expected 1 days 00:00:00),treasury
2026-01-20 00:00:00+00:00,ZB,gap,info_session_or_outage,gap of 4 days 00:00:00 (expected 1 days 00:00:00),treasury
2026-01-26 00:00:00+00:00,ZB,gap,info_session_or_outage,gap of 3 days 00:00:00 (expected 1 days 00:00:00),treasury
2026-02-02 00:00:00+00:00,ZB,gap,info_session_or_outage,gap of 3 days 00:00:00 (expected 1 days 00:00:00),treasury
2026-02-09 00:00:00+00:00,ZB,gap,info_session_or_outage,gap of 3 days 00:00:00 (expected 1 days 00:00:00),treasury
2026-02-17 00:00:00+00:00,ZB,gap,info_session_or_outage,gap of 4 days 00:00:00 (expected 1 days 00:00:00),treasury
2026-02-23 00:00:00+00:00,ZB,gap,info_session_or_outage,gap of 3 days 00:00:00 (expected 1 days 00:00:00),treasury
2026-03-02 00:00:00+00:00,ZB,gap,info_session_or_outage,gap of 3 days 00:00:00 (expected 1 days 00:00:00),treasury
2026-03-09 00:00:00+00:00,ZB,gap,info_session_or_outage,gap of 3 days 00:00:00 (expected 1 days 00:00:00),treasury
2026-03-16 00:00:00+00:00,ZB,gap,info_session_or_outage,gap of 3 days 00:00:00 (expected 1 days 00:00:00),treasury
2026-03-23 00:00:00+00:00,ZB,gap,info_session_or_outage,gap of 3 days 00:00:00 (expected 1 days 00:00:00),treasury
2026-03-30 00:00:00+00:00,ZB,gap,info_session_or_outage,gap of 3 days 00:00:00 (expected 1 days 00:00:00),treasury
2026-04-06 00:00:00+00:00,ZB,gap,info_session_or_outage,gap of 4 days 00:00:00 (expected 1 days 00:00:00),treasury
2026-04-13 00:00:00+00:00,ZB,gap,info_session_or_outage,gap of 3 days 00:00:00 (expected 1 days 00:00:00),treasury
2026-04-20 00:00:00+00:00,ZB,gap,info_session_or_outage,gap of 3 days 00:00:00 (expected 1 days 00:00:00),treasury
2026-04-27 00:00:00+00:00,ZB,gap,info_session_or_outage,gap of 3 days 00:00:00 (expected 1 days 00:00:00),treasury
2026-05-04 00:00:00+00:00,ZB,gap,info_session_or_outage,gap of 3 days 00:00:00 (expected 1 days 00:00:00),treasury
2026-05-11 00:00:00+00:00,ZB,gap,info_session_or_outage,gap of 3 days 00:00:00 (expected 1 days 00:00:00),treasury
2026-05-18 00:00:00+00:00,ZB,gap,info_session_or_outage,gap of 3 days 00:00:00 (expected 1 days 00:00:00),treasury
2026-05-26 00:00:00+00:00,ZB,gap,info_session_or_outage,gap of 4 days 00:00:00 (expected 1 days 00:00:00),treasury
2026-06-01 00:00:00+00:00,ZB,gap,info_session_or_outage,gap of 3 days 00:00:00 (expected 1 days 00:00:00),treasury
2026-06-08 00:00:00+00:00,ZB,gap,info_session_or_outage,gap of 3 days 00:00:00 (expected 1 days 00:00:00),treasury
2026-06-15 00:00:00+00:00,ZB,gap,info_session_or_outage,gap of 3 days 00:00:00 (expected 1 days 00:00:00),treasury
2026-06-22 00:00:00+00:00,ZB,gap,info_session_or_outage,gap of 4 days 00:00:00 (expected 1 days 00:00:00),treasury
2026-06-29 00:00:00+00:00,ZB,gap,info_session_or_outage,gap of 3 days 00:00:00 (expected 1 days 00:00:00),treasury
2026-07-06 00:00:00+00:00,ZB,gap,info_session_or_outage,gap of 4 days 00:00:00 (expected 1 days 00:00:00),treasury
2026-07-13 00:00:00+00:00,ZB,gap,info_session_or_outage,gap of 3 days 00:00:00 (expected 1 days 00:00:00),treasury
2026-07-20 00:00:00+00:00,ZB,gap,info_session_or_outage,gap of 3 days 00:00:00 (expected 1 days 00:00:00),treasury
2026-07-27 00:00:00+00:00,ZB,gap,info_session_or_outage,gap of 3 days 00:00:00 (expected 1 days 00:00:00),treasury
2015-03-23 00:00:00+00:00,ZB,abnormal_jump,warning,log-return 0.09884 beyond 15.0x MAD,treasury
2010-01-11 00:00:00+00:00,ES,gap,info_session_or_outage,gap of 3 days 00:00:00 (expected 1 days 00:00:00),parent_proxy
2010-01-19 00:00:00+00:00,ES,gap,info_session_or_outage,gap of 4 days 00:00:00 (expected 1 days 00:00:00),parent_proxy
2010-01-25 00:00:00+00:00,ES,gap,info_session_or_outage,gap of 3 days 00:00:00 (expected 1 days 00:00:00),parent_proxy
2010-02-01 00:00:00+00:00,ES,gap,info_session_or_outage,gap of 3 days 00:00:00 (expected 1 days 00:00:00),parent_proxy
2010-02-08 00:00:00+00:00,ES,gap,info_session_or_outage,gap of 3 days 00:00:00 (expected 1 days 00:00:00),parent_proxy
2010-02-16 00:00:00+00:00,ES,gap,info_session_or_outage,gap of 4 days 00:00:00 (expected 1 days 00:00:00),parent_proxy
2010-02-22 00:00:00+00:00,ES,gap,info_session_or_outage,gap of 3 days 00:00:00 (expected 1 days 00:00:00),parent_proxy
2010-03-01 00:00:00+00:00,ES,gap,info_session_or_outage,gap of 3 days 00:00:00 (expected 1 days 00:00:00),parent_proxy
2010-03-08 00:00:00+00:00,ES,gap,info_session_or_outage,gap of 3 days 00:00:00 (expected 1 days 00:00:00),parent_proxy
2010-03-15 00:00:00+00:00,ES,gap,info_session_or_outage,gap of 3 days 00:00:00 (expected 1 days 00:00:00),parent_proxy
2010-03-22 00:00:00+00:00,ES,gap,info_session_or_outage,gap of 3 days 00:00:00 (expected 1 days 00:00:00),parent_proxy
2010-03-29 00:00:00+00:00,ES,gap,info_session_or_outage,gap of 3 days 00:00:00 (expected 1 days 00:00:00),parent_proxy
2010-04-05 00:00:00+00:00,ES,gap,info_session_or_outage,gap of 4 days 00:00:00 (expected 1 days 00:00:00),parent_proxy
2010-04-12 00:00:00+00:00,ES,gap,info_session_or_outage,gap of 3 days 00:00:00 (expected 1 days 00:00:00),parent_proxy
2010-04-19 00:00:00+00:00,ES,gap,info_session_or_outage,gap of 3 days 00:00:00 (expected 1 days 00:00:00),parent_proxy
2010-04-26 00:00:00+00:00,ES,gap,info_session_or_outage,gap of 3 days 00:00:00 (expected 1 days 00:00:00),parent_proxy
2010-05-03 00:00:00+00:00,ES,gap,info_session_or_outage,gap of 3 days 00:00:00 (expected 1 days 00:00:00),parent_proxy
2010-05-10 00:00:00+00:00,ES,gap,info_session_or_outage,gap of 3 days 00:00:00 (expected 1 days 00:00:00),parent_proxy
2010-05-17 00:00:00+00:00,ES,gap,info_session_or_outage,gap of 3 days 00:00:00 (expected 1 days 00:00:00),parent_proxy
2010-05-24 00:00:00+00:00,ES,gap,info_session_or_outage,gap of 3 days 00:00:00 (expected 1 days 00:00:00),parent_proxy
2010-06-01 00:00:00+00:00,ES,gap,info_session_or_outage,gap of 4 days 00:00:00 (expected 1 days 00:00:00),parent_proxy
2010-06-07 00:00:00+00:00,ES,gap,info_session_or_outage,gap of 3 days 00:00:00 (expected 1 days 00:00:00),parent_proxy
2010-06-14 00:00:00+00:00,ES,gap,info_session_or_outage,gap of 3 days 00:00:00 (expected 1 days 00:00:00),parent_proxy
2010-06-21 00:00:00+00:00,ES,gap,info_session_or_outage,gap of 3 days 00:00:00 (expected 1 days 00:00:00),parent_proxy
2010-06-28 00:00:00+00:00,ES,gap,info_session_or_outage,gap of 3 days 00:00:00 (expected 1 days 00:00:00),parent_proxy
2010-07-06 00:00:00+00:00,ES,gap,info_session_or_outage,gap of 4 days 00:00:00 (expected 1 days 00:00:00),parent_proxy
2010-07-12 00:00:00+00:00,ES,gap,info_session_or_outage,gap of 3 days 00:00:00 (expected 1 days 00:00:00),parent_proxy
2010-07-19 00:00:00+00:00,ES,gap,info_session_or_outage,gap of 3 days 00:00:00 (expected 1 days 00:00:00),parent_proxy
2010-07-26 00:00:00+00:00,ES,gap,info_session_or_outage,gap of 3 days 00:00:00 (expected 1 days 00:00:00),parent_proxy
2010-08-02 00:00:00+00:00,ES,gap,info_session_or_outage,gap of 3 days 00:00:00 (expected 1 days 00:00:00),parent_proxy
2010-08-09 00:00:00+00:00,ES,gap,info_session_or_outage,gap of 3 days 00:00:00 (expected 1 days 00:00:00),parent_proxy
2010-08-16 00:00:00+00:00,ES,gap,info_session_or_outage,gap of 3 days 00:00:00 (expected 1 days 00:00:00),parent_proxy
2010-08-23 00:00:00+00:00,ES,gap,info_session_or_outage,gap of 3 days 00:00:00 (expected 1 days 00:00:00),parent_proxy
2010-08-30 00:00:00+00:00,ES,gap,info_session_or_outage,gap of 3 days 00:00:00 (expected 1 days 00:00:00),parent_proxy
2010-09-07 00:00:00+00:00,ES,gap,info_session_or_outage,gap of 4 days 00:00:00 (expected 1 days 00:00:00),parent_proxy
2010-09-13 00:00:00+00:00,ES,gap,info_session_or_outage,gap of 3 days 00:00:00 (expected 1 days 00:00:00),parent_proxy
2010-09-20 00:00:00+00:00,ES,gap,info_session_or_outage,gap of 3 days 00:00:00 (expected 1 days 00:00:00),parent_proxy
2010-09-27 00:00:00+00:00,ES,gap,info_session_or_outage,gap of 3 days 00:00:00 (expected 1 days 00:00:00),parent_proxy
2010-10-04 00:00:00+00:00,ES,gap,info_session_or_outage,gap of 3 days 00:00:00 (expected 1 days 00:00:00),parent_proxy
2010-10-11 00:00:00+00:00,ES,gap,info_session_or_outage,gap of 3 days 00:00:00 (expected 1 days 00:00:00),parent_proxy
2010-10-18 00:00:00+00:00,ES,gap,info_session_or_outage,gap of 3 days 00:00:00 (expected 1 days 00:00:00),parent_proxy
2010-10-25 00:00:00+00:00,ES,gap,info_session_or_outage,gap of 3 days 00:00:00 (expected 1 days 00:00:00),parent_proxy
2010-11-01 00:00:00+00:00,ES,gap,info_session_or_outage,gap of 3 days 00:00:00 (expected 1 days 00:00:00),parent_proxy
2010-11-08 00:00:00+00:00,ES,gap,info_session_or_outage,gap of 3 days 00:00:00 (expected 1 days 00:00:00),parent_proxy
2010-11-15 00:00:00+00:00,ES,gap,info_session_or_outage,gap of 3 days 00:00:00 (expected 1 days 00:00:00),parent_proxy
2010-11-22 00:00:00+00:00,ES,gap,info_session_or_outage,gap of 3 days 00:00:00 (expected 1 days 00:00:00),parent_proxy
2010-11-26 00:00:00+00:00,ES,gap,info_session_or_outage,gap of 2 days 00:00:00 (expected 1 days 00:00:00),parent_proxy
2010-11-29 00:00:00+00:00,ES,gap,info_session_or_outage,gap of 3 days 00:00:00 (expected 1 days 00:00:00),parent_proxy
2010-12-06 00:00:00+00:00,ES,gap,info_session_or_outage,gap of 3 days 00:00:00 (expected 1 days 00:00:00),parent_proxy
2010-12-13 00:00:00+00:00,ES,gap,info_session_or_outage,gap of 3 days 00:00:00 (expected 1 days 00:00:00),parent_proxy
2010-12-20 00:00:00+00:00,ES,gap,info_session_or_outage,gap of 3 days 00:00:00 (expected 1 days 00:00:00),parent_proxy
2010-12-27 00:00:00+00:00,ES,gap,info_session_or_outage,gap of 4 days 00:00:00 (expected 1 days 00:00:00),parent_proxy
2011-01-03 00:00:00+00:00,ES,gap,info_session_or_outage,gap of 3 days 00:00:00 (expected 1 days 00:00:00),parent_proxy
2011-01-10 00:00:00+00:00,ES,gap,info_session_or_outage,gap of 3 days 00:00:00 (expected 1 days 00:00:00),parent_proxy
2011-01-18 00:00:00+00:00,ES,gap,info_session_or_outage,gap of 4 days 00:00:00 (expected 1 days 00:00:00),parent_proxy
2011-01-24 00:00:00+00:00,ES,gap,info_session_or_outage,gap of 3 days 00:00:00 (expected 1 days 00:00:00),parent_proxy
2011-01-31 00:00:00+00:00,ES,gap,info_session_or_outage,gap of 3 days 00:00:00 (expected 1 days 00:00:00),parent_proxy
2011-02-07 00:00:00+00:00,ES,gap,info_session_or_outage,gap of 3 days 00:00:00 (expected 1 days 00:00:00),parent_proxy
2011-02-14 00:00:00+00:00,ES,gap,info_session_or_outage,gap of 3 days 00:00:00 (expected 1 days 00:00:00),parent_proxy
2011-02-22 00:00:00+00:00,ES,gap,info_session_or_outage,gap of 4 days 00:00:00 (expected 1 days 00:00:00),parent_proxy
2011-02-28 00:00:00+00:00,ES,gap,info_session_or_outage,gap of 3 days 00:00:00 (expected 1 days 00:00:00),parent_proxy
2011-03-07 00:00:00+00:00,ES,gap,info_session_or_outage,gap of 3 days 00:00:00 (expected 1 days 00:00:00),parent_proxy
2011-03-14 00:00:00+00:00,ES,gap,info_session_or_outage,gap of 3 days 00:00:00 (expected 1 days 00:00:00),parent_proxy
2011-03-21 00:00:00+00:00,ES,gap,info_session_or_outage,gap of 3 days 00:00:00 (expected 1 days 00:00:00),parent_proxy
2011-03-28 00:00:00+00:00,ES,gap,info_session_or_outage,gap of 3 days 00:00:00 (expected 1 days 00:00:00),parent_proxy
2011-04-04 00:00:00+00:00,ES,gap,info_session_or_outage,gap of 3 days 00:00:00 (expected 1 days 00:00:00),parent_proxy
2011-04-11 00:00:00+00:00,ES,gap,info_session_or_outage,gap of 3 days 00:00:00 (expected 1 days 00:00:00),parent_proxy
2011-04-18 00:00:00+00:00,ES,gap,info_session_or_outage,gap of 3 days 00:00:00 (expected 1 days 00:00:00),parent_proxy
2011-04-25 00:00:00+00:00,ES,gap,info_session_or_outage,gap of 4 days 00:00:00 (expected 1 days 00:00:00),parent_proxy
2011-05-02 00:00:00+00:00,ES,gap,info_session_or_outage,gap of 3 days 00:00:00 (expected 1 days 00:00:00),parent_proxy
2011-05-09 00:00:00+00:00,ES,gap,info_session_or_outage,gap of 3 days 00:00:00 (expected 1 days 00:00:00),parent_proxy
2011-05-16 00:00:00+00:00,ES,gap,info_session_or_outage,gap of 3 days 00:00:00 (expected 1 days 00:00:00),parent_proxy
2011-05-23 00:00:00+00:00,ES,gap,info_session_or_outage,gap of 3 days 00:00:00 (expected 1 days 00:00:00),parent_proxy
2011-05-31 00:00:00+00:00,ES,gap,info_session_or_outage,gap of 4 days 00:00:00 (expected 1 days 00:00:00),parent_proxy
2011-06-06 00:00:00+00:00,ES,gap,info_session_or_outage,gap of 3 days 00:00:00 (expected 1 days 00:00:00),parent_proxy
2011-06-13 00:00:00+00:00,ES,gap,info_session_or_outage,gap of 3 days 00:00:00 (expected 1 days 00:00:00),parent_proxy
2011-06-20 00:00:00+00:00,ES,gap,info_session_or_outage,gap of 3 days 00:00:00 (expected 1 days 00:00:00),parent_proxy
2011-06-27 00:00:00+00:00,ES,gap,info_session_or_outage,gap of 3 days 00:00:00 (expected 1 days 00:00:00),parent_proxy
2011-07-05 00:00:00+00:00,ES,gap,info_session_or_outage,gap of 4 days 00:00:00 (expected 1 days 00:00:00),parent_proxy
2011-07-11 00:00:00+00:00,ES,gap,info_session_or_outage,gap of 3 days 00:00:00 (expected 1 days 00:00:00),parent_proxy
2011-07-18 00:00:00+00:00,ES,gap,info_session_or_outage,gap of 3 days 00:00:00 (expected 1 days 00:00:00),parent_proxy
2011-07-25 00:00:00+00:00,ES,gap,info_session_or_outage,gap of 3 days 00:00:00 (expected 1 days 00:00:00),parent_proxy
2011-08-01 00:00:00+00:00,ES,gap,info_session_or_outage,gap of 3 days 00:00:00 (expected 1 days 00:00:00),parent_proxy
2011-08-08 00:00:00+00:00,ES,gap,info_session_or_outage,gap of 3 days 00:00:00 (expected 1 days 00:00:00),parent_proxy
2011-08-15 00:00:00+00:00,ES,gap,info_session_or_outage,gap of 3 days 00:00:00 (expected 1 days 00:00:00),parent_proxy
2011-08-22 00:00:00+00:00,ES,gap,info_session_or_outage,gap of 3 days 00:00:00 (expected 1 days 00:00:00),parent_proxy
2011-08-29 00:00:00+00:00,ES,gap,info_session_or_outage,gap of 3 days 00:00:00 (expected 1 days 00:00:00),parent_proxy
2011-09-06 00:00:00+00:00,ES,gap,info_session_or_outage,gap of 4 days 00:00:00 (expected 1 days 00:00:00),parent_proxy
2011-09-12 00:00:00+00:00,ES,gap,info_session_or_outage,gap of 3 days 00:00:00 (expected 1 days 00:00:00),parent_proxy
2011-09-19 00:00:00+00:00,ES,gap,info_session_or_outage,gap of 3 days 00:00:00 (expected 1 days 00:00:00),parent_proxy
2011-09-26 00:00:00+00:00,ES,gap,info_session_or_outage,gap of 3 days 00:00:00 (expected 1 days 00:00:00),parent_proxy
2011-10-03 00:00:00+00:00,ES,gap,info_session_or_outage,gap of 3 days 00:00:00 (expected 1 days 00:00:00),parent_proxy
2011-10-10 00:00:00+00:00,ES,gap,info_session_or_outage,gap of 3 days 00:00:00 (expected 1 days 00:00:00),parent_proxy
2011-10-17 00:00:00+00:00,ES,gap,info_session_or_outage,gap of 3 days 00:00:00 (expected 1 days 00:00:00),parent_proxy
2011-10-24 00:00:00+00:00,ES,gap,info_session_or_outage,gap of 3 days 00:00:00 (expected 1 days 00:00:00),parent_proxy
2011-10-31 00:00:00+00:00,ES,gap,info_session_or_outage,gap of 3 days 00:00:00 (expected 1 days 00:00:00),parent_proxy
2011-11-07 00:00:00+00:00,ES,gap,info_session_or_outage,gap of 3 days 00:00:00 (expected 1 days 00:00:00),parent_proxy
2011-11-14 00:00:00+00:00,ES,gap,info_session_or_outage,gap of 3 days 00:00:00 (expected 1 days 00:00:00),parent_proxy
2011-11-21 00:00:00+00:00,ES,gap,info_session_or_outage,gap of 3 days 00:00:00 (expected 1 days 00:00:00),parent_proxy
2011-11-25 00:00:00+00:00,ES,gap,info_session_or_outage,gap of 2 days 00:00:00 (expected 1 days 00:00:00),parent_proxy
2011-11-28 00:00:00+00:00,ES,gap,info_session_or_outage,gap of 3 days 00:00:00 (expected 1 days 00:00:00),parent_proxy
2011-12-05 00:00:00+00:00,ES,gap,info_session_or_outage,gap of 3 days 00:00:00 (expected 1 days 00:00:00),parent_proxy
2011-12-12 00:00:00+00:00,ES,gap,info_session_or_outage,gap of 3 days 00:00:00 (expected 1 days 00:00:00),parent_proxy
2011-12-19 00:00:00+00:00,ES,gap,info_session_or_outage,gap of 3 days 00:00:00 (expected 1 days 00:00:00),parent_proxy
2011-12-27 00:00:00+00:00,ES,gap,info_session_or_outage,gap of 4 days 00:00:00 (expected 1 days 00:00:00),parent_proxy
2012-01-03 00:00:00+00:00,ES,gap,info_session_or_outage,gap of 4 days 00:00:00 (expected 1 days 00:00:00),parent_proxy
2012-01-09 00:00:00+00:00,ES,gap,info_session_or_outage,gap of 3 days 00:00:00 (expected 1 days 00:00:00),parent_proxy
2012-01-17 00:00:00+00:00,ES,gap,info_session_or_outage,gap of 4 days 00:00:00 (expected 1 days 00:00:00),parent_proxy
2012-01-23 00:00:00+00:00,ES,gap,info_session_or_outage,gap of 3 days 00:00:00 (expected 1 days 00:00:00),parent_proxy
2012-01-30 00:00:00+00:00,ES,gap,info_session_or_outage,gap of 3 days 00:00:00 (expected 1 days 00:00:00),parent_proxy
2012-02-06 00:00:00+00:00,ES,gap,info_session_or_outage,gap of 3 days 00:00:00 (expected 1 days 00:00:00),parent_proxy
2012-02-13 00:00:00+00:00,ES,gap,info_session_or_outage,gap of 3 days 00:00:00 (expected 1 days 00:00:00),parent_proxy
2012-02-21 00:00:00+00:00,ES,gap,info_session_or_outage,gap of 4 days 00:00:00 (expected 1 days 00:00:00),parent_proxy
2012-02-27 00:00:00+00:00,ES,gap,info_session_or_outage,gap of 3 days 00:00:00 (expected 1 days 00:00:00),parent_proxy
2012-03-05 00:00:00+00:00,ES,gap,info_session_or_outage,gap of 3 days 00:00:00 (expected 1 days 00:00:00),parent_proxy
2012-03-12 00:00:00+00:00,ES,gap,info_session_or_outage,gap of 3 days 00:00:00 (expected 1 days 00:00:00),parent_proxy
2012-03-19 00:00:00+00:00,ES,gap,info_session_or_outage,gap of 3 days 00:00:00 (expected 1 days 00:00:00),parent_proxy
2012-03-26 00:00:00+00:00,ES,gap,info_session_or_outage,gap of 3 days 00:00:00 (expected 1 days 00:00:00),parent_proxy
2012-04-02 00:00:00+00:00,ES,gap,info_session_or_outage,gap of 3 days 00:00:00 (expected 1 days 00:00:00),parent_proxy
2012-04-09 00:00:00+00:00,ES,gap,info_session_or_outage,gap of 4 days 00:00:00 (expected 1 days 00:00:00),parent_proxy
2012-04-16 00:00:00+00:00,ES,gap,info_session_or_outage,gap of 3 days 00:00:00 (expected 1 days 00:00:00),parent_proxy
2012-04-23 00:00:00+00:00,ES,gap,info_session_or_outage,gap of 3 days 00:00:00 (expected 1 days 00:00:00),parent_proxy
2012-04-30 00:00:00+00:00,ES,gap,info_session_or_outage,gap of 3 days 00:00:00 (expected 1 days 00:00:00),parent_proxy
2012-05-07 00:00:00+00:00,ES,gap,info_session_or_outage,gap of 3 days 00:00:00 (expected 1 days 00:00:00),parent_proxy
2012-05-14 00:00:00+00:00,ES,gap,info_session_or_outage,gap of 3 days 00:00:00 (expected 1 days 00:00:00),parent_proxy
2012-05-21 00:00:00+00:00,ES,gap,info_session_or_outage,gap of 3 days 00:00:00 (expected 1 days 00:00:00),parent_proxy
2012-05-29 00:00:00+00:00,ES,gap,info_session_or_outage,gap of 4 days 00:00:00 (expected 1 days 00:00:00),parent_proxy
2012-06-04 00:00:00+00:00,ES,gap,info_session_or_outage,gap of 3 days 00:00:00 (expected 1 days 00:00:00),parent_proxy
2012-06-11 00:00:00+00:00,ES,gap,info_session_or_outage,gap of 3 days 00:00:00 (expected 1 days 00:00:00),parent_proxy
2012-06-18 00:00:00+00:00,ES,gap,info_session_or_outage,gap of 3 days 00:00:00 (expected 1 days 00:00:00),parent_proxy
2012-06-25 00:00:00+00:00,ES,gap,info_session_or_outage,gap of 3 days 00:00:00 (expected 1 days 00:00:00),parent_proxy
2012-07-02 00:00:00+00:00,ES,gap,info_session_or_outage,gap of 3 days 00:00:00 (expected 1 days 00:00:00),parent_proxy
2012-07-05 00:00:00+00:00,ES,gap,info_session_or_outage,gap of 2 days 00:00:00 (expected 1 days 00:00:00),parent_proxy
2012-07-09 00:00:00+00:00,ES,gap,info_session_or_outage,gap of 3 days 00:00:00 (expected 1 days 00:00:00),parent_proxy
2012-07-16 00:00:00+00:00,ES,gap,info_session_or_outage,gap of 3 days 00:00:00 (expected 1 days 00:00:00),parent_proxy
2012-07-23 00:00:00+00:00,ES,gap,info_session_or_outage,gap of 3 days 00:00:00 (expected 1 days 00:00:00),parent_proxy
2012-07-30 00:00:00+00:00,ES,gap,info_session_or_outage,gap of 3 days 00:00:00 (expected 1 days 00:00:00),parent_proxy
2012-08-06 00:00:00+00:00,ES,gap,info_session_or_outage,gap of 3 days 00:00:00 (expected 1 days 00:00:00),parent_proxy
2012-08-13 00:00:00+00:00,ES,gap,info_session_or_outage,gap of 3 days 00:00:00 (expected 1 days 00:00:00),parent_proxy
2012-08-20 00:00:00+00:00,ES,gap,info_session_or_outage,gap of 3 days 00:00:00 (expected 1 days 00:00:00),parent_proxy
2012-08-27 00:00:00+00:00,ES,gap,info_session_or_outage,gap of 3 days 00:00:00 (expected 1 days 00:00:00),parent_proxy
2012-09-04 00:00:00+00:00,ES,gap,info_session_or_outage,gap of 4 days 00:00:00 (expected 1 days 00:00:00),parent_proxy
2012-09-10 00:00:00+00:00,ES,gap,info_session_or_outage,gap of 3 days 00:00:00 (expected 1 days 00:00:00),parent_proxy
2012-09-17 00:00:00+00:00,ES,gap,info_session_or_outage,gap of 3 days 00:00:00 (expected 1 days 00:00:00),parent_proxy
2012-09-24 00:00:00+00:00,ES,gap,info_session_or_outage,gap of 3 days 00:00:00 (expected 1 days 00:00:00),parent_proxy
2012-10-01 00:00:00+00:00,ES,gap,info_session_or_outage,gap of 3 days 00:00:00 (expected 1 days 00:00:00),parent_proxy
2012-10-08 00:00:00+00:00,ES,gap,info_session_or_outage,gap of 3 days 00:00:00 (expected 1 days 00:00:00),parent_proxy
2012-10-15 00:00:00+00:00,ES,gap,info_session_or_outage,gap of 3 days 00:00:00 (expected 1 days 00:00:00),parent_proxy
2012-10-22 00:00:00+00:00,ES,gap,info_session_or_outage,gap of 3 days 00:00:00 (expected 1 days 00:00:00),parent_proxy
2012-10-31 00:00:00+00:00,ES,gap,info_session_or_outage,gap of 5 days 00:00:00 (expected 1 days 00:00:00),parent_proxy
2012-11-05 00:00:00+00:00,ES,gap,info_session_or_outage,gap of 3 days 00:00:00 (expected 1 days 00:00:00),parent_proxy
2012-11-12 00:00:00+00:00,ES,gap,info_session_or_outage,gap of 3 days 00:00:00 (expected 1 days 00:00:00),parent_proxy
2012-11-19 00:00:00+00:00,ES,gap,info_session_or_outage,gap of 3 days 00:00:00 (expected 1 days 00:00:00),parent_proxy
2012-11-23 00:00:00+00:00,ES,gap,info_session_or_outage,gap of 2 days 00:00:00 (expected 1 days 00:00:00),parent_proxy
2012-11-26 00:00:00+00:00,ES,gap,info_session_or_outage,gap of 3 days 00:00:00 (expected 1 days 00:00:00),parent_proxy
2012-12-03 00:00:00+00:00,ES,gap,info_session_or_outage,gap of 3 days 00:00:00 (expected 1 days 00:00:00),parent_proxy
2012-12-10 00:00:00+00:00,ES,gap,info_session_or_outage,gap of 3 days 00:00:00 (expected 1 days 00:00:00),parent_proxy
2012-12-17 00:00:00+00:00,ES,gap,info_session_or_outage,gap of 3 days 00:00:00 (expected 1 days 00:00:00),parent_proxy
2012-12-24 00:00:00+00:00,ES,gap,info_session_or_outage,gap of 3 days 00:00:00 (expected 1 days 00:00:00),parent_proxy
2012-12-26 00:00:00+00:00,ES,gap,info_session_or_outage,gap of 2 days 00:00:00 (expected 1 days 00:00:00),parent_proxy
2012-12-31 00:00:00+00:00,ES,gap,info_session_or_outage,gap of 3 days 00:00:00 (expected 1 days 00:00:00),parent_proxy
2013-01-02 00:00:00+00:00,ES,gap,info_session_or_outage,gap of 2 days 00:00:00 (expected 1 days 00:00:00),parent_proxy
2013-01-07 00:00:00+00:00,ES,gap,info_session_or_outage,gap of 3 days 00:00:00 (expected 1 days 00:00:00),parent_proxy
2013-01-14 00:00:00+00:00,ES,gap,info_session_or_outage,gap of 3 days 00:00:00 (expected 1 days 00:00:00),parent_proxy
2013-01-22 00:00:00+00:00,ES,gap,info_session_or_outage,gap of 4 days 00:00:00 (expected 1 days 00:00:00),parent_proxy
2013-01-28 00:00:00+00:00,ES,gap,info_session_or_outage,gap of 3 days 00:00:00 (expected 1 days 00:00:00),parent_proxy
2013-02-04 00:00:00+00:00,ES,gap,info_session_or_outage,gap of 3 days 00:00:00 (expected 1 days 00:00:00),parent_proxy
2013-02-11 00:00:00+00:00,ES,gap,info_session_or_outage,gap of 3 days 00:00:00 (expected 1 days 00:00:00),parent_proxy
2013-02-19 00:00:00+00:00,ES,gap,info_session_or_outage,gap of 4 days 00:00:00 (expected 1 days 00:00:00),parent_proxy
2013-02-25 00:00:00+00:00,ES,gap,info_session_or_outage,gap of 3 days 00:00:00 (expected 1 days 00:00:00),parent_proxy
2013-03-04 00:00:00+00:00,ES,gap,info_session_or_outage,gap of 3 days 00:00:00 (expected 1 days 00:00:00),parent_proxy
2013-03-11 00:00:00+00:00,ES,gap,info_session_or_outage,gap of 3 days 00:00:00 (expected 1 days 00:00:00),parent_proxy
2013-03-18 00:00:00+00:00,ES,gap,info_session_or_outage,gap of 3 days 00:00:00 (expected 1 days 00:00:00),parent_proxy
2013-03-25 00:00:00+00:00,ES,gap,info_session_or_outage,gap of 3 days 00:00:00 (expected 1 days 00:00:00),parent_proxy
2013-04-01 00:00:00+00:00,ES,gap,info_session_or_outage,gap of 4 days 00:00:00 (expected 1 days 00:00:00),parent_proxy
2013-04-08 00:00:00+00:00,ES,gap,info_session_or_outage,gap of 3 days 00:00:00 (expected 1 days 00:00:00),parent_proxy
2013-04-15 00:00:00+00:00,ES,gap,info_session_or_outage,gap of 3 days 00:00:00 (expected 1 days 00:00:00),parent_proxy
2013-04-22 00:00:00+00:00,ES,gap,info_session_or_outage,gap of 3 days 00:00:00 (expected 1 days 00:00:00),parent_proxy
2013-04-29 00:00:00+00:00,ES,gap,info_session_or_outage,gap of 3 days 00:00:00 (expected 1 days 00:00:00),parent_proxy
2013-05-06 00:00:00+00:00,ES,gap,info_session_or_outage,gap of 3 days 00:00:00 (expected 1 days 00:00:00),parent_proxy
2013-05-13 00:00:00+00:00,ES,gap,info_session_or_outage,gap of 3 days 00:00:00 (expected 1 days 00:00:00),parent_proxy
2013-05-20 00:00:00+00:00,ES,gap,info_session_or_outage,gap of 3 days 00:00:00 (expected 1 days 00:00:00),parent_proxy
2013-05-28 00:00:00+00:00,ES,gap,info_session_or_outage,gap of 4 days 00:00:00 (expected 1 days 00:00:00),parent_proxy
2013-06-03 00:00:00+00:00,ES,gap,info_session_or_outage,gap of 3 days 00:00:00 (expected 1 days 00:00:00),parent_proxy
2013-06-10 00:00:00+00:00,ES,gap,info_session_or_outage,gap of 3 days 00:00:00 (expected 1 days 00:00:00),parent_proxy
2013-06-17 00:00:00+00:00,ES,gap,info_session_or_outage,gap of 3 days 00:00:00 (expected 1 days 00:00:00),parent_proxy
2013-06-24 00:00:00+00:00,ES,gap,info_session_or_outage,gap of 3 days 00:00:00 (expected 1 days 00:00:00),parent_proxy
2013-07-01 00:00:00+00:00,ES,gap,info_session_or_outage,gap of 3 days 00:00:00 (expected 1 days 00:00:00),parent_proxy
2013-07-05 00:00:00+00:00,ES,gap,info_session_or_outage,gap of 2 days 00:00:00 (expected 1 days 00:00:00),parent_proxy
2013-07-08 00:00:00+00:00,ES,gap,info_session_or_outage,gap of 3 days 00:00:00 (expected 1 days 00:00:00),parent_proxy
2013-07-15 00:00:00+00:00,ES,gap,info_session_or_outage,gap of 3 days 00:00:00 (expected 1 days 00:00:00),parent_proxy
2013-07-22 00:00:00+00:00,ES,gap,info_session_or_outage,gap of 3 days 00:00:00 (expected 1 days 00:00:00),parent_proxy
2013-07-29 00:00:00+00:00,ES,gap,info_session_or_outage,gap of 3 days 00:00:00 (expected 1 days 00:00:00),parent_proxy
2013-08-05 00:00:00+00:00,ES,gap,info_session_or_outage,gap of 3 days 00:00:00 (expected 1 days 00:00:00),parent_proxy
2013-08-12 00:00:00+00:00,ES,gap,info_session_or_outage,gap of 3 days 00:00:00 (expected 1 days 00:00:00),parent_proxy
2013-08-19 00:00:00+00:00,ES,gap,info_session_or_outage,gap of 3 days 00:00:00 (expected 1 days 00:00:00),parent_proxy
2013-08-26 00:00:00+00:00,ES,gap,info_session_or_outage,gap of 3 days 00:00:00 (expected 1 days 00:00:00),parent_proxy
2013-09-03 00:00:00+00:00,ES,gap,info_session_or_outage,gap of 4 days 00:00:00 (expected 1 days 00:00:00),parent_proxy
2013-09-09 00:00:00+00:00,ES,gap,info_session_or_outage,gap of 3 days 00:00:00 (expected 1 days 00:00:00),parent_proxy
2013-09-16 00:00:00+00:00,ES,gap,info_session_or_outage,gap of 3 days 00:00:00 (expected 1 days 00:00:00),parent_proxy
2013-09-23 00:00:00+00:00,ES,gap,info_session_or_outage,gap of 3 days 00:00:00 (expected 1 days 00:00:00),parent_proxy
2013-09-30 00:00:00+00:00,ES,gap,info_session_or_outage,gap of 3 days 00:00:00 (expected 1 days 00:00:00),parent_proxy
2013-10-07 00:00:00+00:00,ES,gap,info_session_or_outage,gap of 3 days 00:00:00 (expected 1 days 00:00:00),parent_proxy
2013-10-14 00:00:00+00:00,ES,gap,info_session_or_outage,gap of 3 days 00:00:00 (expected 1 days 00:00:00),parent_proxy
2013-10-21 00:00:00+00:00,ES,gap,info_session_or_outage,gap of 3 days 00:00:00 (expected 1 days 00:00:00),parent_proxy
2013-10-28 00:00:00+00:00,ES,gap,info_session_or_outage,gap of 3 days 00:00:00 (expected 1 days 00:00:00),parent_proxy
2013-11-04 00:00:00+00:00,ES,gap,info_session_or_outage,gap of 3 days 00:00:00 (expected 1 days 00:00:00),parent_proxy
2013-11-11 00:00:00+00:00,ES,gap,info_session_or_outage,gap of 3 days 00:00:00 (expected 1 days 00:00:00),parent_proxy
2013-11-18 00:00:00+00:00,ES,gap,info_session_or_outage,gap of 3 days 00:00:00 (expected 1 days 00:00:00),parent_proxy
2013-11-25 00:00:00+00:00,ES,gap,info_session_or_outage,gap of 3 days 00:00:00 (expected 1 days 00:00:00),parent_proxy
2013-11-29 00:00:00+00:00,ES,gap,info_session_or_outage,gap of 2 days 00:00:00 (expected 1 days 00:00:00),parent_proxy
2013-12-02 00:00:00+00:00,ES,gap,info_session_or_outage,gap of 3 days 00:00:00 (expected 1 days 00:00:00),parent_proxy
2013-12-09 00:00:00+00:00,ES,gap,info_session_or_outage,gap of 3 days 00:00:00 (expected 1 days 00:00:00),parent_proxy
2013-12-16 00:00:00+00:00,ES,gap,info_session_or_outage,gap of 3 days 00:00:00 (expected 1 days 00:00:00),parent_proxy
2013-12-23 00:00:00+00:00,ES,gap,info_session_or_outage,gap of 3 days 00:00:00 (expected 1 days 00:00:00),parent_proxy
2013-12-26 00:00:00+00:00,ES,gap,info_session_or_outage,gap of 2 days 00:00:00 (expected 1 days 00:00:00),parent_proxy
2013-12-30 00:00:00+00:00,ES,gap,info_session_or_outage,gap of 3 days 00:00:00 (expected 1 days 00:00:00),parent_proxy
2014-01-02 00:00:00+00:00,ES,gap,info_session_or_outage,gap of 2 days 00:00:00 (expected 1 days 00:00:00),parent_proxy
2014-01-06 00:00:00+00:00,ES,gap,info_session_or_outage,gap of 3 days 00:00:00 (expected 1 days 00:00:00),parent_proxy
2014-01-13 00:00:00+00:00,ES,gap,info_session_or_outage,gap of 3 days 00:00:00 (expected 1 days 00:00:00),parent_proxy
2014-01-21 00:00:00+00:00,ES,gap,info_session_or_outage,gap of 4 days 00:00:00 (expected 1 days 00:00:00),parent_proxy
2014-01-27 00:00:00+00:00,ES,gap,info_session_or_outage,gap of 3 days 00:00:00 (expected 1 days 00:00:00),parent_proxy
2014-02-03 00:00:00+00:00,ES,gap,info_session_or_outage,gap of 3 days 00:00:00 (expected 1 days 00:00:00),parent_proxy
2014-02-10 00:00:00+00:00,ES,gap,info_session_or_outage,gap of 3 days 00:00:00 (expected 1 days 00:00:00),parent_proxy
2014-02-18 00:00:00+00:00,ES,gap,info_session_or_outage,gap of 4 days 00:00:00 (expected 1 days 00:00:00),parent_proxy
2014-02-24 00:00:00+00:00,ES,gap,info_session_or_outage,gap of 3 days 00:00:00 (expected 1 days 00:00:00),parent_proxy
2014-03-03 00:00:00+00:00,ES,gap,info_session_or_outage,gap of 3 days 00:00:00 (expected 1 days 00:00:00),parent_proxy
2014-03-10 00:00:00+00:00,ES,gap,info_session_or_outage,gap of 3 days 00:00:00 (expected 1 days 00:00:00),parent_proxy
2014-03-17 00:00:00+00:00,ES,gap,info_session_or_outage,gap of 3 days 00:00:00 (expected 1 days 00:00:00),parent_proxy
2014-03-24 00:00:00+00:00,ES,gap,info_session_or_outage,gap of 3 days 00:00:00 (expected 1 days 00:00:00),parent_proxy
2014-03-31 00:00:00+00:00,ES,gap,info_session_or_outage,gap of 3 days 00:00:00 (expected 1 days 00:00:00),parent_proxy
2014-04-07 00:00:00+00:00,ES,gap,info_session_or_outage,gap of 3 days 00:00:00 (expected 1 days 00:00:00),parent_proxy
2014-04-14 00:00:00+00:00,ES,gap,info_session_or_outage,gap of 3 days 00:00:00 (expected 1 days 00:00:00),parent_proxy
2014-04-21 00:00:00+00:00,ES,gap,info_session_or_outage,gap of 4 days 00:00:00 (expected 1 days 00:00:00),parent_proxy
2014-04-28 00:00:00+00:00,ES,gap,info_session_or_outage,gap of 3 days 00:00:00 (expected 1 days 00:00:00),parent_proxy
2014-05-05 00:00:00+00:00,ES,gap,info_session_or_outage,gap of 3 days 00:00:00 (expected 1 days 00:00:00),parent_proxy
2014-05-12 00:00:00+00:00,ES,gap,info_session_or_outage,gap of 3 days 00:00:00 (expected 1 days 00:00:00),parent_proxy
2014-05-19 00:00:00+00:00,ES,gap,info_session_or_outage,gap of 3 days 00:00:00 (expected 1 days 00:00:00),parent_proxy
2014-05-27 00:00:00+00:00,ES,gap,info_session_or_outage,gap of 4 days 00:00:00 (expected 1 days 00:00:00),parent_proxy
2014-06-02 00:00:00+00:00,ES,gap,info_session_or_outage,gap of 3 days 00:00:00 (expected 1 days 00:00:00),parent_proxy
2014-06-09 00:00:00+00:00,ES,gap,info_session_or_outage,gap of 3 days 00:00:00 (expected 1 days 00:00:00),parent_proxy
2014-06-16 00:00:00+00:00,ES,gap,info_session_or_outage,gap of 3 days 00:00:00 (expected 1 days 00:00:00),parent_proxy
2014-06-23 00:00:00+00:00,ES,gap,info_session_or_outage,gap of 3 days 00:00:00 (expected 1 days 00:00:00),parent_proxy
2014-06-30 00:00:00+00:00,ES,gap,info_session_or_outage,gap of 3 days 00:00:00 (expected 1 days 00:00:00),parent_proxy
2014-07-07 00:00:00+00:00,ES,gap,info_session_or_outage,gap of 4 days 00:00:00 (expected 1 days 00:00:00),parent_proxy
2014-07-14 00:00:00+00:00,ES,gap,info_session_or_outage,gap of 3 days 00:00:00 (expected 1 days 00:00:00),parent_proxy
2014-07-21 00:00:00+00:00,ES,gap,info_session_or_outage,gap of 3 days 00:00:00 (expected 1 days 00:00:00),parent_proxy
2014-07-28 00:00:00+00:00,ES,gap,info_session_or_outage,gap of 3 days 00:00:00 (expected 1 days 00:00:00),parent_proxy
2014-08-04 00:00:00+00:00,ES,gap,info_session_or_outage,gap of 3 days 00:00:00 (expected 1 days 00:00:00),parent_proxy
2014-08-11 00:00:00+00:00,ES,gap,info_session_or_outage,gap of 3 days 00:00:00 (expected 1 days 00:00:00),parent_proxy
2014-08-18 00:00:00+00:00,ES,gap,info_session_or_outage,gap of 3 days 00:00:00 (expected 1 days 00:00:00),parent_proxy
2014-08-25 00:00:00+00:00,ES,gap,info_session_or_outage,gap of 3 days 00:00:00 (expected 1 days 00:00:00),parent_proxy
2014-09-02 00:00:00+00:00,ES,gap,info_session_or_outage,gap of 4 days 00:00:00 (expected 1 days 00:00:00),parent_proxy
2014-09-08 00:00:00+00:00,ES,gap,info_session_or_outage,gap of 3 days 00:00:00 (expected 1 days 00:00:00),parent_proxy
2014-09-15 00:00:00+00:00,ES,gap,info_session_or_outage,gap of 3 days 00:00:00 (expected 1 days 00:00:00),parent_proxy
2014-09-22 00:00:00+00:00,ES,gap,info_session_or_outage,gap of 3 days 00:00:00 (expected 1 days 00:00:00),parent_proxy
2014-09-29 00:00:00+00:00,ES,gap,info_session_or_outage,gap of 3 days 00:00:00 (expected 1 days 00:00:00),parent_proxy
2014-10-06 00:00:00+00:00,ES,gap,info_session_or_outage,gap of 3 days 00:00:00 (expected 1 days 00:00:00),parent_proxy
2014-10-13 00:00:00+00:00,ES,gap,info_session_or_outage,gap of 3 days 00:00:00 (expected 1 days 00:00:00),parent_proxy
2014-10-20 00:00:00+00:00,ES,gap,info_session_or_outage,gap of 3 days 00:00:00 (expected 1 days 00:00:00),parent_proxy
2014-10-27 00:00:00+00:00,ES,gap,info_session_or_outage,gap of 3 days 00:00:00 (expected 1 days 00:00:00),parent_proxy
2014-11-03 00:00:00+00:00,ES,gap,info_session_or_outage,gap of 3 days 00:00:00 (expected 1 days 00:00:00),parent_proxy
2014-11-10 00:00:00+00:00,ES,gap,info_session_or_outage,gap of 3 days 00:00:00 (expected 1 days 00:00:00),parent_proxy
2014-11-17 00:00:00+00:00,ES,gap,info_session_or_outage,gap of 3 days 00:00:00 (expected 1 days 00:00:00),parent_proxy
2014-11-24 00:00:00+00:00,ES,gap,info_session_or_outage,gap of 3 days 00:00:00 (expected 1 days 00:00:00),parent_proxy
2014-11-28 00:00:00+00:00,ES,gap,info_session_or_outage,gap of 2 days 00:00:00 (expected 1 days 00:00:00),parent_proxy
2014-12-01 00:00:00+00:00,ES,gap,info_session_or_outage,gap of 3 days 00:00:00 (expected 1 days 00:00:00),parent_proxy
2014-12-08 00:00:00+00:00,ES,gap,info_session_or_outage,gap of 3 days 00:00:00 (expected 1 days 00:00:00),parent_proxy
2014-12-15 00:00:00+00:00,ES,gap,info_session_or_outage,gap of 3 days 00:00:00 (expected 1 days 00:00:00),parent_proxy
2014-12-22 00:00:00+00:00,ES,gap,info_session_or_outage,gap of 3 days 00:00:00 (expected 1 days 00:00:00),parent_proxy
2014-12-26 00:00:00+00:00,ES,gap,info_session_or_outage,gap of 2 days 00:00:00 (expected 1 days 00:00:00),parent_proxy
2014-12-29 00:00:00+00:00,ES,gap,info_session_or_outage,gap of 3 days 00:00:00 (expected 1 days 00:00:00),parent_proxy
2015-01-02 00:00:00+00:00,ES,gap,info_session_or_outage,gap of 2 days 00:00:00 (expected 1 days 00:00:00),parent_proxy
2015-01-05 00:00:00+00:00,ES,gap,info_session_or_outage,gap of 3 days 00:00:00 (expected 1 days 00:00:00),parent_proxy
2015-01-12 00:00:00+00:00,ES,gap,info_session_or_outage,gap of 3 days 00:00:00 (expected 1 days 00:00:00),parent_proxy
2015-01-20 00:00:00+00:00,ES,gap,info_session_or_outage,gap of 4 days 00:00:00 (expected 1 days 00:00:00),parent_proxy
2015-01-26 00:00:00+00:00,ES,gap,info_session_or_outage,gap of 3 days 00:00:00 (expected 1 days 00:00:00),parent_proxy
2015-02-02 00:00:00+00:00,ES,gap,info_session_or_outage,gap of 3 days 00:00:00 (expected 1 days 00:00:00),parent_proxy
2015-02-09 00:00:00+00:00,ES,gap,info_session_or_outage,gap of 3 days 00:00:00 (expected 1 days 00:00:00),parent_proxy
2015-02-17 00:00:00+00:00,ES,gap,info_session_or_outage,gap of 4 days 00:00:00 (expected 1 days 00:00:00),parent_proxy
2015-02-23 00:00:00+00:00,ES,gap,info_session_or_outage,gap of 3 days 00:00:00 (expected 1 days 00:00:00),parent_proxy
2015-03-02 00:00:00+00:00,ES,gap,info_session_or_outage,gap of 3 days 00:00:00 (expected 1 days 00:00:00),parent_proxy
2015-03-09 00:00:00+00:00,ES,gap,info_session_or_outage,gap of 3 days 00:00:00 (expected 1 days 00:00:00),parent_proxy
2015-03-16 00:00:00+00:00,ES,gap,info_session_or_outage,gap of 3 days 00:00:00 (expected 1 days 00:00:00),parent_proxy
2015-03-23 00:00:00+00:00,ES,gap,info_session_or_outage,gap of 3 days 00:00:00 (expected 1 days 00:00:00),parent_proxy
2015-03-30 00:00:00+00:00,ES,gap,info_session_or_outage,gap of 3 days 00:00:00 (expected 1 days 00:00:00),parent_proxy
2015-04-06 00:00:00+00:00,ES,gap,info_session_or_outage,gap of 4 days 00:00:00 (expected 1 days 00:00:00),parent_proxy
2015-04-13 00:00:00+00:00,ES,gap,info_session_or_outage,gap of 3 days 00:00:00 (expected 1 days 00:00:00),parent_proxy
2015-04-20 00:00:00+00:00,ES,gap,info_session_or_outage,gap of 3 days 00:00:00 (expected 1 days 00:00:00),parent_proxy
2015-04-27 00:00:00+00:00,ES,gap,info_session_or_outage,gap of 3 days 00:00:00 (expected 1 days 00:00:00),parent_proxy
2015-05-04 00:00:00+00:00,ES,gap,info_session_or_outage,gap of 3 days 00:00:00 (expected 1 days 00:00:00),parent_proxy
2015-05-11 00:00:00+00:00,ES,gap,info_session_or_outage,gap of 3 days 00:00:00 (expected 1 days 00:00:00),parent_proxy
2015-05-18 00:00:00+00:00,ES,gap,info_session_or_outage,gap of 3 days 00:00:00 (expected 1 days 00:00:00),parent_proxy
2015-05-26 00:00:00+00:00,ES,gap,info_session_or_outage,gap of 4 days 00:00:00 (expected 1 days 00:00:00),parent_proxy
2015-06-01 00:00:00+00:00,ES,gap,info_session_or_outage,gap of 3 days 00:00:00 (expected 1 days 00:00:00),parent_proxy
2015-06-08 00:00:00+00:00,ES,gap,info_session_or_outage,gap of 3 days 00:00:00 (expected 1 days 00:00:00),parent_proxy
2015-06-15 00:00:00+00:00,ES,gap,info_session_or_outage,gap of 3 days 00:00:00 (expected 1 days 00:00:00),parent_proxy
2015-06-22 00:00:00+00:00,ES,gap,info_session_or_outage,gap of 3 days 00:00:00 (expected 1 days 00:00:00),parent_proxy
2015-06-29 00:00:00+00:00,ES,gap,info_session_or_outage,gap of 3 days 00:00:00 (expected 1 days 00:00:00),parent_proxy
2015-07-06 00:00:00+00:00,ES,gap,info_session_or_outage,gap of 4 days 00:00:00 (expected 1 days 00:00:00),parent_proxy
2015-07-13 00:00:00+00:00,ES,gap,info_session_or_outage,gap of 3 days 00:00:00 (expected 1 days 00:00:00),parent_proxy
2015-07-20 00:00:00+00:00,ES,gap,info_session_or_outage,gap of 3 days 00:00:00 (expected 1 days 00:00:00),parent_proxy
2015-07-27 00:00:00+00:00,ES,gap,info_session_or_outage,gap of 3 days 00:00:00 (expected 1 days 00:00:00),parent_proxy
2015-08-03 00:00:00+00:00,ES,gap,info_session_or_outage,gap of 3 days 00:00:00 (expected 1 days 00:00:00),parent_proxy
2015-08-10 00:00:00+00:00,ES,gap,info_session_or_outage,gap of 3 days 00:00:00 (expected 1 days 00:00:00),parent_proxy
2015-08-17 00:00:00+00:00,ES,gap,info_session_or_outage,gap of 3 days 00:00:00 (expected 1 days 00:00:00),parent_proxy
2015-08-24 00:00:00+00:00,ES,gap,info_session_or_outage,gap of 3 days 00:00:00 (expected 1 days 00:00:00),parent_proxy
2015-08-31 00:00:00+00:00,ES,gap,info_session_or_outage,gap of 3 days 00:00:00 (expected 1 days 00:00:00),parent_proxy
2015-09-08 00:00:00+00:00,ES,gap,info_session_or_outage,gap of 4 days 00:00:00 (expected 1 days 00:00:00),parent_proxy
2015-09-14 00:00:00+00:00,ES,gap,info_session_or_outage,gap of 3 days 00:00:00 (expected 1 days 00:00:00),parent_proxy
2015-09-21 00:00:00+00:00,ES,gap,info_session_or_outage,gap of 3 days 00:00:00 (expected 1 days 00:00:00),parent_proxy
2015-09-28 00:00:00+00:00,ES,gap,info_session_or_outage,gap of 3 days 00:00:00 (expected 1 days 00:00:00),parent_proxy
2015-10-05 00:00:00+00:00,ES,gap,info_session_or_outage,gap of 3 days 00:00:00 (expected 1 days 00:00:00),parent_proxy
2015-10-12 00:00:00+00:00,ES,gap,info_session_or_outage,gap of 3 days 00:00:00 (expected 1 days 00:00:00),parent_proxy
2015-10-19 00:00:00+00:00,ES,gap,info_session_or_outage,gap of 3 days 00:00:00 (expected 1 days 00:00:00),parent_proxy
2015-10-26 00:00:00+00:00,ES,gap,info_session_or_outage,gap of 3 days 00:00:00 (expected 1 days 00:00:00),parent_proxy
2015-11-02 00:00:00+00:00,ES,gap,info_session_or_outage,gap of 3 days 00:00:00 (expected 1 days 00:00:00),parent_proxy
2015-11-09 00:00:00+00:00,ES,gap,info_session_or_outage,gap of 3 days 00:00:00 (expected 1 days 00:00:00),parent_proxy
2015-11-16 00:00:00+00:00,ES,gap,info_session_or_outage,gap of 3 days 00:00:00 (expected 1 days 00:00:00),parent_proxy
2015-11-23 00:00:00+00:00,ES,gap,info_session_or_outage,gap of 3 days 00:00:00 (expected 1 days 00:00:00),parent_proxy
2015-11-27 00:00:00+00:00,ES,gap,info_session_or_outage,gap of 2 days 00:00:00 (expected 1 days 00:00:00),parent_proxy
2015-11-30 00:00:00+00:00,ES,gap,info_session_or_outage,gap of 3 days 00:00:00 (expected 1 days 00:00:00),parent_proxy
2015-12-07 00:00:00+00:00,ES,gap,info_session_or_outage,gap of 3 days 00:00:00 (expected 1 days 00:00:00),parent_proxy
2015-12-14 00:00:00+00:00,ES,gap,info_session_or_outage,gap of 3 days 00:00:00 (expected 1 days 00:00:00),parent_proxy
2015-12-21 00:00:00+00:00,ES,gap,info_session_or_outage,gap of 3 days 00:00:00 (expected 1 days 00:00:00),parent_proxy
2015-12-28 00:00:00+00:00,ES,gap,info_session_or_outage,gap of 4 days 00:00:00 (expected 1 days 00:00:00),parent_proxy
2016-01-04 00:00:00+00:00,ES,gap,info_session_or_outage,gap of 4 days 00:00:00 (expected 1 days 00:00:00),parent_proxy
2016-01-11 00:00:00+00:00,ES,gap,info_session_or_outage,gap of 3 days 00:00:00 (expected 1 days 00:00:00),parent_proxy
2016-01-19 00:00:00+00:00,ES,gap,info_session_or_outage,gap of 4 days 00:00:00 (expected 1 days 00:00:00),parent_proxy
2016-01-25 00:00:00+00:00,ES,gap,info_session_or_outage,gap of 3 days 00:00:00 (expected 1 days 00:00:00),parent_proxy
2016-02-01 00:00:00+00:00,ES,gap,info_session_or_outage,gap of 3 days 00:00:00 (expected 1 days 00:00:00),parent_proxy
2016-02-08 00:00:00+00:00,ES,gap,info_session_or_outage,gap of 3 days 00:00:00 (expected 1 days 00:00:00),parent_proxy
2016-02-16 00:00:00+00:00,ES,gap,info_session_or_outage,gap of 4 days 00:00:00 (expected 1 days 00:00:00),parent_proxy
2016-02-22 00:00:00+00:00,ES,gap,info_session_or_outage,gap of 3 days 00:00:00 (expected 1 days 00:00:00),parent_proxy
2016-02-29 00:00:00+00:00,ES,gap,info_session_or_outage,gap of 3 days 00:00:00 (expected 1 days 00:00:00),parent_proxy
2016-03-07 00:00:00+00:00,ES,gap,info_session_or_outage,gap of 3 days 00:00:00 (expected 1 days 00:00:00),parent_proxy
2016-03-14 00:00:00+00:00,ES,gap,info_session_or_outage,gap of 3 days 00:00:00 (expected 1 days 00:00:00),parent_proxy
2016-03-21 00:00:00+00:00,ES,gap,info_session_or_outage,gap of 3 days 00:00:00 (expected 1 days 00:00:00),parent_proxy
2016-03-28 00:00:00+00:00,ES,gap,info_session_or_outage,gap of 4 days 00:00:00 (expected 1 days 00:00:00),parent_proxy
2016-04-04 00:00:00+00:00,ES,gap,info_session_or_outage,gap of 3 days 00:00:00 (expected 1 days 00:00:00),parent_proxy
2016-04-11 00:00:00+00:00,ES,gap,info_session_or_outage,gap of 3 days 00:00:00 (expected 1 days 00:00:00),parent_proxy
2016-04-18 00:00:00+00:00,ES,gap,info_session_or_outage,gap of 3 days 00:00:00 (expected 1 days 00:00:00),parent_proxy
2016-04-25 00:00:00+00:00,ES,gap,info_session_or_outage,gap of 3 days 00:00:00 (expected 1 days 00:00:00),parent_proxy
2016-05-02 00:00:00+00:00,ES,gap,info_session_or_outage,gap of 3 days 00:00:00 (expected 1 days 00:00:00),parent_proxy
2016-05-09 00:00:00+00:00,ES,gap,info_session_or_outage,gap of 3 days 00:00:00 (expected 1 days 00:00:00),parent_proxy
2016-05-16 00:00:00+00:00,ES,gap,info_session_or_outage,gap of 3 days 00:00:00 (expected 1 days 00:00:00),parent_proxy
2016-05-23 00:00:00+00:00,ES,gap,info_session_or_outage,gap of 3 days 00:00:00 (expected 1 days 00:00:00),parent_proxy
2016-05-31 00:00:00+00:00,ES,gap,info_session_or_outage,gap of 4 days 00:00:00 (expected 1 days 00:00:00),parent_proxy
2016-06-06 00:00:00+00:00,ES,gap,info_session_or_outage,gap of 3 days 00:00:00 (expected 1 days 00:00:00),parent_proxy
2016-06-13 00:00:00+00:00,ES,gap,info_session_or_outage,gap of 3 days 00:00:00 (expected 1 days 00:00:00),parent_proxy
2016-06-20 00:00:00+00:00,ES,gap,info_session_or_outage,gap of 3 days 00:00:00 (expected 1 days 00:00:00),parent_proxy
2016-06-27 00:00:00+00:00,ES,gap,info_session_or_outage,gap of 3 days 00:00:00 (expected 1 days 00:00:00),parent_proxy
2016-07-05 00:00:00+00:00,ES,gap,info_session_or_outage,gap of 4 days 00:00:00 (expected 1 days 00:00:00),parent_proxy
2016-07-11 00:00:00+00:00,ES,gap,info_session_or_outage,gap of 3 days 00:00:00 (expected 1 days 00:00:00),parent_proxy
2016-07-18 00:00:00+00:00,ES,gap,info_session_or_outage,gap of 3 days 00:00:00 (expected 1 days 00:00:00),parent_proxy
2016-07-25 00:00:00+00:00,ES,gap,info_session_or_outage,gap of 3 days 00:00:00 (expected 1 days 00:00:00),parent_proxy
2016-08-01 00:00:00+00:00,ES,gap,info_session_or_outage,gap of 3 days 00:00:00 (expected 1 days 00:00:00),parent_proxy
2016-08-08 00:00:00+00:00,ES,gap,info_session_or_outage,gap of 3 days 00:00:00 (expected 1 days 00:00:00),parent_proxy
2016-08-15 00:00:00+00:00,ES,gap,info_session_or_outage,gap of 3 days 00:00:00 (expected 1 days 00:00:00),parent_proxy
2016-08-22 00:00:00+00:00,ES,gap,info_session_or_outage,gap of 3 days 00:00:00 (expected 1 days 00:00:00),parent_proxy
2016-08-29 00:00:00+00:00,ES,gap,info_session_or_outage,gap of 3 days 00:00:00 (expected 1 days 00:00:00),parent_proxy
2016-09-06 00:00:00+00:00,ES,gap,info_session_or_outage,gap of 4 days 00:00:00 (expected 1 days 00:00:00),parent_proxy
2016-09-12 00:00:00+00:00,ES,gap,info_session_or_outage,gap of 3 days 00:00:00 (expected 1 days 00:00:00),parent_proxy
2016-09-19 00:00:00+00:00,ES,gap,info_session_or_outage,gap of 3 days 00:00:00 (expected 1 days 00:00:00),parent_proxy
2016-09-26 00:00:00+00:00,ES,gap,info_session_or_outage,gap of 3 days 00:00:00 (expected 1 days 00:00:00),parent_proxy
2016-10-03 00:00:00+00:00,ES,gap,info_session_or_outage,gap of 3 days 00:00:00 (expected 1 days 00:00:00),parent_proxy
2016-10-11 00:00:00+00:00,ES,gap,info_session_or_outage,gap of 4 days 00:00:00 (expected 1 days 00:00:00),parent_proxy
2016-10-17 00:00:00+00:00,ES,gap,info_session_or_outage,gap of 3 days 00:00:00 (expected 1 days 00:00:00),parent_proxy
2016-10-24 00:00:00+00:00,ES,gap,info_session_or_outage,gap of 3 days 00:00:00 (expected 1 days 00:00:00),parent_proxy
2016-10-31 00:00:00+00:00,ES,gap,info_session_or_outage,gap of 3 days 00:00:00 (expected 1 days 00:00:00),parent_proxy
2016-11-07 00:00:00+00:00,ES,gap,info_session_or_outage,gap of 3 days 00:00:00 (expected 1 days 00:00:00),parent_proxy
2016-11-14 00:00:00+00:00,ES,gap,info_session_or_outage,gap of 4 days 00:00:00 (expected 1 days 00:00:00),parent_proxy
2016-11-21 00:00:00+00:00,ES,gap,info_session_or_outage,gap of 3 days 00:00:00 (expected 1 days 00:00:00),parent_proxy
2016-11-25 00:00:00+00:00,ES,gap,info_session_or_outage,gap of 2 days 00:00:00 (expected 1 days 00:00:00),parent_proxy
2016-11-28 00:00:00+00:00,ES,gap,info_session_or_outage,gap of 3 days 00:00:00 (expected 1 days 00:00:00),parent_proxy
2016-12-05 00:00:00+00:00,ES,gap,info_session_or_outage,gap of 3 days 00:00:00 (expected 1 days 00:00:00),parent_proxy
2016-12-12 00:00:00+00:00,ES,gap,info_session_or_outage,gap of 3 days 00:00:00 (expected 1 days 00:00:00),parent_proxy
2016-12-19 00:00:00+00:00,ES,gap,info_session_or_outage,gap of 3 days 00:00:00 (expected 1 days 00:00:00),parent_proxy
2016-12-27 00:00:00+00:00,ES,gap,info_session_or_outage,gap of 4 days 00:00:00 (expected 1 days 00:00:00),parent_proxy
2017-01-03 00:00:00+00:00,ES,gap,info_session_or_outage,gap of 4 days 00:00:00 (expected 1 days 00:00:00),parent_proxy
2017-01-09 00:00:00+00:00,ES,gap,info_session_or_outage,gap of 3 days 00:00:00 (expected 1 days 00:00:00),parent_proxy
2017-01-17 00:00:00+00:00,ES,gap,info_session_or_outage,gap of 4 days 00:00:00 (expected 1 days 00:00:00),parent_proxy
2017-01-23 00:00:00+00:00,ES,gap,info_session_or_outage,gap of 3 days 00:00:00 (expected 1 days 00:00:00),parent_proxy
2017-01-30 00:00:00+00:00,ES,gap,info_session_or_outage,gap of 3 days 00:00:00 (expected 1 days 00:00:00),parent_proxy
2017-02-06 00:00:00+00:00,ES,gap,info_session_or_outage,gap of 3 days 00:00:00 (expected 1 days 00:00:00),parent_proxy
2017-02-13 00:00:00+00:00,ES,gap,info_session_or_outage,gap of 3 days 00:00:00 (expected 1 days 00:00:00),parent_proxy
2017-02-21 00:00:00+00:00,ES,gap,info_session_or_outage,gap of 4 days 00:00:00 (expected 1 days 00:00:00),parent_proxy
2017-02-27 00:00:00+00:00,ES,gap,info_session_or_outage,gap of 3 days 00:00:00 (expected 1 days 00:00:00),parent_proxy
2017-03-06 00:00:00+00:00,ES,gap,info_session_or_outage,gap of 3 days 00:00:00 (expected 1 days 00:00:00),parent_proxy
2017-03-13 00:00:00+00:00,ES,gap,info_session_or_outage,gap of 3 days 00:00:00 (expected 1 days 00:00:00),parent_proxy
2017-03-20 00:00:00+00:00,ES,gap,info_session_or_outage,gap of 3 days 00:00:00 (expected 1 days 00:00:00),parent_proxy
2017-03-27 00:00:00+00:00,ES,gap,info_session_or_outage,gap of 3 days 00:00:00 (expected 1 days 00:00:00),parent_proxy
2017-04-03 00:00:00+00:00,ES,gap,info_session_or_outage,gap of 3 days 00:00:00 (expected 1 days 00:00:00),parent_proxy
2017-04-10 00:00:00+00:00,ES,gap,info_session_or_outage,gap of 3 days 00:00:00 (expected 1 days 00:00:00),parent_proxy
2017-04-17 00:00:00+00:00,ES,gap,info_session_or_outage,gap of 4 days 00:00:00 (expected 1 days 00:00:00),parent_proxy
2017-04-24 00:00:00+00:00,ES,gap,info_session_or_outage,gap of 3 days 00:00:00 (expected 1 days 00:00:00),parent_proxy
2017-05-01 00:00:00+00:00,ES,gap,info_session_or_outage,gap of 3 days 00:00:00 (expected 1 days 00:00:00),parent_proxy
2017-05-08 00:00:00+00:00,ES,gap,info_session_or_outage,gap of 3 days 00:00:00 (expected 1 days 00:00:00),parent_proxy
2017-05-15 00:00:00+00:00,ES,gap,info_session_or_outage,gap of 3 days 00:00:00 (expected 1 days 00:00:00),parent_proxy
2017-05-22 00:00:00+00:00,ES,gap,info_session_or_outage,gap of 3 days 00:00:00 (expected 1 days 00:00:00),parent_proxy
2017-05-30 00:00:00+00:00,ES,gap,info_session_or_outage,gap of 4 days 00:00:00 (expected 1 days 00:00:00),parent_proxy
2017-06-05 00:00:00+00:00,ES,gap,info_session_or_outage,gap of 3 days 00:00:00 (expected 1 days 00:00:00),parent_proxy
2017-06-12 00:00:00+00:00,ES,gap,info_session_or_outage,gap of 3 days 00:00:00 (expected 1 days 00:00:00),parent_proxy
2017-06-19 00:00:00+00:00,ES,gap,info_session_or_outage,gap of 3 days 00:00:00 (expected 1 days 00:00:00),parent_proxy
2017-06-26 00:00:00+00:00,ES,gap,info_session_or_outage,gap of 3 days 00:00:00 (expected 1 days 00:00:00),parent_proxy
2017-07-03 00:00:00+00:00,ES,gap,info_session_or_outage,gap of 3 days 00:00:00 (expected 1 days 00:00:00),parent_proxy
2017-07-05 00:00:00+00:00,ES,gap,info_session_or_outage,gap of 2 days 00:00:00 (expected 1 days 00:00:00),parent_proxy
2017-07-10 00:00:00+00:00,ES,gap,info_session_or_outage,gap of 3 days 00:00:00 (expected 1 days 00:00:00),parent_proxy
2017-07-17 00:00:00+00:00,ES,gap,info_session_or_outage,gap of 3 days 00:00:00 (expected 1 days 00:00:00),parent_proxy
2017-07-24 00:00:00+00:00,ES,gap,info_session_or_outage,gap of 3 days 00:00:00 (expected 1 days 00:00:00),parent_proxy
2017-07-31 00:00:00+00:00,ES,gap,info_session_or_outage,gap of 3 days 00:00:00 (expected 1 days 00:00:00),parent_proxy
2017-08-07 00:00:00+00:00,ES,gap,info_session_or_outage,gap of 3 days 00:00:00 (expected 1 days 00:00:00),parent_proxy
2017-08-14 00:00:00+00:00,ES,gap,info_session_or_outage,gap of 3 days 00:00:00 (expected 1 days 00:00:00),parent_proxy
2017-08-21 00:00:00+00:00,ES,gap,info_session_or_outage,gap of 3 days 00:00:00 (expected 1 days 00:00:00),parent_proxy
2017-08-28 00:00:00+00:00,ES,gap,info_session_or_outage,gap of 3 days 00:00:00 (expected 1 days 00:00:00),parent_proxy
2017-09-05 00:00:00+00:00,ES,gap,info_session_or_outage,gap of 4 days 00:00:00 (expected 1 days 00:00:00),parent_proxy
2017-09-11 00:00:00+00:00,ES,gap,info_session_or_outage,gap of 3 days 00:00:00 (expected 1 days 00:00:00),parent_proxy
2017-09-18 00:00:00+00:00,ES,gap,info_session_or_outage,gap of 3 days 00:00:00 (expected 1 days 00:00:00),parent_proxy
2017-09-25 00:00:00+00:00,ES,gap,info_session_or_outage,gap of 3 days 00:00:00 (expected 1 days 00:00:00),parent_proxy
2017-10-02 00:00:00+00:00,ES,gap,info_session_or_outage,gap of 3 days 00:00:00 (expected 1 days 00:00:00),parent_proxy
2017-10-09 00:00:00+00:00,ES,gap,info_session_or_outage,gap of 3 days 00:00:00 (expected 1 days 00:00:00),parent_proxy
2017-10-16 00:00:00+00:00,ES,gap,info_session_or_outage,gap of 3 days 00:00:00 (expected 1 days 00:00:00),parent_proxy
2017-10-23 00:00:00+00:00,ES,gap,info_session_or_outage,gap of 3 days 00:00:00 (expected 1 days 00:00:00),parent_proxy
2017-10-30 00:00:00+00:00,ES,gap,info_session_or_outage,gap of 3 days 00:00:00 (expected 1 days 00:00:00),parent_proxy
2017-11-06 00:00:00+00:00,ES,gap,info_session_or_outage,gap of 3 days 00:00:00 (expected 1 days 00:00:00),parent_proxy
2017-11-13 00:00:00+00:00,ES,gap,info_session_or_outage,gap of 3 days 00:00:00 (expected 1 days 00:00:00),parent_proxy
2017-11-20 00:00:00+00:00,ES,gap,info_session_or_outage,gap of 3 days 00:00:00 (expected 1 days 00:00:00),parent_proxy
2017-11-24 00:00:00+00:00,ES,gap,info_session_or_outage,gap of 2 days 00:00:00 (expected 1 days 00:00:00),parent_proxy
2017-11-27 00:00:00+00:00,ES,gap,info_session_or_outage,gap of 3 days 00:00:00 (expected 1 days 00:00:00),parent_proxy
2017-12-04 00:00:00+00:00,ES,gap,info_session_or_outage,gap of 3 days 00:00:00 (expected 1 days 00:00:00),parent_proxy
2017-12-11 00:00:00+00:00,ES,gap,info_session_or_outage,gap of 3 days 00:00:00 (expected 1 days 00:00:00),parent_proxy
2017-12-18 00:00:00+00:00,ES,gap,info_session_or_outage,gap of 3 days 00:00:00 (expected 1 days 00:00:00),parent_proxy
2017-12-26 00:00:00+00:00,ES,gap,info_session_or_outage,gap of 4 days 00:00:00 (expected 1 days 00:00:00),parent_proxy
2018-01-02 00:00:00+00:00,ES,gap,info_session_or_outage,gap of 4 days 00:00:00 (expected 1 days 00:00:00),parent_proxy
2018-01-08 00:00:00+00:00,ES,gap,info_session_or_outage,gap of 3 days 00:00:00 (expected 1 days 00:00:00),parent_proxy
2018-01-16 00:00:00+00:00,ES,gap,info_session_or_outage,gap of 4 days 00:00:00 (expected 1 days 00:00:00),parent_proxy
2018-01-22 00:00:00+00:00,ES,gap,info_session_or_outage,gap of 3 days 00:00:00 (expected 1 days 00:00:00),parent_proxy
2018-01-29 00:00:00+00:00,ES,gap,info_session_or_outage,gap of 3 days 00:00:00 (expected 1 days 00:00:00),parent_proxy
2018-02-05 00:00:00+00:00,ES,gap,info_session_or_outage,gap of 3 days 00:00:00 (expected 1 days 00:00:00),parent_proxy
2018-02-12 00:00:00+00:00,ES,gap,info_session_or_outage,gap of 3 days 00:00:00 (expected 1 days 00:00:00),parent_proxy
2018-02-20 00:00:00+00:00,ES,gap,info_session_or_outage,gap of 4 days 00:00:00 (expected 1 days 00:00:00),parent_proxy
2018-02-26 00:00:00+00:00,ES,gap,info_session_or_outage,gap of 3 days 00:00:00 (expected 1 days 00:00:00),parent_proxy
2018-03-05 00:00:00+00:00,ES,gap,info_session_or_outage,gap of 3 days 00:00:00 (expected 1 days 00:00:00),parent_proxy
2018-03-12 00:00:00+00:00,ES,gap,info_session_or_outage,gap of 3 days 00:00:00 (expected 1 days 00:00:00),parent_proxy
2018-03-19 00:00:00+00:00,ES,gap,info_session_or_outage,gap of 3 days 00:00:00 (expected 1 days 00:00:00),parent_proxy
2018-03-26 00:00:00+00:00,ES,gap,info_session_or_outage,gap of 3 days 00:00:00 (expected 1 days 00:00:00),parent_proxy
2018-04-02 00:00:00+00:00,ES,gap,info_session_or_outage,gap of 4 days 00:00:00 (expected 1 days 00:00:00),parent_proxy
2018-04-09 00:00:00+00:00,ES,gap,info_session_or_outage,gap of 3 days 00:00:00 (expected 1 days 00:00:00),parent_proxy
2018-04-16 00:00:00+00:00,ES,gap,info_session_or_outage,gap of 3 days 00:00:00 (expected 1 days 00:00:00),parent_proxy
2018-04-23 00:00:00+00:00,ES,gap,info_session_or_outage,gap of 3 days 00:00:00 (expected 1 days 00:00:00),parent_proxy
2018-04-30 00:00:00+00:00,ES,gap,info_session_or_outage,gap of 3 days 00:00:00 (expected 1 days 00:00:00),parent_proxy
2018-05-07 00:00:00+00:00,ES,gap,info_session_or_outage,gap of 3 days 00:00:00 (expected 1 days 00:00:00),parent_proxy
2018-05-14 00:00:00+00:00,ES,gap,info_session_or_outage,gap of 3 days 00:00:00 (expected 1 days 00:00:00),parent_proxy
2018-05-21 00:00:00+00:00,ES,gap,info_session_or_outage,gap of 3 days 00:00:00 (expected 1 days 00:00:00),parent_proxy
2018-05-29 00:00:00+00:00,ES,gap,info_session_or_outage,gap of 4 days 00:00:00 (expected 1 days 00:00:00),parent_proxy
2018-06-04 00:00:00+00:00,ES,gap,info_session_or_outage,gap of 3 days 00:00:00 (expected 1 days 00:00:00),parent_proxy
2018-06-11 00:00:00+00:00,ES,gap,info_session_or_outage,gap of 3 days 00:00:00 (expected 1 days 00:00:00),parent_proxy
2018-06-18 00:00:00+00:00,ES,gap,info_session_or_outage,gap of 3 days 00:00:00 (expected 1 days 00:00:00),parent_proxy
2018-06-25 00:00:00+00:00,ES,gap,info_session_or_outage,gap of 3 days 00:00:00 (expected 1 days 00:00:00),parent_proxy
2018-07-02 00:00:00+00:00,ES,gap,info_session_or_outage,gap of 3 days 00:00:00 (expected 1 days 00:00:00),parent_proxy
2018-07-05 00:00:00+00:00,ES,gap,info_session_or_outage,gap of 2 days 00:00:00 (expected 1 days 00:00:00),parent_proxy
2018-07-09 00:00:00+00:00,ES,gap,info_session_or_outage,gap of 3 days 00:00:00 (expected 1 days 00:00:00),parent_proxy
2018-07-16 00:00:00+00:00,ES,gap,info_session_or_outage,gap of 3 days 00:00:00 (expected 1 days 00:00:00),parent_proxy
2018-07-23 00:00:00+00:00,ES,gap,info_session_or_outage,gap of 3 days 00:00:00 (expected 1 days 00:00:00),parent_proxy
2018-07-30 00:00:00+00:00,ES,gap,info_session_or_outage,gap of 3 days 00:00:00 (expected 1 days 00:00:00),parent_proxy
2018-08-06 00:00:00+00:00,ES,gap,info_session_or_outage,gap of 3 days 00:00:00 (expected 1 days 00:00:00),parent_proxy
2018-08-13 00:00:00+00:00,ES,gap,info_session_or_outage,gap of 3 days 00:00:00 (expected 1 days 00:00:00),parent_proxy
2018-08-20 00:00:00+00:00,ES,gap,info_session_or_outage,gap of 3 days 00:00:00 (expected 1 days 00:00:00),parent_proxy
2018-08-27 00:00:00+00:00,ES,gap,info_session_or_outage,gap of 3 days 00:00:00 (expected 1 days 00:00:00),parent_proxy
2018-09-04 00:00:00+00:00,ES,gap,info_session_or_outage,gap of 4 days 00:00:00 (expected 1 days 00:00:00),parent_proxy
2018-09-10 00:00:00+00:00,ES,gap,info_session_or_outage,gap of 3 days 00:00:00 (expected 1 days 00:00:00),parent_proxy
2018-09-17 00:00:00+00:00,ES,gap,info_session_or_outage,gap of 3 days 00:00:00 (expected 1 days 00:00:00),parent_proxy
2018-09-24 00:00:00+00:00,ES,gap,info_session_or_outage,gap of 3 days 00:00:00 (expected 1 days 00:00:00),parent_proxy
2018-10-01 00:00:00+00:00,ES,gap,info_session_or_outage,gap of 3 days 00:00:00 (expected 1 days 00:00:00),parent_proxy
2018-10-08 00:00:00+00:00,ES,gap,info_session_or_outage,gap of 3 days 00:00:00 (expected 1 days 00:00:00),parent_proxy
2018-10-15 00:00:00+00:00,ES,gap,info_session_or_outage,gap of 3 days 00:00:00 (expected 1 days 00:00:00),parent_proxy
2018-10-22 00:00:00+00:00,ES,gap,info_session_or_outage,gap of 3 days 00:00:00 (expected 1 days 00:00:00),parent_proxy
2018-10-29 00:00:00+00:00,ES,gap,info_session_or_outage,gap of 3 days 00:00:00 (expected 1 days 00:00:00),parent_proxy
2018-11-05 00:00:00+00:00,ES,gap,info_session_or_outage,gap of 3 days 00:00:00 (expected 1 days 00:00:00),parent_proxy
2018-11-12 00:00:00+00:00,ES,gap,info_session_or_outage,gap of 3 days 00:00:00 (expected 1 days 00:00:00),parent_proxy
2018-11-19 00:00:00+00:00,ES,gap,info_session_or_outage,gap of 3 days 00:00:00 (expected 1 days 00:00:00),parent_proxy
2018-11-23 00:00:00+00:00,ES,gap,info_session_or_outage,gap of 2 days 00:00:00 (expected 1 days 00:00:00),parent_proxy
2018-11-26 00:00:00+00:00,ES,gap,info_session_or_outage,gap of 3 days 00:00:00 (expected 1 days 00:00:00),parent_proxy
2018-12-03 00:00:00+00:00,ES,gap,info_session_or_outage,gap of 3 days 00:00:00 (expected 1 days 00:00:00),parent_proxy
2018-12-06 00:00:00+00:00,ES,gap,info_session_or_outage,gap of 2 days 00:00:00 (expected 1 days 00:00:00),parent_proxy
2018-12-10 00:00:00+00:00,ES,gap,info_session_or_outage,gap of 3 days 00:00:00 (expected 1 days 00:00:00),parent_proxy
2018-12-17 00:00:00+00:00,ES,gap,info_session_or_outage,gap of 3 days 00:00:00 (expected 1 days 00:00:00),parent_proxy
2018-12-24 00:00:00+00:00,ES,gap,info_session_or_outage,gap of 3 days 00:00:00 (expected 1 days 00:00:00),parent_proxy
2018-12-26 00:00:00+00:00,ES,gap,info_session_or_outage,gap of 2 days 00:00:00 (expected 1 days 00:00:00),parent_proxy
2018-12-31 00:00:00+00:00,ES,gap,info_session_or_outage,gap of 3 days 00:00:00 (expected 1 days 00:00:00),parent_proxy
2019-01-02 00:00:00+00:00,ES,gap,info_session_or_outage,gap of 2 days 00:00:00 (expected 1 days 00:00:00),parent_proxy
2019-01-07 00:00:00+00:00,ES,gap,info_session_or_outage,gap of 3 days 00:00:00 (expected 1 days 00:00:00),parent_proxy
2019-01-14 00:00:00+00:00,ES,gap,info_session_or_outage,gap of 3 days 00:00:00 (expected 1 days 00:00:00),parent_proxy
2019-01-22 00:00:00+00:00,ES,gap,info_session_or_outage,gap of 4 days 00:00:00 (expected 1 days 00:00:00),parent_proxy
2019-01-28 00:00:00+00:00,ES,gap,info_session_or_outage,gap of 3 days 00:00:00 (expected 1 days 00:00:00),parent_proxy
2019-02-04 00:00:00+00:00,ES,gap,info_session_or_outage,gap of 3 days 00:00:00 (expected 1 days 00:00:00),parent_proxy
2019-02-11 00:00:00+00:00,ES,gap,info_session_or_outage,gap of 3 days 00:00:00 (expected 1 days 00:00:00),parent_proxy
2019-02-19 00:00:00+00:00,ES,gap,info_session_or_outage,gap of 4 days 00:00:00 (expected 1 days 00:00:00),parent_proxy
2019-02-25 00:00:00+00:00,ES,gap,info_session_or_outage,gap of 3 days 00:00:00 (expected 1 days 00:00:00),parent_proxy
2019-03-04 00:00:00+00:00,ES,gap,info_session_or_outage,gap of 3 days 00:00:00 (expected 1 days 00:00:00),parent_proxy
2019-03-11 00:00:00+00:00,ES,gap,info_session_or_outage,gap of 3 days 00:00:00 (expected 1 days 00:00:00),parent_proxy
2019-03-18 00:00:00+00:00,ES,gap,info_session_or_outage,gap of 3 days 00:00:00 (expected 1 days 00:00:00),parent_proxy
2019-03-25 00:00:00+00:00,ES,gap,info_session_or_outage,gap of 3 days 00:00:00 (expected 1 days 00:00:00),parent_proxy
2019-04-01 00:00:00+00:00,ES,gap,info_session_or_outage,gap of 3 days 00:00:00 (expected 1 days 00:00:00),parent_proxy
2019-04-08 00:00:00+00:00,ES,gap,info_session_or_outage,gap of 3 days 00:00:00 (expected 1 days 00:00:00),parent_proxy
2019-04-15 00:00:00+00:00,ES,gap,info_session_or_outage,gap of 3 days 00:00:00 (expected 1 days 00:00:00),parent_proxy
2019-04-22 00:00:00+00:00,ES,gap,info_session_or_outage,gap of 4 days 00:00:00 (expected 1 days 00:00:00),parent_proxy
2019-04-29 00:00:00+00:00,ES,gap,info_session_or_outage,gap of 3 days 00:00:00 (expected 1 days 00:00:00),parent_proxy
2019-05-06 00:00:00+00:00,ES,gap,info_session_or_outage,gap of 3 days 00:00:00 (expected 1 days 00:00:00),parent_proxy
2019-05-13 00:00:00+00:00,ES,gap,info_session_or_outage,gap of 3 days 00:00:00 (expected 1 days 00:00:00),parent_proxy
2019-05-20 00:00:00+00:00,ES,gap,info_session_or_outage,gap of 3 days 00:00:00 (expected 1 days 00:00:00),parent_proxy
2019-05-28 00:00:00+00:00,ES,gap,info_session_or_outage,gap of 4 days 00:00:00 (expected 1 days 00:00:00),parent_proxy
2019-06-03 00:00:00+00:00,ES,gap,info_session_or_outage,gap of 3 days 00:00:00 (expected 1 days 00:00:00),parent_proxy
2019-06-10 00:00:00+00:00,ES,gap,info_session_or_outage,gap of 3 days 00:00:00 (expected 1 days 00:00:00),parent_proxy
2019-06-17 00:00:00+00:00,ES,gap,info_session_or_outage,gap of 3 days 00:00:00 (expected 1 days 00:00:00),parent_proxy
2019-06-24 00:00:00+00:00,ES,gap,info_session_or_outage,gap of 3 days 00:00:00 (expected 1 days 00:00:00),parent_proxy
2019-07-01 00:00:00+00:00,ES,gap,info_session_or_outage,gap of 3 days 00:00:00 (expected 1 days 00:00:00),parent_proxy
2019-07-05 00:00:00+00:00,ES,gap,info_session_or_outage,gap of 2 days 00:00:00 (expected 1 days 00:00:00),parent_proxy
2019-07-08 00:00:00+00:00,ES,gap,info_session_or_outage,gap of 3 days 00:00:00 (expected 1 days 00:00:00),parent_proxy
2019-07-15 00:00:00+00:00,ES,gap,info_session_or_outage,gap of 3 days 00:00:00 (expected 1 days 00:00:00),parent_proxy
2019-07-22 00:00:00+00:00,ES,gap,info_session_or_outage,gap of 3 days 00:00:00 (expected 1 days 00:00:00),parent_proxy
2019-07-29 00:00:00+00:00,ES,gap,info_session_or_outage,gap of 3 days 00:00:00 (expected 1 days 00:00:00),parent_proxy
2019-08-05 00:00:00+00:00,ES,gap,info_session_or_outage,gap of 3 days 00:00:00 (expected 1 days 00:00:00),parent_proxy
2019-08-12 00:00:00+00:00,ES,gap,info_session_or_outage,gap of 3 days 00:00:00 (expected 1 days 00:00:00),parent_proxy
2019-08-19 00:00:00+00:00,ES,gap,info_session_or_outage,gap of 3 days 00:00:00 (expected 1 days 00:00:00),parent_proxy
2019-08-26 00:00:00+00:00,ES,gap,info_session_or_outage,gap of 3 days 00:00:00 (expected 1 days 00:00:00),parent_proxy
2019-09-03 00:00:00+00:00,ES,gap,info_session_or_outage,gap of 4 days 00:00:00 (expected 1 days 00:00:00),parent_proxy
2019-09-09 00:00:00+00:00,ES,gap,info_session_or_outage,gap of 3 days 00:00:00 (expected 1 days 00:00:00),parent_proxy
2019-09-16 00:00:00+00:00,ES,gap,info_session_or_outage,gap of 3 days 00:00:00 (expected 1 days 00:00:00),parent_proxy
2019-09-23 00:00:00+00:00,ES,gap,info_session_or_outage,gap of 3 days 00:00:00 (expected 1 days 00:00:00),parent_proxy
2019-09-30 00:00:00+00:00,ES,gap,info_session_or_outage,gap of 3 days 00:00:00 (expected 1 days 00:00:00),parent_proxy
2019-10-07 00:00:00+00:00,ES,gap,info_session_or_outage,gap of 3 days 00:00:00 (expected 1 days 00:00:00),parent_proxy
2019-10-14 00:00:00+00:00,ES,gap,info_session_or_outage,gap of 3 days 00:00:00 (expected 1 days 00:00:00),parent_proxy
2019-10-21 00:00:00+00:00,ES,gap,info_session_or_outage,gap of 3 days 00:00:00 (expected 1 days 00:00:00),parent_proxy
2019-10-28 00:00:00+00:00,ES,gap,info_session_or_outage,gap of 3 days 00:00:00 (expected 1 days 00:00:00),parent_proxy
2019-11-04 00:00:00+00:00,ES,gap,info_session_or_outage,gap of 3 days 00:00:00 (expected 1 days 00:00:00),parent_proxy
2019-11-11 00:00:00+00:00,ES,gap,info_session_or_outage,gap of 3 days 00:00:00 (expected 1 days 00:00:00),parent_proxy
2019-11-18 00:00:00+00:00,ES,gap,info_session_or_outage,gap of 3 days 00:00:00 (expected 1 days 00:00:00),parent_proxy
2019-11-25 00:00:00+00:00,ES,gap,info_session_or_outage,gap of 3 days 00:00:00 (expected 1 days 00:00:00),parent_proxy
2019-11-29 00:00:00+00:00,ES,gap,info_session_or_outage,gap of 2 days 00:00:00 (expected 1 days 00:00:00),parent_proxy
2019-12-02 00:00:00+00:00,ES,gap,info_session_or_outage,gap of 3 days 00:00:00 (expected 1 days 00:00:00),parent_proxy
2019-12-09 00:00:00+00:00,ES,gap,info_session_or_outage,gap of 3 days 00:00:00 (expected 1 days 00:00:00),parent_proxy
2019-12-16 00:00:00+00:00,ES,gap,info_session_or_outage,gap of 3 days 00:00:00 (expected 1 days 00:00:00),parent_proxy
2019-12-23 00:00:00+00:00,ES,gap,info_session_or_outage,gap of 3 days 00:00:00 (expected 1 days 00:00:00),parent_proxy
2019-12-26 00:00:00+00:00,ES,gap,info_session_or_outage,gap of 2 days 00:00:00 (expected 1 days 00:00:00),parent_proxy
2019-12-30 00:00:00+00:00,ES,gap,info_session_or_outage,gap of 3 days 00:00:00 (expected 1 days 00:00:00),parent_proxy
2020-01-02 00:00:00+00:00,ES,gap,info_session_or_outage,gap of 2 days 00:00:00 (expected 1 days 00:00:00),parent_proxy
2020-01-06 00:00:00+00:00,ES,gap,info_session_or_outage,gap of 3 days 00:00:00 (expected 1 days 00:00:00),parent_proxy
2020-01-13 00:00:00+00:00,ES,gap,info_session_or_outage,gap of 3 days 00:00:00 (expected 1 days 00:00:00),parent_proxy
2020-01-21 00:00:00+00:00,ES,gap,info_session_or_outage,gap of 4 days 00:00:00 (expected 1 days 00:00:00),parent_proxy
2020-01-27 00:00:00+00:00,ES,gap,info_session_or_outage,gap of 3 days 00:00:00 (expected 1 days 00:00:00),parent_proxy
2020-02-03 00:00:00+00:00,ES,gap,info_session_or_outage,gap of 3 days 00:00:00 (expected 1 days 00:00:00),parent_proxy
2020-02-10 00:00:00+00:00,ES,gap,info_session_or_outage,gap of 3 days 00:00:00 (expected 1 days 00:00:00),parent_proxy
2020-02-18 00:00:00+00:00,ES,gap,info_session_or_outage,gap of 4 days 00:00:00 (expected 1 days 00:00:00),parent_proxy
2020-02-24 00:00:00+00:00,ES,gap,info_session_or_outage,gap of 3 days 00:00:00 (expected 1 days 00:00:00),parent_proxy
2020-03-02 00:00:00+00:00,ES,gap,info_session_or_outage,gap of 3 days 00:00:00 (expected 1 days 00:00:00),parent_proxy
2020-03-09 00:00:00+00:00,ES,gap,info_session_or_outage,gap of 3 days 00:00:00 (expected 1 days 00:00:00),parent_proxy
2020-03-16 00:00:00+00:00,ES,gap,info_session_or_outage,gap of 3 days 00:00:00 (expected 1 days 00:00:00),parent_proxy
2020-03-23 00:00:00+00:00,ES,gap,info_session_or_outage,gap of 3 days 00:00:00 (expected 1 days 00:00:00),parent_proxy
2020-03-30 00:00:00+00:00,ES,gap,info_session_or_outage,gap of 3 days 00:00:00 (expected 1 days 00:00:00),parent_proxy
2020-04-06 00:00:00+00:00,ES,gap,info_session_or_outage,gap of 3 days 00:00:00 (expected 1 days 00:00:00),parent_proxy
2020-04-13 00:00:00+00:00,ES,gap,info_session_or_outage,gap of 4 days 00:00:00 (expected 1 days 00:00:00),parent_proxy
2020-04-20 00:00:00+00:00,ES,gap,info_session_or_outage,gap of 3 days 00:00:00 (expected 1 days 00:00:00),parent_proxy
2020-04-27 00:00:00+00:00,ES,gap,info_session_or_outage,gap of 3 days 00:00:00 (expected 1 days 00:00:00),parent_proxy
2020-05-04 00:00:00+00:00,ES,gap,info_session_or_outage,gap of 3 days 00:00:00 (expected 1 days 00:00:00),parent_proxy
2020-05-11 00:00:00+00:00,ES,gap,info_session_or_outage,gap of 3 days 00:00:00 (expected 1 days 00:00:00),parent_proxy
2020-05-18 00:00:00+00:00,ES,gap,info_session_or_outage,gap of 3 days 00:00:00 (expected 1 days 00:00:00),parent_proxy
2020-05-26 00:00:00+00:00,ES,gap,info_session_or_outage,gap of 4 days 00:00:00 (expected 1 days 00:00:00),parent_proxy
2020-06-01 00:00:00+00:00,ES,gap,info_session_or_outage,gap of 3 days 00:00:00 (expected 1 days 00:00:00),parent_proxy
2020-06-08 00:00:00+00:00,ES,gap,info_session_or_outage,gap of 3 days 00:00:00 (expected 1 days 00:00:00),parent_proxy
2020-06-15 00:00:00+00:00,ES,gap,info_session_or_outage,gap of 3 days 00:00:00 (expected 1 days 00:00:00),parent_proxy
2020-06-22 00:00:00+00:00,ES,gap,info_session_or_outage,gap of 3 days 00:00:00 (expected 1 days 00:00:00),parent_proxy
2020-06-29 00:00:00+00:00,ES,gap,info_session_or_outage,gap of 3 days 00:00:00 (expected 1 days 00:00:00),parent_proxy
2020-07-06 00:00:00+00:00,ES,gap,info_session_or_outage,gap of 4 days 00:00:00 (expected 1 days 00:00:00),parent_proxy
2020-07-13 00:00:00+00:00,ES,gap,info_session_or_outage,gap of 3 days 00:00:00 (expected 1 days 00:00:00),parent_proxy
2020-07-20 00:00:00+00:00,ES,gap,info_session_or_outage,gap of 3 days 00:00:00 (expected 1 days 00:00:00),parent_proxy
2020-07-27 00:00:00+00:00,ES,gap,info_session_or_outage,gap of 3 days 00:00:00 (expected 1 days 00:00:00),parent_proxy
2020-08-03 00:00:00+00:00,ES,gap,info_session_or_outage,gap of 3 days 00:00:00 (expected 1 days 00:00:00),parent_proxy
2020-08-10 00:00:00+00:00,ES,gap,info_session_or_outage,gap of 3 days 00:00:00 (expected 1 days 00:00:00),parent_proxy
2020-08-17 00:00:00+00:00,ES,gap,info_session_or_outage,gap of 3 days 00:00:00 (expected 1 days 00:00:00),parent_proxy
2020-08-24 00:00:00+00:00,ES,gap,info_session_or_outage,gap of 3 days 00:00:00 (expected 1 days 00:00:00),parent_proxy
2020-08-31 00:00:00+00:00,ES,gap,info_session_or_outage,gap of 3 days 00:00:00 (expected 1 days 00:00:00),parent_proxy
2020-09-08 00:00:00+00:00,ES,gap,info_session_or_outage,gap of 4 days 00:00:00 (expected 1 days 00:00:00),parent_proxy
2020-09-14 00:00:00+00:00,ES,gap,info_session_or_outage,gap of 3 days 00:00:00 (expected 1 days 00:00:00),parent_proxy
2020-09-21 00:00:00+00:00,ES,gap,info_session_or_outage,gap of 3 days 00:00:00 (expected 1 days 00:00:00),parent_proxy
2020-09-28 00:00:00+00:00,ES,gap,info_session_or_outage,gap of 3 days 00:00:00 (expected 1 days 00:00:00),parent_proxy
2020-10-05 00:00:00+00:00,ES,gap,info_session_or_outage,gap of 3 days 00:00:00 (expected 1 days 00:00:00),parent_proxy
2020-10-12 00:00:00+00:00,ES,gap,info_session_or_outage,gap of 3 days 00:00:00 (expected 1 days 00:00:00),parent_proxy
2020-10-19 00:00:00+00:00,ES,gap,info_session_or_outage,gap of 3 days 00:00:00 (expected 1 days 00:00:00),parent_proxy
2020-10-26 00:00:00+00:00,ES,gap,info_session_or_outage,gap of 3 days 00:00:00 (expected 1 days 00:00:00),parent_proxy
2020-11-02 00:00:00+00:00,ES,gap,info_session_or_outage,gap of 3 days 00:00:00 (expected 1 days 00:00:00),parent_proxy
2020-11-09 00:00:00+00:00,ES,gap,info_session_or_outage,gap of 3 days 00:00:00 (expected 1 days 00:00:00),parent_proxy
2020-11-16 00:00:00+00:00,ES,gap,info_session_or_outage,gap of 3 days 00:00:00 (expected 1 days 00:00:00),parent_proxy
2020-11-23 00:00:00+00:00,ES,gap,info_session_or_outage,gap of 3 days 00:00:00 (expected 1 days 00:00:00),parent_proxy
2020-11-27 00:00:00+00:00,ES,gap,info_session_or_outage,gap of 2 days 00:00:00 (expected 1 days 00:00:00),parent_proxy
2020-11-30 00:00:00+00:00,ES,gap,info_session_or_outage,gap of 3 days 00:00:00 (expected 1 days 00:00:00),parent_proxy
2020-12-07 00:00:00+00:00,ES,gap,info_session_or_outage,gap of 3 days 00:00:00 (expected 1 days 00:00:00),parent_proxy
2020-12-14 00:00:00+00:00,ES,gap,info_session_or_outage,gap of 3 days 00:00:00 (expected 1 days 00:00:00),parent_proxy
2020-12-21 00:00:00+00:00,ES,gap,info_session_or_outage,gap of 3 days 00:00:00 (expected 1 days 00:00:00),parent_proxy
2020-12-28 00:00:00+00:00,ES,gap,info_session_or_outage,gap of 4 days 00:00:00 (expected 1 days 00:00:00),parent_proxy
2021-01-04 00:00:00+00:00,ES,gap,info_session_or_outage,gap of 4 days 00:00:00 (expected 1 days 00:00:00),parent_proxy
2021-01-11 00:00:00+00:00,ES,gap,info_session_or_outage,gap of 3 days 00:00:00 (expected 1 days 00:00:00),parent_proxy
2021-01-19 00:00:00+00:00,ES,gap,info_session_or_outage,gap of 4 days 00:00:00 (expected 1 days 00:00:00),parent_proxy
2021-01-25 00:00:00+00:00,ES,gap,info_session_or_outage,gap of 3 days 00:00:00 (expected 1 days 00:00:00),parent_proxy
2021-02-01 00:00:00+00:00,ES,gap,info_session_or_outage,gap of 3 days 00:00:00 (expected 1 days 00:00:00),parent_proxy
2021-02-08 00:00:00+00:00,ES,gap,info_session_or_outage,gap of 3 days 00:00:00 (expected 1 days 00:00:00),parent_proxy
2021-02-16 00:00:00+00:00,ES,gap,info_session_or_outage,gap of 4 days 00:00:00 (expected 1 days 00:00:00),parent_proxy
2021-02-22 00:00:00+00:00,ES,gap,info_session_or_outage,gap of 3 days 00:00:00 (expected 1 days 00:00:00),parent_proxy
2021-03-01 00:00:00+00:00,ES,gap,info_session_or_outage,gap of 3 days 00:00:00 (expected 1 days 00:00:00),parent_proxy
2021-03-08 00:00:00+00:00,ES,gap,info_session_or_outage,gap of 3 days 00:00:00 (expected 1 days 00:00:00),parent_proxy
2021-03-15 00:00:00+00:00,ES,gap,info_session_or_outage,gap of 3 days 00:00:00 (expected 1 days 00:00:00),parent_proxy
2021-03-22 00:00:00+00:00,ES,gap,info_session_or_outage,gap of 3 days 00:00:00 (expected 1 days 00:00:00),parent_proxy
2021-03-29 00:00:00+00:00,ES,gap,info_session_or_outage,gap of 3 days 00:00:00 (expected 1 days 00:00:00),parent_proxy
2021-04-05 00:00:00+00:00,ES,gap,info_session_or_outage,gap of 4 days 00:00:00 (expected 1 days 00:00:00),parent_proxy
2021-04-12 00:00:00+00:00,ES,gap,info_session_or_outage,gap of 3 days 00:00:00 (expected 1 days 00:00:00),parent_proxy
2021-04-19 00:00:00+00:00,ES,gap,info_session_or_outage,gap of 3 days 00:00:00 (expected 1 days 00:00:00),parent_proxy
2021-04-26 00:00:00+00:00,ES,gap,info_session_or_outage,gap of 3 days 00:00:00 (expected 1 days 00:00:00),parent_proxy
2021-05-03 00:00:00+00:00,ES,gap,info_session_or_outage,gap of 3 days 00:00:00 (expected 1 days 00:00:00),parent_proxy
2021-05-10 00:00:00+00:00,ES,gap,info_session_or_outage,gap of 3 days 00:00:00 (expected 1 days 00:00:00),parent_proxy
2021-05-17 00:00:00+00:00,ES,gap,info_session_or_outage,gap of 3 days 00:00:00 (expected 1 days 00:00:00),parent_proxy
2021-05-24 00:00:00+00:00,ES,gap,info_session_or_outage,gap of 3 days 00:00:00 (expected 1 days 00:00:00),parent_proxy
2021-06-01 00:00:00+00:00,ES,gap,info_session_or_outage,gap of 4 days 00:00:00 (expected 1 days 00:00:00),parent_proxy
2021-06-07 00:00:00+00:00,ES,gap,info_session_or_outage,gap of 3 days 00:00:00 (expected 1 days 00:00:00),parent_proxy
2021-06-14 00:00:00+00:00,ES,gap,info_session_or_outage,gap of 3 days 00:00:00 (expected 1 days 00:00:00),parent_proxy
2021-06-21 00:00:00+00:00,ES,gap,info_session_or_outage,gap of 3 days 00:00:00 (expected 1 days 00:00:00),parent_proxy
2021-06-28 00:00:00+00:00,ES,gap,info_session_or_outage,gap of 3 days 00:00:00 (expected 1 days 00:00:00),parent_proxy
2021-07-06 00:00:00+00:00,ES,gap,info_session_or_outage,gap of 4 days 00:00:00 (expected 1 days 00:00:00),parent_proxy
2021-07-12 00:00:00+00:00,ES,gap,info_session_or_outage,gap of 3 days 00:00:00 (expected 1 days 00:00:00),parent_proxy
2021-07-19 00:00:00+00:00,ES,gap,info_session_or_outage,gap of 3 days 00:00:00 (expected 1 days 00:00:00),parent_proxy
2021-07-26 00:00:00+00:00,ES,gap,info_session_or_outage,gap of 3 days 00:00:00 (expected 1 days 00:00:00),parent_proxy
2021-08-02 00:00:00+00:00,ES,gap,info_session_or_outage,gap of 3 days 00:00:00 (expected 1 days 00:00:00),parent_proxy
2021-08-09 00:00:00+00:00,ES,gap,info_session_or_outage,gap of 3 days 00:00:00 (expected 1 days 00:00:00),parent_proxy
2021-08-16 00:00:00+00:00,ES,gap,info_session_or_outage,gap of 3 days 00:00:00 (expected 1 days 00:00:00),parent_proxy
2021-08-23 00:00:00+00:00,ES,gap,info_session_or_outage,gap of 3 days 00:00:00 (expected 1 days 00:00:00),parent_proxy
2021-08-30 00:00:00+00:00,ES,gap,info_session_or_outage,gap of 3 days 00:00:00 (expected 1 days 00:00:00),parent_proxy
2021-09-07 00:00:00+00:00,ES,gap,info_session_or_outage,gap of 4 days 00:00:00 (expected 1 days 00:00:00),parent_proxy
2021-09-13 00:00:00+00:00,ES,gap,info_session_or_outage,gap of 3 days 00:00:00 (expected 1 days 00:00:00),parent_proxy
2021-09-20 00:00:00+00:00,ES,gap,info_session_or_outage,gap of 3 days 00:00:00 (expected 1 days 00:00:00),parent_proxy
2021-09-27 00:00:00+00:00,ES,gap,info_session_or_outage,gap of 3 days 00:00:00 (expected 1 days 00:00:00),parent_proxy
2021-10-04 00:00:00+00:00,ES,gap,info_session_or_outage,gap of 3 days 00:00:00 (expected 1 days 00:00:00),parent_proxy
2021-10-11 00:00:00+00:00,ES,gap,info_session_or_outage,gap of 3 days 00:00:00 (expected 1 days 00:00:00),parent_proxy
2021-10-18 00:00:00+00:00,ES,gap,info_session_or_outage,gap of 3 days 00:00:00 (expected 1 days 00:00:00),parent_proxy
2021-10-25 00:00:00+00:00,ES,gap,info_session_or_outage,gap of 3 days 00:00:00 (expected 1 days 00:00:00),parent_proxy
2021-11-01 00:00:00+00:00,ES,gap,info_session_or_outage,gap of 3 days 00:00:00 (expected 1 days 00:00:00),parent_proxy
2021-11-08 00:00:00+00:00,ES,gap,info_session_or_outage,gap of 3 days 00:00:00 (expected 1 days 00:00:00),parent_proxy
2021-11-15 00:00:00+00:00,ES,gap,info_session_or_outage,gap of 3 days 00:00:00 (expected 1 days 00:00:00),parent_proxy
2021-11-22 00:00:00+00:00,ES,gap,info_session_or_outage,gap of 3 days 00:00:00 (expected 1 days 00:00:00),parent_proxy
2021-11-26 00:00:00+00:00,ES,gap,info_session_or_outage,gap of 2 days 00:00:00 (expected 1 days 00:00:00),parent_proxy
2021-11-29 00:00:00+00:00,ES,gap,info_session_or_outage,gap of 3 days 00:00:00 (expected 1 days 00:00:00),parent_proxy
2021-12-06 00:00:00+00:00,ES,gap,info_session_or_outage,gap of 3 days 00:00:00 (expected 1 days 00:00:00),parent_proxy
2021-12-13 00:00:00+00:00,ES,gap,info_session_or_outage,gap of 3 days 00:00:00 (expected 1 days 00:00:00),parent_proxy
2021-12-20 00:00:00+00:00,ES,gap,info_session_or_outage,gap of 3 days 00:00:00 (expected 1 days 00:00:00),parent_proxy
2021-12-27 00:00:00+00:00,ES,gap,info_session_or_outage,gap of 4 days 00:00:00 (expected 1 days 00:00:00),parent_proxy
2022-01-03 00:00:00+00:00,ES,gap,info_session_or_outage,gap of 3 days 00:00:00 (expected 1 days 00:00:00),parent_proxy
2022-01-10 00:00:00+00:00,ES,gap,info_session_or_outage,gap of 3 days 00:00:00 (expected 1 days 00:00:00),parent_proxy
2022-01-18 00:00:00+00:00,ES,gap,info_session_or_outage,gap of 4 days 00:00:00 (expected 1 days 00:00:00),parent_proxy
2022-01-24 00:00:00+00:00,ES,gap,info_session_or_outage,gap of 3 days 00:00:00 (expected 1 days 00:00:00),parent_proxy
2022-01-31 00:00:00+00:00,ES,gap,info_session_or_outage,gap of 3 days 00:00:00 (expected 1 days 00:00:00),parent_proxy
2022-02-07 00:00:00+00:00,ES,gap,info_session_or_outage,gap of 3 days 00:00:00 (expected 1 days 00:00:00),parent_proxy
2022-02-14 00:00:00+00:00,ES,gap,info_session_or_outage,gap of 3 days 00:00:00 (expected 1 days 00:00:00),parent_proxy
2022-02-22 00:00:00+00:00,ES,gap,info_session_or_outage,gap of 4 days 00:00:00 (expected 1 days 00:00:00),parent_proxy
2022-02-28 00:00:00+00:00,ES,gap,info_session_or_outage,gap of 3 days 00:00:00 (expected 1 days 00:00:00),parent_proxy
2022-03-07 00:00:00+00:00,ES,gap,info_session_or_outage,gap of 3 days 00:00:00 (expected 1 days 00:00:00),parent_proxy
2022-03-14 00:00:00+00:00,ES,gap,info_session_or_outage,gap of 3 days 00:00:00 (expected 1 days 00:00:00),parent_proxy
2022-03-21 00:00:00+00:00,ES,gap,info_session_or_outage,gap of 3 days 00:00:00 (expected 1 days 00:00:00),parent_proxy
2022-03-28 00:00:00+00:00,ES,gap,info_session_or_outage,gap of 3 days 00:00:00 (expected 1 days 00:00:00),parent_proxy
2022-04-04 00:00:00+00:00,ES,gap,info_session_or_outage,gap of 3 days 00:00:00 (expected 1 days 00:00:00),parent_proxy
2022-04-11 00:00:00+00:00,ES,gap,info_session_or_outage,gap of 3 days 00:00:00 (expected 1 days 00:00:00),parent_proxy
2022-04-18 00:00:00+00:00,ES,gap,info_session_or_outage,gap of 4 days 00:00:00 (expected 1 days 00:00:00),parent_proxy
2022-04-25 00:00:00+00:00,ES,gap,info_session_or_outage,gap of 3 days 00:00:00 (expected 1 days 00:00:00),parent_proxy
2022-05-02 00:00:00+00:00,ES,gap,info_session_or_outage,gap of 3 days 00:00:00 (expected 1 days 00:00:00),parent_proxy
2022-05-09 00:00:00+00:00,ES,gap,info_session_or_outage,gap of 3 days 00:00:00 (expected 1 days 00:00:00),parent_proxy
2022-05-16 00:00:00+00:00,ES,gap,info_session_or_outage,gap of 3 days 00:00:00 (expected 1 days 00:00:00),parent_proxy
2022-05-23 00:00:00+00:00,ES,gap,info_session_or_outage,gap of 3 days 00:00:00 (expected 1 days 00:00:00),parent_proxy
2022-05-31 00:00:00+00:00,ES,gap,info_session_or_outage,gap of 4 days 00:00:00 (expected 1 days 00:00:00),parent_proxy
2022-06-06 00:00:00+00:00,ES,gap,info_session_or_outage,gap of 3 days 00:00:00 (expected 1 days 00:00:00),parent_proxy
2022-06-13 00:00:00+00:00,ES,gap,info_session_or_outage,gap of 3 days 00:00:00 (expected 1 days 00:00:00),parent_proxy
2022-06-21 00:00:00+00:00,ES,gap,info_session_or_outage,gap of 4 days 00:00:00 (expected 1 days 00:00:00),parent_proxy
2022-06-27 00:00:00+00:00,ES,gap,info_session_or_outage,gap of 3 days 00:00:00 (expected 1 days 00:00:00),parent_proxy
2022-07-05 00:00:00+00:00,ES,gap,info_session_or_outage,gap of 4 days 00:00:00 (expected 1 days 00:00:00),parent_proxy
2022-07-11 00:00:00+00:00,ES,gap,info_session_or_outage,gap of 3 days 00:00:00 (expected 1 days 00:00:00),parent_proxy
2022-07-18 00:00:00+00:00,ES,gap,info_session_or_outage,gap of 3 days 00:00:00 (expected 1 days 00:00:00),parent_proxy
2022-07-25 00:00:00+00:00,ES,gap,info_session_or_outage,gap of 3 days 00:00:00 (expected 1 days 00:00:00),parent_proxy
2022-08-01 00:00:00+00:00,ES,gap,info_session_or_outage,gap of 3 days 00:00:00 (expected 1 days 00:00:00),parent_proxy
2022-08-08 00:00:00+00:00,ES,gap,info_session_or_outage,gap of 3 days 00:00:00 (expected 1 days 00:00:00),parent_proxy
2022-08-15 00:00:00+00:00,ES,gap,info_session_or_outage,gap of 3 days 00:00:00 (expected 1 days 00:00:00),parent_proxy
2022-08-22 00:00:00+00:00,ES,gap,info_session_or_outage,gap of 3 days 00:00:00 (expected 1 days 00:00:00),parent_proxy
2022-08-29 00:00:00+00:00,ES,gap,info_session_or_outage,gap of 3 days 00:00:00 (expected 1 days 00:00:00),parent_proxy
2022-09-06 00:00:00+00:00,ES,gap,info_session_or_outage,gap of 4 days 00:00:00 (expected 1 days 00:00:00),parent_proxy
2022-09-12 00:00:00+00:00,ES,gap,info_session_or_outage,gap of 3 days 00:00:00 (expected 1 days 00:00:00),parent_proxy
2022-09-19 00:00:00+00:00,ES,gap,info_session_or_outage,gap of 3 days 00:00:00 (expected 1 days 00:00:00),parent_proxy
2022-09-26 00:00:00+00:00,ES,gap,info_session_or_outage,gap of 3 days 00:00:00 (expected 1 days 00:00:00),parent_proxy
2022-10-03 00:00:00+00:00,ES,gap,info_session_or_outage,gap of 3 days 00:00:00 (expected 1 days 00:00:00),parent_proxy
2022-10-10 00:00:00+00:00,ES,gap,info_session_or_outage,gap of 3 days 00:00:00 (expected 1 days 00:00:00),parent_proxy
2022-10-17 00:00:00+00:00,ES,gap,info_session_or_outage,gap of 3 days 00:00:00 (expected 1 days 00:00:00),parent_proxy
2022-10-24 00:00:00+00:00,ES,gap,info_session_or_outage,gap of 3 days 00:00:00 (expected 1 days 00:00:00),parent_proxy
2022-10-31 00:00:00+00:00,ES,gap,info_session_or_outage,gap of 3 days 00:00:00 (expected 1 days 00:00:00),parent_proxy
2022-11-07 00:00:00+00:00,ES,gap,info_session_or_outage,gap of 3 days 00:00:00 (expected 1 days 00:00:00),parent_proxy
2022-11-14 00:00:00+00:00,ES,gap,info_session_or_outage,gap of 3 days 00:00:00 (expected 1 days 00:00:00),parent_proxy
2022-11-21 00:00:00+00:00,ES,gap,info_session_or_outage,gap of 3 days 00:00:00 (expected 1 days 00:00:00),parent_proxy
2022-11-25 00:00:00+00:00,ES,gap,info_session_or_outage,gap of 2 days 00:00:00 (expected 1 days 00:00:00),parent_proxy
2022-11-28 00:00:00+00:00,ES,gap,info_session_or_outage,gap of 3 days 00:00:00 (expected 1 days 00:00:00),parent_proxy
2022-12-05 00:00:00+00:00,ES,gap,info_session_or_outage,gap of 3 days 00:00:00 (expected 1 days 00:00:00),parent_proxy
2022-12-12 00:00:00+00:00,ES,gap,info_session_or_outage,gap of 3 days 00:00:00 (expected 1 days 00:00:00),parent_proxy
2022-12-19 00:00:00+00:00,ES,gap,info_session_or_outage,gap of 3 days 00:00:00 (expected 1 days 00:00:00),parent_proxy
2022-12-27 00:00:00+00:00,ES,gap,info_session_or_outage,gap of 4 days 00:00:00 (expected 1 days 00:00:00),parent_proxy
2023-01-03 00:00:00+00:00,ES,gap,info_session_or_outage,gap of 4 days 00:00:00 (expected 1 days 00:00:00),parent_proxy
2023-01-09 00:00:00+00:00,ES,gap,info_session_or_outage,gap of 3 days 00:00:00 (expected 1 days 00:00:00),parent_proxy
2023-01-17 00:00:00+00:00,ES,gap,info_session_or_outage,gap of 4 days 00:00:00 (expected 1 days 00:00:00),parent_proxy
2023-01-23 00:00:00+00:00,ES,gap,info_session_or_outage,gap of 3 days 00:00:00 (expected 1 days 00:00:00),parent_proxy
2023-01-30 00:00:00+00:00,ES,gap,info_session_or_outage,gap of 3 days 00:00:00 (expected 1 days 00:00:00),parent_proxy
2023-02-06 00:00:00+00:00,ES,gap,info_session_or_outage,gap of 3 days 00:00:00 (expected 1 days 00:00:00),parent_proxy
2023-02-13 00:00:00+00:00,ES,gap,info_session_or_outage,gap of 3 days 00:00:00 (expected 1 days 00:00:00),parent_proxy
2023-02-21 00:00:00+00:00,ES,gap,info_session_or_outage,gap of 4 days 00:00:00 (expected 1 days 00:00:00),parent_proxy
2023-02-27 00:00:00+00:00,ES,gap,info_session_or_outage,gap of 3 days 00:00:00 (expected 1 days 00:00:00),parent_proxy
2023-03-06 00:00:00+00:00,ES,gap,info_session_or_outage,gap of 3 days 00:00:00 (expected 1 days 00:00:00),parent_proxy
2023-03-13 00:00:00+00:00,ES,gap,info_session_or_outage,gap of 3 days 00:00:00 (expected 1 days 00:00:00),parent_proxy
2023-03-20 00:00:00+00:00,ES,gap,info_session_or_outage,gap of 3 days 00:00:00 (expected 1 days 00:00:00),parent_proxy
2023-03-27 00:00:00+00:00,ES,gap,info_session_or_outage,gap of 3 days 00:00:00 (expected 1 days 00:00:00),parent_proxy
2023-04-03 00:00:00+00:00,ES,gap,info_session_or_outage,gap of 3 days 00:00:00 (expected 1 days 00:00:00),parent_proxy
2023-04-10 00:00:00+00:00,ES,gap,info_session_or_outage,gap of 4 days 00:00:00 (expected 1 days 00:00:00),parent_proxy
2023-04-17 00:00:00+00:00,ES,gap,info_session_or_outage,gap of 3 days 00:00:00 (expected 1 days 00:00:00),parent_proxy
2023-04-24 00:00:00+00:00,ES,gap,info_session_or_outage,gap of 3 days 00:00:00 (expected 1 days 00:00:00),parent_proxy
2023-05-01 00:00:00+00:00,ES,gap,info_session_or_outage,gap of 3 days 00:00:00 (expected 1 days 00:00:00),parent_proxy
2023-05-08 00:00:00+00:00,ES,gap,info_session_or_outage,gap of 3 days 00:00:00 (expected 1 days 00:00:00),parent_proxy
2023-05-15 00:00:00+00:00,ES,gap,info_session_or_outage,gap of 3 days 00:00:00 (expected 1 days 00:00:00),parent_proxy
2023-05-22 00:00:00+00:00,ES,gap,info_session_or_outage,gap of 3 days 00:00:00 (expected 1 days 00:00:00),parent_proxy
2023-05-30 00:00:00+00:00,ES,gap,info_session_or_outage,gap of 4 days 00:00:00 (expected 1 days 00:00:00),parent_proxy
2023-06-05 00:00:00+00:00,ES,gap,info_session_or_outage,gap of 3 days 00:00:00 (expected 1 days 00:00:00),parent_proxy
2023-06-12 00:00:00+00:00,ES,gap,info_session_or_outage,gap of 3 days 00:00:00 (expected 1 days 00:00:00),parent_proxy
2023-06-20 00:00:00+00:00,ES,gap,info_session_or_outage,gap of 4 days 00:00:00 (expected 1 days 00:00:00),parent_proxy
2023-06-26 00:00:00+00:00,ES,gap,info_session_or_outage,gap of 3 days 00:00:00 (expected 1 days 00:00:00),parent_proxy
2023-07-03 00:00:00+00:00,ES,gap,info_session_or_outage,gap of 3 days 00:00:00 (expected 1 days 00:00:00),parent_proxy
2023-07-05 00:00:00+00:00,ES,gap,info_session_or_outage,gap of 2 days 00:00:00 (expected 1 days 00:00:00),parent_proxy
2023-07-10 00:00:00+00:00,ES,gap,info_session_or_outage,gap of 3 days 00:00:00 (expected 1 days 00:00:00),parent_proxy
2023-07-17 00:00:00+00:00,ES,gap,info_session_or_outage,gap of 3 days 00:00:00 (expected 1 days 00:00:00),parent_proxy
2023-07-24 00:00:00+00:00,ES,gap,info_session_or_outage,gap of 3 days 00:00:00 (expected 1 days 00:00:00),parent_proxy
2023-07-31 00:00:00+00:00,ES,gap,info_session_or_outage,gap of 3 days 00:00:00 (expected 1 days 00:00:00),parent_proxy
2023-08-07 00:00:00+00:00,ES,gap,info_session_or_outage,gap of 3 days 00:00:00 (expected 1 days 00:00:00),parent_proxy
2023-08-14 00:00:00+00:00,ES,gap,info_session_or_outage,gap of 3 days 00:00:00 (expected 1 days 00:00:00),parent_proxy
2023-08-21 00:00:00+00:00,ES,gap,info_session_or_outage,gap of 3 days 00:00:00 (expected 1 days 00:00:00),parent_proxy
2023-08-28 00:00:00+00:00,ES,gap,info_session_or_outage,gap of 3 days 00:00:00 (expected 1 days 00:00:00),parent_proxy
2023-09-05 00:00:00+00:00,ES,gap,info_session_or_outage,gap of 4 days 00:00:00 (expected 1 days 00:00:00),parent_proxy
2023-09-11 00:00:00+00:00,ES,gap,info_session_or_outage,gap of 3 days 00:00:00 (expected 1 days 00:00:00),parent_proxy
2023-09-18 00:00:00+00:00,ES,gap,info_session_or_outage,gap of 3 days 00:00:00 (expected 1 days 00:00:00),parent_proxy
2023-09-25 00:00:00+00:00,ES,gap,info_session_or_outage,gap of 3 days 00:00:00 (expected 1 days 00:00:00),parent_proxy
2023-10-02 00:00:00+00:00,ES,gap,info_session_or_outage,gap of 3 days 00:00:00 (expected 1 days 00:00:00),parent_proxy
2023-10-09 00:00:00+00:00,ES,gap,info_session_or_outage,gap of 3 days 00:00:00 (expected 1 days 00:00:00),parent_proxy
2023-10-16 00:00:00+00:00,ES,gap,info_session_or_outage,gap of 3 days 00:00:00 (expected 1 days 00:00:00),parent_proxy
2023-10-23 00:00:00+00:00,ES,gap,info_session_or_outage,gap of 3 days 00:00:00 (expected 1 days 00:00:00),parent_proxy
2023-10-30 00:00:00+00:00,ES,gap,info_session_or_outage,gap of 3 days 00:00:00 (expected 1 days 00:00:00),parent_proxy
2023-11-06 00:00:00+00:00,ES,gap,info_session_or_outage,gap of 3 days 00:00:00 (expected 1 days 00:00:00),parent_proxy
2023-11-13 00:00:00+00:00,ES,gap,info_session_or_outage,gap of 3 days 00:00:00 (expected 1 days 00:00:00),parent_proxy
2023-11-20 00:00:00+00:00,ES,gap,info_session_or_outage,gap of 3 days 00:00:00 (expected 1 days 00:00:00),parent_proxy
2023-11-27 00:00:00+00:00,ES,gap,info_session_or_outage,gap of 3 days 00:00:00 (expected 1 days 00:00:00),parent_proxy
2023-12-04 00:00:00+00:00,ES,gap,info_session_or_outage,gap of 3 days 00:00:00 (expected 1 days 00:00:00),parent_proxy
2023-12-11 00:00:00+00:00,ES,gap,info_session_or_outage,gap of 3 days 00:00:00 (expected 1 days 00:00:00),parent_proxy
2023-12-18 00:00:00+00:00,ES,gap,info_session_or_outage,gap of 3 days 00:00:00 (expected 1 days 00:00:00),parent_proxy
2023-12-26 00:00:00+00:00,ES,gap,info_session_or_outage,gap of 4 days 00:00:00 (expected 1 days 00:00:00),parent_proxy
2024-01-02 00:00:00+00:00,ES,gap,info_session_or_outage,gap of 4 days 00:00:00 (expected 1 days 00:00:00),parent_proxy
2024-01-08 00:00:00+00:00,ES,gap,info_session_or_outage,gap of 3 days 00:00:00 (expected 1 days 00:00:00),parent_proxy
2024-01-16 00:00:00+00:00,ES,gap,info_session_or_outage,gap of 4 days 00:00:00 (expected 1 days 00:00:00),parent_proxy
2024-01-22 00:00:00+00:00,ES,gap,info_session_or_outage,gap of 3 days 00:00:00 (expected 1 days 00:00:00),parent_proxy
2024-01-29 00:00:00+00:00,ES,gap,info_session_or_outage,gap of 3 days 00:00:00 (expected 1 days 00:00:00),parent_proxy
2024-02-05 00:00:00+00:00,ES,gap,info_session_or_outage,gap of 3 days 00:00:00 (expected 1 days 00:00:00),parent_proxy
2024-02-12 00:00:00+00:00,ES,gap,info_session_or_outage,gap of 3 days 00:00:00 (expected 1 days 00:00:00),parent_proxy
2024-02-20 00:00:00+00:00,ES,gap,info_session_or_outage,gap of 4 days 00:00:00 (expected 1 days 00:00:00),parent_proxy
2024-02-26 00:00:00+00:00,ES,gap,info_session_or_outage,gap of 3 days 00:00:00 (expected 1 days 00:00:00),parent_proxy
2024-03-04 00:00:00+00:00,ES,gap,info_session_or_outage,gap of 3 days 00:00:00 (expected 1 days 00:00:00),parent_proxy
2024-03-11 00:00:00+00:00,ES,gap,info_session_or_outage,gap of 3 days 00:00:00 (expected 1 days 00:00:00),parent_proxy
2024-03-18 00:00:00+00:00,ES,gap,info_session_or_outage,gap of 3 days 00:00:00 (expected 1 days 00:00:00),parent_proxy
2024-03-25 00:00:00+00:00,ES,gap,info_session_or_outage,gap of 3 days 00:00:00 (expected 1 days 00:00:00),parent_proxy
2024-04-01 00:00:00+00:00,ES,gap,info_session_or_outage,gap of 4 days 00:00:00 (expected 1 days 00:00:00),parent_proxy
2024-04-08 00:00:00+00:00,ES,gap,info_session_or_outage,gap of 3 days 00:00:00 (expected 1 days 00:00:00),parent_proxy
2024-04-15 00:00:00+00:00,ES,gap,info_session_or_outage,gap of 3 days 00:00:00 (expected 1 days 00:00:00),parent_proxy
2024-04-22 00:00:00+00:00,ES,gap,info_session_or_outage,gap of 3 days 00:00:00 (expected 1 days 00:00:00),parent_proxy
2024-04-29 00:00:00+00:00,ES,gap,info_session_or_outage,gap of 3 days 00:00:00 (expected 1 days 00:00:00),parent_proxy
2024-05-06 00:00:00+00:00,ES,gap,info_session_or_outage,gap of 3 days 00:00:00 (expected 1 days 00:00:00),parent_proxy
2024-05-13 00:00:00+00:00,ES,gap,info_session_or_outage,gap of 3 days 00:00:00 (expected 1 days 00:00:00),parent_proxy
2024-05-20 00:00:00+00:00,ES,gap,info_session_or_outage,gap of 3 days 00:00:00 (expected 1 days 00:00:00),parent_proxy
2024-05-28 00:00:00+00:00,ES,gap,info_session_or_outage,gap of 4 days 00:00:00 (expected 1 days 00:00:00),parent_proxy
2024-06-03 00:00:00+00:00,ES,gap,info_session_or_outage,gap of 3 days 00:00:00 (expected 1 days 00:00:00),parent_proxy
2024-06-10 00:00:00+00:00,ES,gap,info_session_or_outage,gap of 3 days 00:00:00 (expected 1 days 00:00:00),parent_proxy
2024-06-17 00:00:00+00:00,ES,gap,info_session_or_outage,gap of 3 days 00:00:00 (expected 1 days 00:00:00),parent_proxy
2024-06-20 00:00:00+00:00,ES,gap,info_session_or_outage,gap of 2 days 00:00:00 (expected 1 days 00:00:00),parent_proxy
2024-06-24 00:00:00+00:00,ES,gap,info_session_or_outage,gap of 3 days 00:00:00 (expected 1 days 00:00:00),parent_proxy
2024-07-01 00:00:00+00:00,ES,gap,info_session_or_outage,gap of 3 days 00:00:00 (expected 1 days 00:00:00),parent_proxy
2024-07-05 00:00:00+00:00,ES,gap,info_session_or_outage,gap of 2 days 00:00:00 (expected 1 days 00:00:00),parent_proxy
2024-07-08 00:00:00+00:00,ES,gap,info_session_or_outage,gap of 3 days 00:00:00 (expected 1 days 00:00:00),parent_proxy
2024-07-15 00:00:00+00:00,ES,gap,info_session_or_outage,gap of 3 days 00:00:00 (expected 1 days 00:00:00),parent_proxy
2024-07-22 00:00:00+00:00,ES,gap,info_session_or_outage,gap of 3 days 00:00:00 (expected 1 days 00:00:00),parent_proxy
2024-07-29 00:00:00+00:00,ES,gap,info_session_or_outage,gap of 3 days 00:00:00 (expected 1 days 00:00:00),parent_proxy
2024-08-05 00:00:00+00:00,ES,gap,info_session_or_outage,gap of 3 days 00:00:00 (expected 1 days 00:00:00),parent_proxy
2024-08-12 00:00:00+00:00,ES,gap,info_session_or_outage,gap of 3 days 00:00:00 (expected 1 days 00:00:00),parent_proxy
2024-08-19 00:00:00+00:00,ES,gap,info_session_or_outage,gap of 3 days 00:00:00 (expected 1 days 00:00:00),parent_proxy
2024-08-26 00:00:00+00:00,ES,gap,info_session_or_outage,gap of 3 days 00:00:00 (expected 1 days 00:00:00),parent_proxy
2024-09-03 00:00:00+00:00,ES,gap,info_session_or_outage,gap of 4 days 00:00:00 (expected 1 days 00:00:00),parent_proxy
2024-09-09 00:00:00+00:00,ES,gap,info_session_or_outage,gap of 3 days 00:00:00 (expected 1 days 00:00:00),parent_proxy
2024-09-16 00:00:00+00:00,ES,gap,info_session_or_outage,gap of 3 days 00:00:00 (expected 1 days 00:00:00),parent_proxy
2024-09-23 00:00:00+00:00,ES,gap,info_session_or_outage,gap of 3 days 00:00:00 (expected 1 days 00:00:00),parent_proxy
2024-09-30 00:00:00+00:00,ES,gap,info_session_or_outage,gap of 3 days 00:00:00 (expected 1 days 00:00:00),parent_proxy
2024-10-07 00:00:00+00:00,ES,gap,info_session_or_outage,gap of 3 days 00:00:00 (expected 1 days 00:00:00),parent_proxy
2024-10-14 00:00:00+00:00,ES,gap,info_session_or_outage,gap of 3 days 00:00:00 (expected 1 days 00:00:00),parent_proxy
2024-10-21 00:00:00+00:00,ES,gap,info_session_or_outage,gap of 3 days 00:00:00 (expected 1 days 00:00:00),parent_proxy
2024-10-28 00:00:00+00:00,ES,gap,info_session_or_outage,gap of 3 days 00:00:00 (expected 1 days 00:00:00),parent_proxy
2024-11-04 00:00:00+00:00,ES,gap,info_session_or_outage,gap of 3 days 00:00:00 (expected 1 days 00:00:00),parent_proxy
2024-11-11 00:00:00+00:00,ES,gap,info_session_or_outage,gap of 3 days 00:00:00 (expected 1 days 00:00:00),parent_proxy
2024-11-18 00:00:00+00:00,ES,gap,info_session_or_outage,gap of 3 days 00:00:00 (expected 1 days 00:00:00),parent_proxy
2024-11-25 00:00:00+00:00,ES,gap,info_session_or_outage,gap of 3 days 00:00:00 (expected 1 days 00:00:00),parent_proxy
2024-11-29 00:00:00+00:00,ES,gap,info_session_or_outage,gap of 2 days 00:00:00 (expected 1 days 00:00:00),parent_proxy
2024-12-02 00:00:00+00:00,ES,gap,info_session_or_outage,gap of 3 days 00:00:00 (expected 1 days 00:00:00),parent_proxy
2024-12-09 00:00:00+00:00,ES,gap,info_session_or_outage,gap of 3 days 00:00:00 (expected 1 days 00:00:00),parent_proxy
2024-12-16 00:00:00+00:00,ES,gap,info_session_or_outage,gap of 3 days 00:00:00 (expected 1 days 00:00:00),parent_proxy
2024-12-23 00:00:00+00:00,ES,gap,info_session_or_outage,gap of 3 days 00:00:00 (expected 1 days 00:00:00),parent_proxy
2024-12-26 00:00:00+00:00,ES,gap,info_session_or_outage,gap of 2 days 00:00:00 (expected 1 days 00:00:00),parent_proxy
2024-12-30 00:00:00+00:00,ES,gap,info_session_or_outage,gap of 3 days 00:00:00 (expected 1 days 00:00:00),parent_proxy
2025-01-02 00:00:00+00:00,ES,gap,info_session_or_outage,gap of 2 days 00:00:00 (expected 1 days 00:00:00),parent_proxy
2025-01-06 00:00:00+00:00,ES,gap,info_session_or_outage,gap of 3 days 00:00:00 (expected 1 days 00:00:00),parent_proxy
2025-01-13 00:00:00+00:00,ES,gap,info_session_or_outage,gap of 3 days 00:00:00 (expected 1 days 00:00:00),parent_proxy
2025-01-21 00:00:00+00:00,ES,gap,info_session_or_outage,gap of 4 days 00:00:00 (expected 1 days 00:00:00),parent_proxy
2025-01-27 00:00:00+00:00,ES,gap,info_session_or_outage,gap of 3 days 00:00:00 (expected 1 days 00:00:00),parent_proxy
2025-02-03 00:00:00+00:00,ES,gap,info_session_or_outage,gap of 3 days 00:00:00 (expected 1 days 00:00:00),parent_proxy
2025-02-10 00:00:00+00:00,ES,gap,info_session_or_outage,gap of 3 days 00:00:00 (expected 1 days 00:00:00),parent_proxy
2025-02-18 00:00:00+00:00,ES,gap,info_session_or_outage,gap of 4 days 00:00:00 (expected 1 days 00:00:00),parent_proxy
2025-02-24 00:00:00+00:00,ES,gap,info_session_or_outage,gap of 3 days 00:00:00 (expected 1 days 00:00:00),parent_proxy
2025-03-03 00:00:00+00:00,ES,gap,info_session_or_outage,gap of 3 days 00:00:00 (expected 1 days 00:00:00),parent_proxy
2025-03-10 00:00:00+00:00,ES,gap,info_session_or_outage,gap of 3 days 00:00:00 (expected 1 days 00:00:00),parent_proxy
2025-03-17 00:00:00+00:00,ES,gap,info_session_or_outage,gap of 3 days 00:00:00 (expected 1 days 00:00:00),parent_proxy
2025-03-24 00:00:00+00:00,ES,gap,info_session_or_outage,gap of 3 days 00:00:00 (expected 1 days 00:00:00),parent_proxy
2025-03-31 00:00:00+00:00,ES,gap,info_session_or_outage,gap of 3 days 00:00:00 (expected 1 days 00:00:00),parent_proxy
2025-04-07 00:00:00+00:00,ES,gap,info_session_or_outage,gap of 3 days 00:00:00 (expected 1 days 00:00:00),parent_proxy
2025-04-14 00:00:00+00:00,ES,gap,info_session_or_outage,gap of 3 days 00:00:00 (expected 1 days 00:00:00),parent_proxy
2025-04-21 00:00:00+00:00,ES,gap,info_session_or_outage,gap of 4 days 00:00:00 (expected 1 days 00:00:00),parent_proxy
2025-04-28 00:00:00+00:00,ES,gap,info_session_or_outage,gap of 3 days 00:00:00 (expected 1 days 00:00:00),parent_proxy
2025-05-05 00:00:00+00:00,ES,gap,info_session_or_outage,gap of 3 days 00:00:00 (expected 1 days 00:00:00),parent_proxy
2025-05-12 00:00:00+00:00,ES,gap,info_session_or_outage,gap of 3 days 00:00:00 (expected 1 days 00:00:00),parent_proxy
2025-05-19 00:00:00+00:00,ES,gap,info_session_or_outage,gap of 3 days 00:00:00 (expected 1 days 00:00:00),parent_proxy
2025-05-27 00:00:00+00:00,ES,gap,info_session_or_outage,gap of 4 days 00:00:00 (expected 1 days 00:00:00),parent_proxy
2025-06-02 00:00:00+00:00,ES,gap,info_session_or_outage,gap of 3 days 00:00:00 (expected 1 days 00:00:00),parent_proxy
2025-06-09 00:00:00+00:00,ES,gap,info_session_or_outage,gap of 3 days 00:00:00 (expected 1 days 00:00:00),parent_proxy
2025-06-16 00:00:00+00:00,ES,gap,info_session_or_outage,gap of 3 days 00:00:00 (expected 1 days 00:00:00),parent_proxy
2025-06-20 00:00:00+00:00,ES,gap,info_session_or_outage,gap of 2 days 00:00:00 (expected 1 days 00:00:00),parent_proxy
2025-06-23 00:00:00+00:00,ES,gap,info_session_or_outage,gap of 3 days 00:00:00 (expected 1 days 00:00:00),parent_proxy
2025-06-30 00:00:00+00:00,ES,gap,info_session_or_outage,gap of 3 days 00:00:00 (expected 1 days 00:00:00),parent_proxy
2025-07-07 00:00:00+00:00,ES,gap,info_session_or_outage,gap of 3 days 00:00:00 (expected 1 days 00:00:00),parent_proxy
2025-07-14 00:00:00+00:00,ES,gap,info_session_or_outage,gap of 3 days 00:00:00 (expected 1 days 00:00:00),parent_proxy
2025-07-21 00:00:00+00:00,ES,gap,info_session_or_outage,gap of 3 days 00:00:00 (expected 1 days 00:00:00),parent_proxy
2025-07-28 00:00:00+00:00,ES,gap,info_session_or_outage,gap of 3 days 00:00:00 (expected 1 days 00:00:00),parent_proxy
2025-08-04 00:00:00+00:00,ES,gap,info_session_or_outage,gap of 3 days 00:00:00 (expected 1 days 00:00:00),parent_proxy
2025-08-11 00:00:00+00:00,ES,gap,info_session_or_outage,gap of 3 days 00:00:00 (expected 1 days 00:00:00),parent_proxy
2025-08-18 00:00:00+00:00,ES,gap,info_session_or_outage,gap of 3 days 00:00:00 (expected 1 days 00:00:00),parent_proxy
2025-08-25 00:00:00+00:00,ES,gap,info_session_or_outage,gap of 3 days 00:00:00 (expected 1 days 00:00:00),parent_proxy
2025-09-02 00:00:00+00:00,ES,gap,info_session_or_outage,gap of 4 days 00:00:00 (expected 1 days 00:00:00),parent_proxy
2025-09-08 00:00:00+00:00,ES,gap,info_session_or_outage,gap of 3 days 00:00:00 (expected 1 days 00:00:00),parent_proxy
2025-09-15 00:00:00+00:00,ES,gap,info_session_or_outage,gap of 3 days 00:00:00 (expected 1 days 00:00:00),parent_proxy
2025-09-22 00:00:00+00:00,ES,gap,info_session_or_outage,gap of 3 days 00:00:00 (expected 1 days 00:00:00),parent_proxy
2025-09-29 00:00:00+00:00,ES,gap,info_session_or_outage,gap of 3 days 00:00:00 (expected 1 days 00:00:00),parent_proxy
2025-10-06 00:00:00+00:00,ES,gap,info_session_or_outage,gap of 3 days 00:00:00 (expected 1 days 00:00:00),parent_proxy
2025-10-13 00:00:00+00:00,ES,gap,info_session_or_outage,gap of 3 days 00:00:00 (expected 1 days 00:00:00),parent_proxy
2025-10-20 00:00:00+00:00,ES,gap,info_session_or_outage,gap of 3 days 00:00:00 (expected 1 days 00:00:00),parent_proxy
2025-10-27 00:00:00+00:00,ES,gap,info_session_or_outage,gap of 3 days 00:00:00 (expected 1 days 00:00:00),parent_proxy
2025-11-03 00:00:00+00:00,ES,gap,info_session_or_outage,gap of 3 days 00:00:00 (expected 1 days 00:00:00),parent_proxy
2025-11-10 00:00:00+00:00,ES,gap,info_session_or_outage,gap of 3 days 00:00:00 (expected 1 days 00:00:00),parent_proxy
2025-11-17 00:00:00+00:00,ES,gap,info_session_or_outage,gap of 3 days 00:00:00 (expected 1 days 00:00:00),parent_proxy
2025-11-24 00:00:00+00:00,ES,gap,info_session_or_outage,gap of 3 days 00:00:00 (expected 1 days 00:00:00),parent_proxy
2025-11-28 00:00:00+00:00,ES,gap,info_session_or_outage,gap of 2 days 00:00:00 (expected 1 days 00:00:00),parent_proxy
2025-12-01 00:00:00+00:00,ES,gap,info_session_or_outage,gap of 3 days 00:00:00 (expected 1 days 00:00:00),parent_proxy
2025-12-08 00:00:00+00:00,ES,gap,info_session_or_outage,gap of 3 days 00:00:00 (expected 1 days 00:00:00),parent_proxy
2025-12-15 00:00:00+00:00,ES,gap,info_session_or_outage,gap of 3 days 00:00:00 (expected 1 days 00:00:00),parent_proxy
2025-12-22 00:00:00+00:00,ES,gap,info_session_or_outage,gap of 3 days 00:00:00 (expected 1 days 00:00:00),parent_proxy
2025-12-26 00:00:00+00:00,ES,gap,info_session_or_outage,gap of 2 days 00:00:00 (expected 1 days 00:00:00),parent_proxy
2025-12-29 00:00:00+00:00,ES,gap,info_session_or_outage,gap of 3 days 00:00:00 (expected 1 days 00:00:00),parent_proxy
2026-01-02 00:00:00+00:00,ES,gap,info_session_or_outage,gap of 2 days 00:00:00 (expected 1 days 00:00:00),parent_proxy
2026-01-05 00:00:00+00:00,ES,gap,info_session_or_outage,gap of 3 days 00:00:00 (expected 1 days 00:00:00),parent_proxy
2026-01-12 00:00:00+00:00,ES,gap,info_session_or_outage,gap of 3 days 00:00:00 (expected 1 days 00:00:00),parent_proxy
2026-01-20 00:00:00+00:00,ES,gap,info_session_or_outage,gap of 4 days 00:00:00 (expected 1 days 00:00:00),parent_proxy
2026-01-26 00:00:00+00:00,ES,gap,info_session_or_outage,gap of 3 days 00:00:00 (expected 1 days 00:00:00),parent_proxy
2026-02-02 00:00:00+00:00,ES,gap,info_session_or_outage,gap of 3 days 00:00:00 (expected 1 days 00:00:00),parent_proxy
2026-02-09 00:00:00+00:00,ES,gap,info_session_or_outage,gap of 3 days 00:00:00 (expected 1 days 00:00:00),parent_proxy
2026-02-17 00:00:00+00:00,ES,gap,info_session_or_outage,gap of 4 days 00:00:00 (expected 1 days 00:00:00),parent_proxy
2026-02-23 00:00:00+00:00,ES,gap,info_session_or_outage,gap of 3 days 00:00:00 (expected 1 days 00:00:00),parent_proxy
2026-03-02 00:00:00+00:00,ES,gap,info_session_or_outage,gap of 3 days 00:00:00 (expected 1 days 00:00:00),parent_proxy
2026-03-09 00:00:00+00:00,ES,gap,info_session_or_outage,gap of 3 days 00:00:00 (expected 1 days 00:00:00),parent_proxy
2026-03-16 00:00:00+00:00,ES,gap,info_session_or_outage,gap of 3 days 00:00:00 (expected 1 days 00:00:00),parent_proxy
2026-03-23 00:00:00+00:00,ES,gap,info_session_or_outage,gap of 3 days 00:00:00 (expected 1 days 00:00:00),parent_proxy
2026-03-30 00:00:00+00:00,ES,gap,info_session_or_outage,gap of 3 days 00:00:00 (expected 1 days 00:00:00),parent_proxy
2026-04-06 00:00:00+00:00,ES,gap,info_session_or_outage,gap of 4 days 00:00:00 (expected 1 days 00:00:00),parent_proxy
2026-04-13 00:00:00+00:00,ES,gap,info_session_or_outage,gap of 3 days 00:00:00 (expected 1 days 00:00:00),parent_proxy
2026-04-20 00:00:00+00:00,ES,gap,info_session_or_outage,gap of 3 days 00:00:00 (expected 1 days 00:00:00),parent_proxy
2026-04-27 00:00:00+00:00,ES,gap,info_session_or_outage,gap of 3 days 00:00:00 (expected 1 days 00:00:00),parent_proxy
2026-05-04 00:00:00+00:00,ES,gap,info_session_or_outage,gap of 3 days 00:00:00 (expected 1 days 00:00:00),parent_proxy
2026-05-11 00:00:00+00:00,ES,gap,info_session_or_outage,gap of 3 days 00:00:00 (expected 1 days 00:00:00),parent_proxy
2026-05-18 00:00:00+00:00,ES,gap,info_session_or_outage,gap of 3 days 00:00:00 (expected 1 days 00:00:00),parent_proxy
2026-05-26 00:00:00+00:00,ES,gap,info_session_or_outage,gap of 4 days 00:00:00 (expected 1 days 00:00:00),parent_proxy
2026-06-01 00:00:00+00:00,ES,gap,info_session_or_outage,gap of 3 days 00:00:00 (expected 1 days 00:00:00),parent_proxy
2026-06-08 00:00:00+00:00,ES,gap,info_session_or_outage,gap of 3 days 00:00:00 (expected 1 days 00:00:00),parent_proxy
2026-06-15 00:00:00+00:00,ES,gap,info_session_or_outage,gap of 3 days 00:00:00 (expected 1 days 00:00:00),parent_proxy
2026-06-22 00:00:00+00:00,ES,gap,info_session_or_outage,gap of 4 days 00:00:00 (expected 1 days 00:00:00),parent_proxy
2026-06-29 00:00:00+00:00,ES,gap,info_session_or_outage,gap of 3 days 00:00:00 (expected 1 days 00:00:00),parent_proxy
2026-07-06 00:00:00+00:00,ES,gap,info_session_or_outage,gap of 4 days 00:00:00 (expected 1 days 00:00:00),parent_proxy
2026-07-13 00:00:00+00:00,ES,gap,info_session_or_outage,gap of 3 days 00:00:00 (expected 1 days 00:00:00),parent_proxy
2026-07-20 00:00:00+00:00,ES,gap,info_session_or_outage,gap of 3 days 00:00:00 (expected 1 days 00:00:00),parent_proxy
2026-07-27 00:00:00+00:00,ES,gap,info_session_or_outage,gap of 3 days 00:00:00 (expected 1 days 00:00:00),parent_proxy
2020-03-12 00:00:00+00:00,ES,abnormal_jump,warning,log-return -0.10424 beyond 15.0x MAD,parent_proxy
2020-03-16 00:00:00+00:00,ES,abnormal_jump,warning,log-return -0.10955 beyond 15.0x MAD,parent_proxy
2010-01-11 00:00:00+00:00,NQ,gap,info_session_or_outage,gap of 3 days 00:00:00 (expected 1 days 00:00:00),parent_proxy
2010-01-19 00:00:00+00:00,NQ,gap,info_session_or_outage,gap of 4 days 00:00:00 (expected 1 days 00:00:00),parent_proxy
2010-01-25 00:00:00+00:00,NQ,gap,info_session_or_outage,gap of 3 days 00:00:00 (expected 1 days 00:00:00),parent_proxy
2010-02-01 00:00:00+00:00,NQ,gap,info_session_or_outage,gap of 3 days 00:00:00 (expected 1 days 00:00:00),parent_proxy
2010-02-08 00:00:00+00:00,NQ,gap,info_session_or_outage,gap of 3 days 00:00:00 (expected 1 days 00:00:00),parent_proxy
2010-02-16 00:00:00+00:00,NQ,gap,info_session_or_outage,gap of 4 days 00:00:00 (expected 1 days 00:00:00),parent_proxy
2010-02-22 00:00:00+00:00,NQ,gap,info_session_or_outage,gap of 3 days 00:00:00 (expected 1 days 00:00:00),parent_proxy
2010-03-01 00:00:00+00:00,NQ,gap,info_session_or_outage,gap of 3 days 00:00:00 (expected 1 days 00:00:00),parent_proxy
2010-03-08 00:00:00+00:00,NQ,gap,info_session_or_outage,gap of 3 days 00:00:00 (expected 1 days 00:00:00),parent_proxy
2010-03-15 00:00:00+00:00,NQ,gap,info_session_or_outage,gap of 3 days 00:00:00 (expected 1 days 00:00:00),parent_proxy
2010-03-22 00:00:00+00:00,NQ,gap,info_session_or_outage,gap of 3 days 00:00:00 (expected 1 days 00:00:00),parent_proxy
2010-03-29 00:00:00+00:00,NQ,gap,info_session_or_outage,gap of 3 days 00:00:00 (expected 1 days 00:00:00),parent_proxy
2010-04-05 00:00:00+00:00,NQ,gap,info_session_or_outage,gap of 4 days 00:00:00 (expected 1 days 00:00:00),parent_proxy
2010-04-12 00:00:00+00:00,NQ,gap,info_session_or_outage,gap of 3 days 00:00:00 (expected 1 days 00:00:00),parent_proxy
2010-04-19 00:00:00+00:00,NQ,gap,info_session_or_outage,gap of 3 days 00:00:00 (expected 1 days 00:00:00),parent_proxy
2010-04-26 00:00:00+00:00,NQ,gap,info_session_or_outage,gap of 3 days 00:00:00 (expected 1 days 00:00:00),parent_proxy
2010-05-03 00:00:00+00:00,NQ,gap,info_session_or_outage,gap of 3 days 00:00:00 (expected 1 days 00:00:00),parent_proxy
2010-05-10 00:00:00+00:00,NQ,gap,info_session_or_outage,gap of 3 days 00:00:00 (expected 1 days 00:00:00),parent_proxy
2010-05-17 00:00:00+00:00,NQ,gap,info_session_or_outage,gap of 3 days 00:00:00 (expected 1 days 00:00:00),parent_proxy
2010-05-24 00:00:00+00:00,NQ,gap,info_session_or_outage,gap of 3 days 00:00:00 (expected 1 days 00:00:00),parent_proxy
2010-06-01 00:00:00+00:00,NQ,gap,info_session_or_outage,gap of 4 days 00:00:00 (expected 1 days 00:00:00),parent_proxy
2010-06-07 00:00:00+00:00,NQ,gap,info_session_or_outage,gap of 3 days 00:00:00 (expected 1 days 00:00:00),parent_proxy
2010-06-14 00:00:00+00:00,NQ,gap,info_session_or_outage,gap of 3 days 00:00:00 (expected 1 days 00:00:00),parent_proxy
2010-06-21 00:00:00+00:00,NQ,gap,info_session_or_outage,gap of 3 days 00:00:00 (expected 1 days 00:00:00),parent_proxy
2010-06-28 00:00:00+00:00,NQ,gap,info_session_or_outage,gap of 3 days 00:00:00 (expected 1 days 00:00:00),parent_proxy
2010-07-06 00:00:00+00:00,NQ,gap,info_session_or_outage,gap of 4 days 00:00:00 (expected 1 days 00:00:00),parent_proxy
2010-07-12 00:00:00+00:00,NQ,gap,info_session_or_outage,gap of 3 days 00:00:00 (expected 1 days 00:00:00),parent_proxy
2010-07-19 00:00:00+00:00,NQ,gap,info_session_or_outage,gap of 3 days 00:00:00 (expected 1 days 00:00:00),parent_proxy
2010-07-26 00:00:00+00:00,NQ,gap,info_session_or_outage,gap of 3 days 00:00:00 (expected 1 days 00:00:00),parent_proxy
2010-08-02 00:00:00+00:00,NQ,gap,info_session_or_outage,gap of 3 days 00:00:00 (expected 1 days 00:00:00),parent_proxy
2010-08-09 00:00:00+00:00,NQ,gap,info_session_or_outage,gap of 3 days 00:00:00 (expected 1 days 00:00:00),parent_proxy
2010-08-16 00:00:00+00:00,NQ,gap,info_session_or_outage,gap of 3 days 00:00:00 (expected 1 days 00:00:00),parent_proxy
2010-08-23 00:00:00+00:00,NQ,gap,info_session_or_outage,gap of 3 days 00:00:00 (expected 1 days 00:00:00),parent_proxy
2010-08-30 00:00:00+00:00,NQ,gap,info_session_or_outage,gap of 3 days 00:00:00 (expected 1 days 00:00:00),parent_proxy
2010-09-07 00:00:00+00:00,NQ,gap,info_session_or_outage,gap of 4 days 00:00:00 (expected 1 days 00:00:00),parent_proxy
2010-09-13 00:00:00+00:00,NQ,gap,info_session_or_outage,gap of 3 days 00:00:00 (expected 1 days 00:00:00),parent_proxy
2010-09-20 00:00:00+00:00,NQ,gap,info_session_or_outage,gap of 3 days 00:00:00 (expected 1 days 00:00:00),parent_proxy
2010-09-27 00:00:00+00:00,NQ,gap,info_session_or_outage,gap of 3 days 00:00:00 (expected 1 days 00:00:00),parent_proxy
2010-10-04 00:00:00+00:00,NQ,gap,info_session_or_outage,gap of 3 days 00:00:00 (expected 1 days 00:00:00),parent_proxy
2010-10-11 00:00:00+00:00,NQ,gap,info_session_or_outage,gap of 3 days 00:00:00 (expected 1 days 00:00:00),parent_proxy
2010-10-18 00:00:00+00:00,NQ,gap,info_session_or_outage,gap of 3 days 00:00:00 (expected 1 days 00:00:00),parent_proxy
2010-10-25 00:00:00+00:00,NQ,gap,info_session_or_outage,gap of 3 days 00:00:00 (expected 1 days 00:00:00),parent_proxy
2010-11-01 00:00:00+00:00,NQ,gap,info_session_or_outage,gap of 3 days 00:00:00 (expected 1 days 00:00:00),parent_proxy
2010-11-08 00:00:00+00:00,NQ,gap,info_session_or_outage,gap of 3 days 00:00:00 (expected 1 days 00:00:00),parent_proxy
2010-11-15 00:00:00+00:00,NQ,gap,info_session_or_outage,gap of 3 days 00:00:00 (expected 1 days 00:00:00),parent_proxy
2010-11-22 00:00:00+00:00,NQ,gap,info_session_or_outage,gap of 3 days 00:00:00 (expected 1 days 00:00:00),parent_proxy
2010-11-26 00:00:00+00:00,NQ,gap,info_session_or_outage,gap of 2 days 00:00:00 (expected 1 days 00:00:00),parent_proxy
2010-11-29 00:00:00+00:00,NQ,gap,info_session_or_outage,gap of 3 days 00:00:00 (expected 1 days 00:00:00),parent_proxy
2010-12-06 00:00:00+00:00,NQ,gap,info_session_or_outage,gap of 3 days 00:00:00 (expected 1 days 00:00:00),parent_proxy
2010-12-13 00:00:00+00:00,NQ,gap,info_session_or_outage,gap of 3 days 00:00:00 (expected 1 days 00:00:00),parent_proxy
2010-12-20 00:00:00+00:00,NQ,gap,info_session_or_outage,gap of 3 days 00:00:00 (expected 1 days 00:00:00),parent_proxy
2010-12-27 00:00:00+00:00,NQ,gap,info_session_or_outage,gap of 4 days 00:00:00 (expected 1 days 00:00:00),parent_proxy
2011-01-03 00:00:00+00:00,NQ,gap,info_session_or_outage,gap of 3 days 00:00:00 (expected 1 days 00:00:00),parent_proxy
2011-01-10 00:00:00+00:00,NQ,gap,info_session_or_outage,gap of 3 days 00:00:00 (expected 1 days 00:00:00),parent_proxy
2011-01-18 00:00:00+00:00,NQ,gap,info_session_or_outage,gap of 4 days 00:00:00 (expected 1 days 00:00:00),parent_proxy
2011-01-24 00:00:00+00:00,NQ,gap,info_session_or_outage,gap of 3 days 00:00:00 (expected 1 days 00:00:00),parent_proxy
2011-01-31 00:00:00+00:00,NQ,gap,info_session_or_outage,gap of 3 days 00:00:00 (expected 1 days 00:00:00),parent_proxy
2011-02-07 00:00:00+00:00,NQ,gap,info_session_or_outage,gap of 3 days 00:00:00 (expected 1 days 00:00:00),parent_proxy
2011-02-14 00:00:00+00:00,NQ,gap,info_session_or_outage,gap of 3 days 00:00:00 (expected 1 days 00:00:00),parent_proxy
2011-02-22 00:00:00+00:00,NQ,gap,info_session_or_outage,gap of 4 days 00:00:00 (expected 1 days 00:00:00),parent_proxy
2011-02-28 00:00:00+00:00,NQ,gap,info_session_or_outage,gap of 3 days 00:00:00 (expected 1 days 00:00:00),parent_proxy
2011-03-07 00:00:00+00:00,NQ,gap,info_session_or_outage,gap of 3 days 00:00:00 (expected 1 days 00:00:00),parent_proxy
2011-03-14 00:00:00+00:00,NQ,gap,info_session_or_outage,gap of 3 days 00:00:00 (expected 1 days 00:00:00),parent_proxy
2011-03-21 00:00:00+00:00,NQ,gap,info_session_or_outage,gap of 3 days 00:00:00 (expected 1 days 00:00:00),parent_proxy
2011-03-28 00:00:00+00:00,NQ,gap,info_session_or_outage,gap of 3 days 00:00:00 (expected 1 days 00:00:00),parent_proxy
2011-04-04 00:00:00+00:00,NQ,gap,info_session_or_outage,gap of 3 days 00:00:00 (expected 1 days 00:00:00),parent_proxy
2011-04-11 00:00:00+00:00,NQ,gap,info_session_or_outage,gap of 3 days 00:00:00 (expected 1 days 00:00:00),parent_proxy
2011-04-18 00:00:00+00:00,NQ,gap,info_session_or_outage,gap of 3 days 00:00:00 (expected 1 days 00:00:00),parent_proxy
2011-04-25 00:00:00+00:00,NQ,gap,info_session_or_outage,gap of 4 days 00:00:00 (expected 1 days 00:00:00),parent_proxy
2011-05-02 00:00:00+00:00,NQ,gap,info_session_or_outage,gap of 3 days 00:00:00 (expected 1 days 00:00:00),parent_proxy
2011-05-09 00:00:00+00:00,NQ,gap,info_session_or_outage,gap of 3 days 00:00:00 (expected 1 days 00:00:00),parent_proxy
2011-05-16 00:00:00+00:00,NQ,gap,info_session_or_outage,gap of 3 days 00:00:00 (expected 1 days 00:00:00),parent_proxy
2011-05-23 00:00:00+00:00,NQ,gap,info_session_or_outage,gap of 3 days 00:00:00 (expected 1 days 00:00:00),parent_proxy
2011-05-31 00:00:00+00:00,NQ,gap,info_session_or_outage,gap of 4 days 00:00:00 (expected 1 days 00:00:00),parent_proxy
2011-06-06 00:00:00+00:00,NQ,gap,info_session_or_outage,gap of 3 days 00:00:00 (expected 1 days 00:00:00),parent_proxy
2011-06-13 00:00:00+00:00,NQ,gap,info_session_or_outage,gap of 3 days 00:00:00 (expected 1 days 00:00:00),parent_proxy
2011-06-20 00:00:00+00:00,NQ,gap,info_session_or_outage,gap of 3 days 00:00:00 (expected 1 days 00:00:00),parent_proxy
2011-06-27 00:00:00+00:00,NQ,gap,info_session_or_outage,gap of 3 days 00:00:00 (expected 1 days 00:00:00),parent_proxy
2011-07-05 00:00:00+00:00,NQ,gap,info_session_or_outage,gap of 4 days 00:00:00 (expected 1 days 00:00:00),parent_proxy
2011-07-11 00:00:00+00:00,NQ,gap,info_session_or_outage,gap of 3 days 00:00:00 (expected 1 days 00:00:00),parent_proxy
2011-07-18 00:00:00+00:00,NQ,gap,info_session_or_outage,gap of 3 days 00:00:00 (expected 1 days 00:00:00),parent_proxy
2011-07-25 00:00:00+00:00,NQ,gap,info_session_or_outage,gap of 3 days 00:00:00 (expected 1 days 00:00:00),parent_proxy
2011-08-01 00:00:00+00:00,NQ,gap,info_session_or_outage,gap of 3 days 00:00:00 (expected 1 days 00:00:00),parent_proxy
2011-08-08 00:00:00+00:00,NQ,gap,info_session_or_outage,gap of 3 days 00:00:00 (expected 1 days 00:00:00),parent_proxy
2011-08-15 00:00:00+00:00,NQ,gap,info_session_or_outage,gap of 3 days 00:00:00 (expected 1 days 00:00:00),parent_proxy
2011-08-22 00:00:00+00:00,NQ,gap,info_session_or_outage,gap of 3 days 00:00:00 (expected 1 days 00:00:00),parent_proxy
2011-08-29 00:00:00+00:00,NQ,gap,info_session_or_outage,gap of 3 days 00:00:00 (expected 1 days 00:00:00),parent_proxy
2011-09-06 00:00:00+00:00,NQ,gap,info_session_or_outage,gap of 4 days 00:00:00 (expected 1 days 00:00:00),parent_proxy
2011-09-12 00:00:00+00:00,NQ,gap,info_session_or_outage,gap of 3 days 00:00:00 (expected 1 days 00:00:00),parent_proxy
2011-09-19 00:00:00+00:00,NQ,gap,info_session_or_outage,gap of 3 days 00:00:00 (expected 1 days 00:00:00),parent_proxy
2011-09-26 00:00:00+00:00,NQ,gap,info_session_or_outage,gap of 3 days 00:00:00 (expected 1 days 00:00:00),parent_proxy
2011-10-03 00:00:00+00:00,NQ,gap,info_session_or_outage,gap of 3 days 00:00:00 (expected 1 days 00:00:00),parent_proxy
2011-10-10 00:00:00+00:00,NQ,gap,info_session_or_outage,gap of 3 days 00:00:00 (expected 1 days 00:00:00),parent_proxy
2011-10-17 00:00:00+00:00,NQ,gap,info_session_or_outage,gap of 3 days 00:00:00 (expected 1 days 00:00:00),parent_proxy
2011-10-24 00:00:00+00:00,NQ,gap,info_session_or_outage,gap of 3 days 00:00:00 (expected 1 days 00:00:00),parent_proxy
2011-10-31 00:00:00+00:00,NQ,gap,info_session_or_outage,gap of 3 days 00:00:00 (expected 1 days 00:00:00),parent_proxy
2011-11-07 00:00:00+00:00,NQ,gap,info_session_or_outage,gap of 3 days 00:00:00 (expected 1 days 00:00:00),parent_proxy
2011-11-14 00:00:00+00:00,NQ,gap,info_session_or_outage,gap of 3 days 00:00:00 (expected 1 days 00:00:00),parent_proxy
2011-11-21 00:00:00+00:00,NQ,gap,info_session_or_outage,gap of 3 days 00:00:00 (expected 1 days 00:00:00),parent_proxy
2011-11-25 00:00:00+00:00,NQ,gap,info_session_or_outage,gap of 2 days 00:00:00 (expected 1 days 00:00:00),parent_proxy
2011-11-28 00:00:00+00:00,NQ,gap,info_session_or_outage,gap of 3 days 00:00:00 (expected 1 days 00:00:00),parent_proxy
2011-12-05 00:00:00+00:00,NQ,gap,info_session_or_outage,gap of 3 days 00:00:00 (expected 1 days 00:00:00),parent_proxy
2011-12-12 00:00:00+00:00,NQ,gap,info_session_or_outage,gap of 3 days 00:00:00 (expected 1 days 00:00:00),parent_proxy
2011-12-19 00:00:00+00:00,NQ,gap,info_session_or_outage,gap of 3 days 00:00:00 (expected 1 days 00:00:00),parent_proxy
2011-12-27 00:00:00+00:00,NQ,gap,info_session_or_outage,gap of 4 days 00:00:00 (expected 1 days 00:00:00),parent_proxy
2012-01-03 00:00:00+00:00,NQ,gap,info_session_or_outage,gap of 4 days 00:00:00 (expected 1 days 00:00:00),parent_proxy
2012-01-09 00:00:00+00:00,NQ,gap,info_session_or_outage,gap of 3 days 00:00:00 (expected 1 days 00:00:00),parent_proxy
2012-01-17 00:00:00+00:00,NQ,gap,info_session_or_outage,gap of 4 days 00:00:00 (expected 1 days 00:00:00),parent_proxy
2012-01-23 00:00:00+00:00,NQ,gap,info_session_or_outage,gap of 3 days 00:00:00 (expected 1 days 00:00:00),parent_proxy
2012-01-30 00:00:00+00:00,NQ,gap,info_session_or_outage,gap of 3 days 00:00:00 (expected 1 days 00:00:00),parent_proxy
2012-02-06 00:00:00+00:00,NQ,gap,info_session_or_outage,gap of 3 days 00:00:00 (expected 1 days 00:00:00),parent_proxy
2012-02-13 00:00:00+00:00,NQ,gap,info_session_or_outage,gap of 3 days 00:00:00 (expected 1 days 00:00:00),parent_proxy
2012-02-21 00:00:00+00:00,NQ,gap,info_session_or_outage,gap of 4 days 00:00:00 (expected 1 days 00:00:00),parent_proxy
2012-02-27 00:00:00+00:00,NQ,gap,info_session_or_outage,gap of 3 days 00:00:00 (expected 1 days 00:00:00),parent_proxy
2012-03-05 00:00:00+00:00,NQ,gap,info_session_or_outage,gap of 3 days 00:00:00 (expected 1 days 00:00:00),parent_proxy
2012-03-12 00:00:00+00:00,NQ,gap,info_session_or_outage,gap of 3 days 00:00:00 (expected 1 days 00:00:00),parent_proxy
2012-03-19 00:00:00+00:00,NQ,gap,info_session_or_outage,gap of 3 days 00:00:00 (expected 1 days 00:00:00),parent_proxy
2012-03-26 00:00:00+00:00,NQ,gap,info_session_or_outage,gap of 3 days 00:00:00 (expected 1 days 00:00:00),parent_proxy
2012-04-02 00:00:00+00:00,NQ,gap,info_session_or_outage,gap of 3 days 00:00:00 (expected 1 days 00:00:00),parent_proxy
2012-04-09 00:00:00+00:00,NQ,gap,info_session_or_outage,gap of 4 days 00:00:00 (expected 1 days 00:00:00),parent_proxy
2012-04-16 00:00:00+00:00,NQ,gap,info_session_or_outage,gap of 3 days 00:00:00 (expected 1 days 00:00:00),parent_proxy
2012-04-23 00:00:00+00:00,NQ,gap,info_session_or_outage,gap of 3 days 00:00:00 (expected 1 days 00:00:00),parent_proxy
2012-04-30 00:00:00+00:00,NQ,gap,info_session_or_outage,gap of 3 days 00:00:00 (expected 1 days 00:00:00),parent_proxy
2012-05-07 00:00:00+00:00,NQ,gap,info_session_or_outage,gap of 3 days 00:00:00 (expected 1 days 00:00:00),parent_proxy
2012-05-14 00:00:00+00:00,NQ,gap,info_session_or_outage,gap of 3 days 00:00:00 (expected 1 days 00:00:00),parent_proxy
2012-05-21 00:00:00+00:00,NQ,gap,info_session_or_outage,gap of 3 days 00:00:00 (expected 1 days 00:00:00),parent_proxy
2012-05-29 00:00:00+00:00,NQ,gap,info_session_or_outage,gap of 4 days 00:00:00 (expected 1 days 00:00:00),parent_proxy
2012-06-04 00:00:00+00:00,NQ,gap,info_session_or_outage,gap of 3 days 00:00:00 (expected 1 days 00:00:00),parent_proxy
2012-06-11 00:00:00+00:00,NQ,gap,info_session_or_outage,gap of 3 days 00:00:00 (expected 1 days 00:00:00),parent_proxy
2012-06-18 00:00:00+00:00,NQ,gap,info_session_or_outage,gap of 3 days 00:00:00 (expected 1 days 00:00:00),parent_proxy
2012-06-25 00:00:00+00:00,NQ,gap,info_session_or_outage,gap of 3 days 00:00:00 (expected 1 days 00:00:00),parent_proxy
2012-07-02 00:00:00+00:00,NQ,gap,info_session_or_outage,gap of 3 days 00:00:00 (expected 1 days 00:00:00),parent_proxy
2012-07-05 00:00:00+00:00,NQ,gap,info_session_or_outage,gap of 2 days 00:00:00 (expected 1 days 00:00:00),parent_proxy
2012-07-09 00:00:00+00:00,NQ,gap,info_session_or_outage,gap of 3 days 00:00:00 (expected 1 days 00:00:00),parent_proxy
2012-07-16 00:00:00+00:00,NQ,gap,info_session_or_outage,gap of 3 days 00:00:00 (expected 1 days 00:00:00),parent_proxy
2012-07-23 00:00:00+00:00,NQ,gap,info_session_or_outage,gap of 3 days 00:00:00 (expected 1 days 00:00:00),parent_proxy
2012-07-30 00:00:00+00:00,NQ,gap,info_session_or_outage,gap of 3 days 00:00:00 (expected 1 days 00:00:00),parent_proxy
2012-08-06 00:00:00+00:00,NQ,gap,info_session_or_outage,gap of 3 days 00:00:00 (expected 1 days 00:00:00),parent_proxy
2012-08-13 00:00:00+00:00,NQ,gap,info_session_or_outage,gap of 3 days 00:00:00 (expected 1 days 00:00:00),parent_proxy
2012-08-20 00:00:00+00:00,NQ,gap,info_session_or_outage,gap of 3 days 00:00:00 (expected 1 days 00:00:00),parent_proxy
2012-08-27 00:00:00+00:00,NQ,gap,info_session_or_outage,gap of 3 days 00:00:00 (expected 1 days 00:00:00),parent_proxy
2012-09-04 00:00:00+00:00,NQ,gap,info_session_or_outage,gap of 4 days 00:00:00 (expected 1 days 00:00:00),parent_proxy
2012-09-10 00:00:00+00:00,NQ,gap,info_session_or_outage,gap of 3 days 00:00:00 (expected 1 days 00:00:00),parent_proxy
2012-09-17 00:00:00+00:00,NQ,gap,info_session_or_outage,gap of 3 days 00:00:00 (expected 1 days 00:00:00),parent_proxy
2012-09-24 00:00:00+00:00,NQ,gap,info_session_or_outage,gap of 3 days 00:00:00 (expected 1 days 00:00:00),parent_proxy
2012-10-01 00:00:00+00:00,NQ,gap,info_session_or_outage,gap of 3 days 00:00:00 (expected 1 days 00:00:00),parent_proxy
2012-10-08 00:00:00+00:00,NQ,gap,info_session_or_outage,gap of 3 days 00:00:00 (expected 1 days 00:00:00),parent_proxy
2012-10-15 00:00:00+00:00,NQ,gap,info_session_or_outage,gap of 3 days 00:00:00 (expected 1 days 00:00:00),parent_proxy
2012-10-22 00:00:00+00:00,NQ,gap,info_session_or_outage,gap of 3 days 00:00:00 (expected 1 days 00:00:00),parent_proxy
2012-10-31 00:00:00+00:00,NQ,gap,info_session_or_outage,gap of 5 days 00:00:00 (expected 1 days 00:00:00),parent_proxy
2012-11-05 00:00:00+00:00,NQ,gap,info_session_or_outage,gap of 3 days 00:00:00 (expected 1 days 00:00:00),parent_proxy
2012-11-12 00:00:00+00:00,NQ,gap,info_session_or_outage,gap of 3 days 00:00:00 (expected 1 days 00:00:00),parent_proxy
2012-11-19 00:00:00+00:00,NQ,gap,info_session_or_outage,gap of 3 days 00:00:00 (expected 1 days 00:00:00),parent_proxy
2012-11-23 00:00:00+00:00,NQ,gap,info_session_or_outage,gap of 2 days 00:00:00 (expected 1 days 00:00:00),parent_proxy
2012-11-26 00:00:00+00:00,NQ,gap,info_session_or_outage,gap of 3 days 00:00:00 (expected 1 days 00:00:00),parent_proxy
2012-12-03 00:00:00+00:00,NQ,gap,info_session_or_outage,gap of 3 days 00:00:00 (expected 1 days 00:00:00),parent_proxy
2012-12-10 00:00:00+00:00,NQ,gap,info_session_or_outage,gap of 3 days 00:00:00 (expected 1 days 00:00:00),parent_proxy
2012-12-17 00:00:00+00:00,NQ,gap,info_session_or_outage,gap of 3 days 00:00:00 (expected 1 days 00:00:00),parent_proxy
2012-12-24 00:00:00+00:00,NQ,gap,info_session_or_outage,gap of 3 days 00:00:00 (expected 1 days 00:00:00),parent_proxy
2012-12-26 00:00:00+00:00,NQ,gap,info_session_or_outage,gap of 2 days 00:00:00 (expected 1 days 00:00:00),parent_proxy
2012-12-31 00:00:00+00:00,NQ,gap,info_session_or_outage,gap of 3 days 00:00:00 (expected 1 days 00:00:00),parent_proxy
2013-01-02 00:00:00+00:00,NQ,gap,info_session_or_outage,gap of 2 days 00:00:00 (expected 1 days 00:00:00),parent_proxy
2013-01-07 00:00:00+00:00,NQ,gap,info_session_or_outage,gap of 3 days 00:00:00 (expected 1 days 00:00:00),parent_proxy
2013-01-14 00:00:00+00:00,NQ,gap,info_session_or_outage,gap of 3 days 00:00:00 (expected 1 days 00:00:00),parent_proxy
2013-01-22 00:00:00+00:00,NQ,gap,info_session_or_outage,gap of 4 days 00:00:00 (expected 1 days 00:00:00),parent_proxy
2013-01-28 00:00:00+00:00,NQ,gap,info_session_or_outage,gap of 3 days 00:00:00 (expected 1 days 00:00:00),parent_proxy
2013-02-04 00:00:00+00:00,NQ,gap,info_session_or_outage,gap of 3 days 00:00:00 (expected 1 days 00:00:00),parent_proxy
2013-02-11 00:00:00+00:00,NQ,gap,info_session_or_outage,gap of 3 days 00:00:00 (expected 1 days 00:00:00),parent_proxy
2013-02-19 00:00:00+00:00,NQ,gap,info_session_or_outage,gap of 4 days 00:00:00 (expected 1 days 00:00:00),parent_proxy
2013-02-25 00:00:00+00:00,NQ,gap,info_session_or_outage,gap of 3 days 00:00:00 (expected 1 days 00:00:00),parent_proxy
2013-03-04 00:00:00+00:00,NQ,gap,info_session_or_outage,gap of 3 days 00:00:00 (expected 1 days 00:00:00),parent_proxy
2013-03-11 00:00:00+00:00,NQ,gap,info_session_or_outage,gap of 3 days 00:00:00 (expected 1 days 00:00:00),parent_proxy
2013-03-18 00:00:00+00:00,NQ,gap,info_session_or_outage,gap of 3 days 00:00:00 (expected 1 days 00:00:00),parent_proxy
2013-03-25 00:00:00+00:00,NQ,gap,info_session_or_outage,gap of 3 days 00:00:00 (expected 1 days 00:00:00),parent_proxy
2013-04-01 00:00:00+00:00,NQ,gap,info_session_or_outage,gap of 4 days 00:00:00 (expected 1 days 00:00:00),parent_proxy
2013-04-08 00:00:00+00:00,NQ,gap,info_session_or_outage,gap of 3 days 00:00:00 (expected 1 days 00:00:00),parent_proxy
2013-04-15 00:00:00+00:00,NQ,gap,info_session_or_outage,gap of 3 days 00:00:00 (expected 1 days 00:00:00),parent_proxy
2013-04-22 00:00:00+00:00,NQ,gap,info_session_or_outage,gap of 3 days 00:00:00 (expected 1 days 00:00:00),parent_proxy
2013-04-29 00:00:00+00:00,NQ,gap,info_session_or_outage,gap of 3 days 00:00:00 (expected 1 days 00:00:00),parent_proxy
2013-05-06 00:00:00+00:00,NQ,gap,info_session_or_outage,gap of 3 days 00:00:00 (expected 1 days 00:00:00),parent_proxy
2013-05-13 00:00:00+00:00,NQ,gap,info_session_or_outage,gap of 3 days 00:00:00 (expected 1 days 00:00:00),parent_proxy
2013-05-20 00:00:00+00:00,NQ,gap,info_session_or_outage,gap of 3 days 00:00:00 (expected 1 days 00:00:00),parent_proxy
2013-05-28 00:00:00+00:00,NQ,gap,info_session_or_outage,gap of 4 days 00:00:00 (expected 1 days 00:00:00),parent_proxy
2013-06-03 00:00:00+00:00,NQ,gap,info_session_or_outage,gap of 3 days 00:00:00 (expected 1 days 00:00:00),parent_proxy
2013-06-10 00:00:00+00:00,NQ,gap,info_session_or_outage,gap of 3 days 00:00:00 (expected 1 days 00:00:00),parent_proxy
2013-06-17 00:00:00+00:00,NQ,gap,info_session_or_outage,gap of 3 days 00:00:00 (expected 1 days 00:00:00),parent_proxy
2013-06-24 00:00:00+00:00,NQ,gap,info_session_or_outage,gap of 3 days 00:00:00 (expected 1 days 00:00:00),parent_proxy
2013-07-01 00:00:00+00:00,NQ,gap,info_session_or_outage,gap of 3 days 00:00:00 (expected 1 days 00:00:00),parent_proxy
2013-07-05 00:00:00+00:00,NQ,gap,info_session_or_outage,gap of 2 days 00:00:00 (expected 1 days 00:00:00),parent_proxy
2013-07-08 00:00:00+00:00,NQ,gap,info_session_or_outage,gap of 3 days 00:00:00 (expected 1 days 00:00:00),parent_proxy
2013-07-15 00:00:00+00:00,NQ,gap,info_session_or_outage,gap of 3 days 00:00:00 (expected 1 days 00:00:00),parent_proxy
2013-07-22 00:00:00+00:00,NQ,gap,info_session_or_outage,gap of 3 days 00:00:00 (expected 1 days 00:00:00),parent_proxy
2013-07-29 00:00:00+00:00,NQ,gap,info_session_or_outage,gap of 3 days 00:00:00 (expected 1 days 00:00:00),parent_proxy
2013-08-05 00:00:00+00:00,NQ,gap,info_session_or_outage,gap of 3 days 00:00:00 (expected 1 days 00:00:00),parent_proxy
2013-08-12 00:00:00+00:00,NQ,gap,info_session_or_outage,gap of 3 days 00:00:00 (expected 1 days 00:00:00),parent_proxy
2013-08-19 00:00:00+00:00,NQ,gap,info_session_or_outage,gap of 3 days 00:00:00 (expected 1 days 00:00:00),parent_proxy
2013-08-26 00:00:00+00:00,NQ,gap,info_session_or_outage,gap of 3 days 00:00:00 (expected 1 days 00:00:00),parent_proxy
2013-09-03 00:00:00+00:00,NQ,gap,info_session_or_outage,gap of 4 days 00:00:00 (expected 1 days 00:00:00),parent_proxy
2013-09-09 00:00:00+00:00,NQ,gap,info_session_or_outage,gap of 3 days 00:00:00 (expected 1 days 00:00:00),parent_proxy
2013-09-16 00:00:00+00:00,NQ,gap,info_session_or_outage,gap of 3 days 00:00:00 (expected 1 days 00:00:00),parent_proxy
2013-09-23 00:00:00+00:00,NQ,gap,info_session_or_outage,gap of 3 days 00:00:00 (expected 1 days 00:00:00),parent_proxy
2013-09-30 00:00:00+00:00,NQ,gap,info_session_or_outage,gap of 3 days 00:00:00 (expected 1 days 00:00:00),parent_proxy
2013-10-07 00:00:00+00:00,NQ,gap,info_session_or_outage,gap of 3 days 00:00:00 (expected 1 days 00:00:00),parent_proxy
2013-10-14 00:00:00+00:00,NQ,gap,info_session_or_outage,gap of 3 days 00:00:00 (expected 1 days 00:00:00),parent_proxy
2013-10-21 00:00:00+00:00,NQ,gap,info_session_or_outage,gap of 3 days 00:00:00 (expected 1 days 00:00:00),parent_proxy
2013-10-28 00:00:00+00:00,NQ,gap,info_session_or_outage,gap of 3 days 00:00:00 (expected 1 days 00:00:00),parent_proxy
2013-11-04 00:00:00+00:00,NQ,gap,info_session_or_outage,gap of 3 days 00:00:00 (expected 1 days 00:00:00),parent_proxy
2013-11-11 00:00:00+00:00,NQ,gap,info_session_or_outage,gap of 3 days 00:00:00 (expected 1 days 00:00:00),parent_proxy
2013-11-18 00:00:00+00:00,NQ,gap,info_session_or_outage,gap of 3 days 00:00:00 (expected 1 days 00:00:00),parent_proxy
2013-11-25 00:00:00+00:00,NQ,gap,info_session_or_outage,gap of 3 days 00:00:00 (expected 1 days 00:00:00),parent_proxy
2013-11-29 00:00:00+00:00,NQ,gap,info_session_or_outage,gap of 2 days 00:00:00 (expected 1 days 00:00:00),parent_proxy
2013-12-02 00:00:00+00:00,NQ,gap,info_session_or_outage,gap of 3 days 00:00:00 (expected 1 days 00:00:00),parent_proxy
2013-12-09 00:00:00+00:00,NQ,gap,info_session_or_outage,gap of 3 days 00:00:00 (expected 1 days 00:00:00),parent_proxy
2013-12-16 00:00:00+00:00,NQ,gap,info_session_or_outage,gap of 3 days 00:00:00 (expected 1 days 00:00:00),parent_proxy
2013-12-23 00:00:00+00:00,NQ,gap,info_session_or_outage,gap of 3 days 00:00:00 (expected 1 days 00:00:00),parent_proxy
2013-12-26 00:00:00+00:00,NQ,gap,info_session_or_outage,gap of 2 days 00:00:00 (expected 1 days 00:00:00),parent_proxy
2013-12-30 00:00:00+00:00,NQ,gap,info_session_or_outage,gap of 3 days 00:00:00 (expected 1 days 00:00:00),parent_proxy
2014-01-02 00:00:00+00:00,NQ,gap,info_session_or_outage,gap of 2 days 00:00:00 (expected 1 days 00:00:00),parent_proxy
2014-01-06 00:00:00+00:00,NQ,gap,info_session_or_outage,gap of 3 days 00:00:00 (expected 1 days 00:00:00),parent_proxy
2014-01-13 00:00:00+00:00,NQ,gap,info_session_or_outage,gap of 3 days 00:00:00 (expected 1 days 00:00:00),parent_proxy
2014-01-21 00:00:00+00:00,NQ,gap,info_session_or_outage,gap of 4 days 00:00:00 (expected 1 days 00:00:00),parent_proxy
2014-01-27 00:00:00+00:00,NQ,gap,info_session_or_outage,gap of 3 days 00:00:00 (expected 1 days 00:00:00),parent_proxy
2014-02-03 00:00:00+00:00,NQ,gap,info_session_or_outage,gap of 3 days 00:00:00 (expected 1 days 00:00:00),parent_proxy
2014-02-10 00:00:00+00:00,NQ,gap,info_session_or_outage,gap of 3 days 00:00:00 (expected 1 days 00:00:00),parent_proxy
2014-02-18 00:00:00+00:00,NQ,gap,info_session_or_outage,gap of 4 days 00:00:00 (expected 1 days 00:00:00),parent_proxy
2014-02-24 00:00:00+00:00,NQ,gap,info_session_or_outage,gap of 3 days 00:00:00 (expected 1 days 00:00:00),parent_proxy
2014-03-03 00:00:00+00:00,NQ,gap,info_session_or_outage,gap of 3 days 00:00:00 (expected 1 days 00:00:00),parent_proxy
2014-03-10 00:00:00+00:00,NQ,gap,info_session_or_outage,gap of 3 days 00:00:00 (expected 1 days 00:00:00),parent_proxy
2014-03-17 00:00:00+00:00,NQ,gap,info_session_or_outage,gap of 3 days 00:00:00 (expected 1 days 00:00:00),parent_proxy
2014-03-24 00:00:00+00:00,NQ,gap,info_session_or_outage,gap of 3 days 00:00:00 (expected 1 days 00:00:00),parent_proxy
2014-03-31 00:00:00+00:00,NQ,gap,info_session_or_outage,gap of 3 days 00:00:00 (expected 1 days 00:00:00),parent_proxy
2014-04-07 00:00:00+00:00,NQ,gap,info_session_or_outage,gap of 3 days 00:00:00 (expected 1 days 00:00:00),parent_proxy
2014-04-14 00:00:00+00:00,NQ,gap,info_session_or_outage,gap of 3 days 00:00:00 (expected 1 days 00:00:00),parent_proxy
2014-04-21 00:00:00+00:00,NQ,gap,info_session_or_outage,gap of 4 days 00:00:00 (expected 1 days 00:00:00),parent_proxy
2014-04-28 00:00:00+00:00,NQ,gap,info_session_or_outage,gap of 3 days 00:00:00 (expected 1 days 00:00:00),parent_proxy
2014-05-05 00:00:00+00:00,NQ,gap,info_session_or_outage,gap of 3 days 00:00:00 (expected 1 days 00:00:00),parent_proxy
2014-05-12 00:00:00+00:00,NQ,gap,info_session_or_outage,gap of 3 days 00:00:00 (expected 1 days 00:00:00),parent_proxy
2014-05-19 00:00:00+00:00,NQ,gap,info_session_or_outage,gap of 3 days 00:00:00 (expected 1 days 00:00:00),parent_proxy
2014-05-27 00:00:00+00:00,NQ,gap,info_session_or_outage,gap of 4 days 00:00:00 (expected 1 days 00:00:00),parent_proxy
2014-06-02 00:00:00+00:00,NQ,gap,info_session_or_outage,gap of 3 days 00:00:00 (expected 1 days 00:00:00),parent_proxy
2014-06-09 00:00:00+00:00,NQ,gap,info_session_or_outage,gap of 3 days 00:00:00 (expected 1 days 00:00:00),parent_proxy
2014-06-16 00:00:00+00:00,NQ,gap,info_session_or_outage,gap of 3 days 00:00:00 (expected 1 days 00:00:00),parent_proxy
2014-06-23 00:00:00+00:00,NQ,gap,info_session_or_outage,gap of 3 days 00:00:00 (expected 1 days 00:00:00),parent_proxy
2014-06-30 00:00:00+00:00,NQ,gap,info_session_or_outage,gap of 3 days 00:00:00 (expected 1 days 00:00:00),parent_proxy
2014-07-07 00:00:00+00:00,NQ,gap,info_session_or_outage,gap of 4 days 00:00:00 (expected 1 days 00:00:00),parent_proxy
2014-07-14 00:00:00+00:00,NQ,gap,info_session_or_outage,gap of 3 days 00:00:00 (expected 1 days 00:00:00),parent_proxy
2014-07-21 00:00:00+00:00,NQ,gap,info_session_or_outage,gap of 3 days 00:00:00 (expected 1 days 00:00:00),parent_proxy
2014-07-28 00:00:00+00:00,NQ,gap,info_session_or_outage,gap of 3 days 00:00:00 (expected 1 days 00:00:00),parent_proxy
2014-08-04 00:00:00+00:00,NQ,gap,info_session_or_outage,gap of 3 days 00:00:00 (expected 1 days 00:00:00),parent_proxy
2014-08-11 00:00:00+00:00,NQ,gap,info_session_or_outage,gap of 3 days 00:00:00 (expected 1 days 00:00:00),parent_proxy
2014-08-18 00:00:00+00:00,NQ,gap,info_session_or_outage,gap of 3 days 00:00:00 (expected 1 days 00:00:00),parent_proxy
2014-08-25 00:00:00+00:00,NQ,gap,info_session_or_outage,gap of 3 days 00:00:00 (expected 1 days 00:00:00),parent_proxy
2014-09-02 00:00:00+00:00,NQ,gap,info_session_or_outage,gap of 4 days 00:00:00 (expected 1 days 00:00:00),parent_proxy
2014-09-08 00:00:00+00:00,NQ,gap,info_session_or_outage,gap of 3 days 00:00:00 (expected 1 days 00:00:00),parent_proxy
2014-09-15 00:00:00+00:00,NQ,gap,info_session_or_outage,gap of 3 days 00:00:00 (expected 1 days 00:00:00),parent_proxy
2014-09-22 00:00:00+00:00,NQ,gap,info_session_or_outage,gap of 3 days 00:00:00 (expected 1 days 00:00:00),parent_proxy
2014-09-29 00:00:00+00:00,NQ,gap,info_session_or_outage,gap of 3 days 00:00:00 (expected 1 days 00:00:00),parent_proxy
2014-10-06 00:00:00+00:00,NQ,gap,info_session_or_outage,gap of 3 days 00:00:00 (expected 1 days 00:00:00),parent_proxy
2014-10-13 00:00:00+00:00,NQ,gap,info_session_or_outage,gap of 3 days 00:00:00 (expected 1 days 00:00:00),parent_proxy
2014-10-20 00:00:00+00:00,NQ,gap,info_session_or_outage,gap of 3 days 00:00:00 (expected 1 days 00:00:00),parent_proxy
2014-10-27 00:00:00+00:00,NQ,gap,info_session_or_outage,gap of 3 days 00:00:00 (expected 1 days 00:00:00),parent_proxy
2014-11-03 00:00:00+00:00,NQ,gap,info_session_or_outage,gap of 3 days 00:00:00 (expected 1 days 00:00:00),parent_proxy
2014-11-10 00:00:00+00:00,NQ,gap,info_session_or_outage,gap of 3 days 00:00:00 (expected 1 days 00:00:00),parent_proxy
2014-11-17 00:00:00+00:00,NQ,gap,info_session_or_outage,gap of 3 days 00:00:00 (expected 1 days 00:00:00),parent_proxy
2014-11-24 00:00:00+00:00,NQ,gap,info_session_or_outage,gap of 3 days 00:00:00 (expected 1 days 00:00:00),parent_proxy
2014-11-28 00:00:00+00:00,NQ,gap,info_session_or_outage,gap of 2 days 00:00:00 (expected 1 days 00:00:00),parent_proxy
2014-12-01 00:00:00+00:00,NQ,gap,info_session_or_outage,gap of 3 days 00:00:00 (expected 1 days 00:00:00),parent_proxy
2014-12-08 00:00:00+00:00,NQ,gap,info_session_or_outage,gap of 3 days 00:00:00 (expected 1 days 00:00:00),parent_proxy
2014-12-15 00:00:00+00:00,NQ,gap,info_session_or_outage,gap of 3 days 00:00:00 (expected 1 days 00:00:00),parent_proxy
2014-12-22 00:00:00+00:00,NQ,gap,info_session_or_outage,gap of 3 days 00:00:00 (expected 1 days 00:00:00),parent_proxy
2014-12-26 00:00:00+00:00,NQ,gap,info_session_or_outage,gap of 2 days 00:00:00 (expected 1 days 00:00:00),parent_proxy
2014-12-29 00:00:00+00:00,NQ,gap,info_session_or_outage,gap of 3 days 00:00:00 (expected 1 days 00:00:00),parent_proxy
2015-01-02 00:00:00+00:00,NQ,gap,info_session_or_outage,gap of 2 days 00:00:00 (expected 1 days 00:00:00),parent_proxy
2015-01-05 00:00:00+00:00,NQ,gap,info_session_or_outage,gap of 3 days 00:00:00 (expected 1 days 00:00:00),parent_proxy
2015-01-12 00:00:00+00:00,NQ,gap,info_session_or_outage,gap of 3 days 00:00:00 (expected 1 days 00:00:00),parent_proxy
2015-01-20 00:00:00+00:00,NQ,gap,info_session_or_outage,gap of 4 days 00:00:00 (expected 1 days 00:00:00),parent_proxy
2015-01-26 00:00:00+00:00,NQ,gap,info_session_or_outage,gap of 3 days 00:00:00 (expected 1 days 00:00:00),parent_proxy
2015-02-02 00:00:00+00:00,NQ,gap,info_session_or_outage,gap of 3 days 00:00:00 (expected 1 days 00:00:00),parent_proxy
2015-02-09 00:00:00+00:00,NQ,gap,info_session_or_outage,gap of 3 days 00:00:00 (expected 1 days 00:00:00),parent_proxy
2015-02-17 00:00:00+00:00,NQ,gap,info_session_or_outage,gap of 4 days 00:00:00 (expected 1 days 00:00:00),parent_proxy
2015-02-23 00:00:00+00:00,NQ,gap,info_session_or_outage,gap of 3 days 00:00:00 (expected 1 days 00:00:00),parent_proxy
2015-03-02 00:00:00+00:00,NQ,gap,info_session_or_outage,gap of 3 days 00:00:00 (expected 1 days 00:00:00),parent_proxy
2015-03-09 00:00:00+00:00,NQ,gap,info_session_or_outage,gap of 3 days 00:00:00 (expected 1 days 00:00:00),parent_proxy
2015-03-16 00:00:00+00:00,NQ,gap,info_session_or_outage,gap of 3 days 00:00:00 (expected 1 days 00:00:00),parent_proxy
2015-03-23 00:00:00+00:00,NQ,gap,info_session_or_outage,gap of 3 days 00:00:00 (expected 1 days 00:00:00),parent_proxy
2015-03-30 00:00:00+00:00,NQ,gap,info_session_or_outage,gap of 3 days 00:00:00 (expected 1 days 00:00:00),parent_proxy
2015-04-06 00:00:00+00:00,NQ,gap,info_session_or_outage,gap of 4 days 00:00:00 (expected 1 days 00:00:00),parent_proxy
2015-04-13 00:00:00+00:00,NQ,gap,info_session_or_outage,gap of 3 days 00:00:00 (expected 1 days 00:00:00),parent_proxy
2015-04-20 00:00:00+00:00,NQ,gap,info_session_or_outage,gap of 3 days 00:00:00 (expected 1 days 00:00:00),parent_proxy
2015-04-27 00:00:00+00:00,NQ,gap,info_session_or_outage,gap of 3 days 00:00:00 (expected 1 days 00:00:00),parent_proxy
2015-05-04 00:00:00+00:00,NQ,gap,info_session_or_outage,gap of 3 days 00:00:00 (expected 1 days 00:00:00),parent_proxy
2015-05-11 00:00:00+00:00,NQ,gap,info_session_or_outage,gap of 3 days 00:00:00 (expected 1 days 00:00:00),parent_proxy
2015-05-18 00:00:00+00:00,NQ,gap,info_session_or_outage,gap of 3 days 00:00:00 (expected 1 days 00:00:00),parent_proxy
2015-05-26 00:00:00+00:00,NQ,gap,info_session_or_outage,gap of 4 days 00:00:00 (expected 1 days 00:00:00),parent_proxy
2015-06-01 00:00:00+00:00,NQ,gap,info_session_or_outage,gap of 3 days 00:00:00 (expected 1 days 00:00:00),parent_proxy
2015-06-08 00:00:00+00:00,NQ,gap,info_session_or_outage,gap of 3 days 00:00:00 (expected 1 days 00:00:00),parent_proxy
2015-06-15 00:00:00+00:00,NQ,gap,info_session_or_outage,gap of 3 days 00:00:00 (expected 1 days 00:00:00),parent_proxy
2015-06-22 00:00:00+00:00,NQ,gap,info_session_or_outage,gap of 3 days 00:00:00 (expected 1 days 00:00:00),parent_proxy
2015-06-29 00:00:00+00:00,NQ,gap,info_session_or_outage,gap of 3 days 00:00:00 (expected 1 days 00:00:00),parent_proxy
2015-07-06 00:00:00+00:00,NQ,gap,info_session_or_outage,gap of 4 days 00:00:00 (expected 1 days 00:00:00),parent_proxy
2015-07-13 00:00:00+00:00,NQ,gap,info_session_or_outage,gap of 3 days 00:00:00 (expected 1 days 00:00:00),parent_proxy
2015-07-20 00:00:00+00:00,NQ,gap,info_session_or_outage,gap of 3 days 00:00:00 (expected 1 days 00:00:00),parent_proxy
2015-07-27 00:00:00+00:00,NQ,gap,info_session_or_outage,gap of 3 days 00:00:00 (expected 1 days 00:00:00),parent_proxy
2015-08-03 00:00:00+00:00,NQ,gap,info_session_or_outage,gap of 3 days 00:00:00 (expected 1 days 00:00:00),parent_proxy
2015-08-10 00:00:00+00:00,NQ,gap,info_session_or_outage,gap of 3 days 00:00:00 (expected 1 days 00:00:00),parent_proxy
2015-08-17 00:00:00+00:00,NQ,gap,info_session_or_outage,gap of 3 days 00:00:00 (expected 1 days 00:00:00),parent_proxy
2015-08-24 00:00:00+00:00,NQ,gap,info_session_or_outage,gap of 3 days 00:00:00 (expected 1 days 00:00:00),parent_proxy
2015-08-31 00:00:00+00:00,NQ,gap,info_session_or_outage,gap of 3 days 00:00:00 (expected 1 days 00:00:00),parent_proxy
2015-09-08 00:00:00+00:00,NQ,gap,info_session_or_outage,gap of 4 days 00:00:00 (expected 1 days 00:00:00),parent_proxy
2015-09-14 00:00:00+00:00,NQ,gap,info_session_or_outage,gap of 3 days 00:00:00 (expected 1 days 00:00:00),parent_proxy
2015-09-21 00:00:00+00:00,NQ,gap,info_session_or_outage,gap of 3 days 00:00:00 (expected 1 days 00:00:00),parent_proxy
2015-09-28 00:00:00+00:00,NQ,gap,info_session_or_outage,gap of 3 days 00:00:00 (expected 1 days 00:00:00),parent_proxy
2015-10-05 00:00:00+00:00,NQ,gap,info_session_or_outage,gap of 3 days 00:00:00 (expected 1 days 00:00:00),parent_proxy
2015-10-12 00:00:00+00:00,NQ,gap,info_session_or_outage,gap of 3 days 00:00:00 (expected 1 days 00:00:00),parent_proxy
2015-10-19 00:00:00+00:00,NQ,gap,info_session_or_outage,gap of 3 days 00:00:00 (expected 1 days 00:00:00),parent_proxy
2015-10-26 00:00:00+00:00,NQ,gap,info_session_or_outage,gap of 3 days 00:00:00 (expected 1 days 00:00:00),parent_proxy
2015-11-02 00:00:00+00:00,NQ,gap,info_session_or_outage,gap of 3 days 00:00:00 (expected 1 days 00:00:00),parent_proxy
2015-11-09 00:00:00+00:00,NQ,gap,info_session_or_outage,gap of 3 days 00:00:00 (expected 1 days 00:00:00),parent_proxy
2015-11-16 00:00:00+00:00,NQ,gap,info_session_or_outage,gap of 3 days 00:00:00 (expected 1 days 00:00:00),parent_proxy
2015-11-23 00:00:00+00:00,NQ,gap,info_session_or_outage,gap of 3 days 00:00:00 (expected 1 days 00:00:00),parent_proxy
2015-11-27 00:00:00+00:00,NQ,gap,info_session_or_outage,gap of 2 days 00:00:00 (expected 1 days 00:00:00),parent_proxy
2015-11-30 00:00:00+00:00,NQ,gap,info_session_or_outage,gap of 3 days 00:00:00 (expected 1 days 00:00:00),parent_proxy
2015-12-07 00:00:00+00:00,NQ,gap,info_session_or_outage,gap of 3 days 00:00:00 (expected 1 days 00:00:00),parent_proxy
2015-12-14 00:00:00+00:00,NQ,gap,info_session_or_outage,gap of 3 days 00:00:00 (expected 1 days 00:00:00),parent_proxy
2015-12-21 00:00:00+00:00,NQ,gap,info_session_or_outage,gap of 3 days 00:00:00 (expected 1 days 00:00:00),parent_proxy
2015-12-28 00:00:00+00:00,NQ,gap,info_session_or_outage,gap of 4 days 00:00:00 (expected 1 days 00:00:00),parent_proxy
2016-01-04 00:00:00+00:00,NQ,gap,info_session_or_outage,gap of 4 days 00:00:00 (expected 1 days 00:00:00),parent_proxy
2016-01-11 00:00:00+00:00,NQ,gap,info_session_or_outage,gap of 3 days 00:00:00 (expected 1 days 00:00:00),parent_proxy
2016-01-19 00:00:00+00:00,NQ,gap,info_session_or_outage,gap of 4 days 00:00:00 (expected 1 days 00:00:00),parent_proxy
2016-01-25 00:00:00+00:00,NQ,gap,info_session_or_outage,gap of 3 days 00:00:00 (expected 1 days 00:00:00),parent_proxy
2016-02-01 00:00:00+00:00,NQ,gap,info_session_or_outage,gap of 3 days 00:00:00 (expected 1 days 00:00:00),parent_proxy
2016-02-08 00:00:00+00:00,NQ,gap,info_session_or_outage,gap of 3 days 00:00:00 (expected 1 days 00:00:00),parent_proxy
2016-02-16 00:00:00+00:00,NQ,gap,info_session_or_outage,gap of 4 days 00:00:00 (expected 1 days 00:00:00),parent_proxy
2016-02-22 00:00:00+00:00,NQ,gap,info_session_or_outage,gap of 3 days 00:00:00 (expected 1 days 00:00:00),parent_proxy
2016-02-29 00:00:00+00:00,NQ,gap,info_session_or_outage,gap of 3 days 00:00:00 (expected 1 days 00:00:00),parent_proxy
2016-03-07 00:00:00+00:00,NQ,gap,info_session_or_outage,gap of 3 days 00:00:00 (expected 1 days 00:00:00),parent_proxy
2016-03-14 00:00:00+00:00,NQ,gap,info_session_or_outage,gap of 3 days 00:00:00 (expected 1 days 00:00:00),parent_proxy
2016-03-21 00:00:00+00:00,NQ,gap,info_session_or_outage,gap of 3 days 00:00:00 (expected 1 days 00:00:00),parent_proxy
2016-03-28 00:00:00+00:00,NQ,gap,info_session_or_outage,gap of 4 days 00:00:00 (expected 1 days 00:00:00),parent_proxy
2016-04-04 00:00:00+00:00,NQ,gap,info_session_or_outage,gap of 3 days 00:00:00 (expected 1 days 00:00:00),parent_proxy
2016-04-11 00:00:00+00:00,NQ,gap,info_session_or_outage,gap of 3 days 00:00:00 (expected 1 days 00:00:00),parent_proxy
2016-04-18 00:00:00+00:00,NQ,gap,info_session_or_outage,gap of 3 days 00:00:00 (expected 1 days 00:00:00),parent_proxy
2016-04-25 00:00:00+00:00,NQ,gap,info_session_or_outage,gap of 3 days 00:00:00 (expected 1 days 00:00:00),parent_proxy
2016-05-02 00:00:00+00:00,NQ,gap,info_session_or_outage,gap of 3 days 00:00:00 (expected 1 days 00:00:00),parent_proxy
2016-05-09 00:00:00+00:00,NQ,gap,info_session_or_outage,gap of 3 days 00:00:00 (expected 1 days 00:00:00),parent_proxy
2016-05-16 00:00:00+00:00,NQ,gap,info_session_or_outage,gap of 3 days 00:00:00 (expected 1 days 00:00:00),parent_proxy
2016-05-23 00:00:00+00:00,NQ,gap,info_session_or_outage,gap of 3 days 00:00:00 (expected 1 days 00:00:00),parent_proxy
2016-05-31 00:00:00+00:00,NQ,gap,info_session_or_outage,gap of 4 days 00:00:00 (expected 1 days 00:00:00),parent_proxy
2016-06-06 00:00:00+00:00,NQ,gap,info_session_or_outage,gap of 3 days 00:00:00 (expected 1 days 00:00:00),parent_proxy
2016-06-13 00:00:00+00:00,NQ,gap,info_session_or_outage,gap of 3 days 00:00:00 (expected 1 days 00:00:00),parent_proxy
2016-06-20 00:00:00+00:00,NQ,gap,info_session_or_outage,gap of 3 days 00:00:00 (expected 1 days 00:00:00),parent_proxy
2016-06-27 00:00:00+00:00,NQ,gap,info_session_or_outage,gap of 3 days 00:00:00 (expected 1 days 00:00:00),parent_proxy
2016-07-05 00:00:00+00:00,NQ,gap,info_session_or_outage,gap of 4 days 00:00:00 (expected 1 days 00:00:00),parent_proxy
2016-07-11 00:00:00+00:00,NQ,gap,info_session_or_outage,gap of 3 days 00:00:00 (expected 1 days 00:00:00),parent_proxy
2016-07-18 00:00:00+00:00,NQ,gap,info_session_or_outage,gap of 3 days 00:00:00 (expected 1 days 00:00:00),parent_proxy
2016-07-25 00:00:00+00:00,NQ,gap,info_session_or_outage,gap of 3 days 00:00:00 (expected 1 days 00:00:00),parent_proxy
2016-08-01 00:00:00+00:00,NQ,gap,info_session_or_outage,gap of 3 days 00:00:00 (expected 1 days 00:00:00),parent_proxy
2016-08-08 00:00:00+00:00,NQ,gap,info_session_or_outage,gap of 3 days 00:00:00 (expected 1 days 00:00:00),parent_proxy
2016-08-15 00:00:00+00:00,NQ,gap,info_session_or_outage,gap of 3 days 00:00:00 (expected 1 days 00:00:00),parent_proxy
2016-08-22 00:00:00+00:00,NQ,gap,info_session_or_outage,gap of 3 days 00:00:00 (expected 1 days 00:00:00),parent_proxy
2016-08-29 00:00:00+00:00,NQ,gap,info_session_or_outage,gap of 3 days 00:00:00 (expected 1 days 00:00:00),parent_proxy
2016-09-06 00:00:00+00:00,NQ,gap,info_session_or_outage,gap of 4 days 00:00:00 (expected 1 days 00:00:00),parent_proxy
2016-09-12 00:00:00+00:00,NQ,gap,info_session_or_outage,gap of 3 days 00:00:00 (expected 1 days 00:00:00),parent_proxy
2016-09-19 00:00:00+00:00,NQ,gap,info_session_or_outage,gap of 3 days 00:00:00 (expected 1 days 00:00:00),parent_proxy
2016-09-26 00:00:00+00:00,NQ,gap,info_session_or_outage,gap of 3 days 00:00:00 (expected 1 days 00:00:00),parent_proxy
2016-10-03 00:00:00+00:00,NQ,gap,info_session_or_outage,gap of 3 days 00:00:00 (expected 1 days 00:00:00),parent_proxy
2016-10-11 00:00:00+00:00,NQ,gap,info_session_or_outage,gap of 4 days 00:00:00 (expected 1 days 00:00:00),parent_proxy
2016-10-17 00:00:00+00:00,NQ,gap,info_session_or_outage,gap of 3 days 00:00:00 (expected 1 days 00:00:00),parent_proxy
2016-10-24 00:00:00+00:00,NQ,gap,info_session_or_outage,gap of 3 days 00:00:00 (expected 1 days 00:00:00),parent_proxy
2016-10-31 00:00:00+00:00,NQ,gap,info_session_or_outage,gap of 3 days 00:00:00 (expected 1 days 00:00:00),parent_proxy
2016-11-07 00:00:00+00:00,NQ,gap,info_session_or_outage,gap of 3 days 00:00:00 (expected 1 days 00:00:00),parent_proxy
2016-11-14 00:00:00+00:00,NQ,gap,info_session_or_outage,gap of 4 days 00:00:00 (expected 1 days 00:00:00),parent_proxy
2016-11-21 00:00:00+00:00,NQ,gap,info_session_or_outage,gap of 3 days 00:00:00 (expected 1 days 00:00:00),parent_proxy
2016-11-25 00:00:00+00:00,NQ,gap,info_session_or_outage,gap of 2 days 00:00:00 (expected 1 days 00:00:00),parent_proxy
2016-11-28 00:00:00+00:00,NQ,gap,info_session_or_outage,gap of 3 days 00:00:00 (expected 1 days 00:00:00),parent_proxy
2016-12-05 00:00:00+00:00,NQ,gap,info_session_or_outage,gap of 3 days 00:00:00 (expected 1 days 00:00:00),parent_proxy
2016-12-12 00:00:00+00:00,NQ,gap,info_session_or_outage,gap of 3 days 00:00:00 (expected 1 days 00:00:00),parent_proxy
2016-12-19 00:00:00+00:00,NQ,gap,info_session_or_outage,gap of 3 days 00:00:00 (expected 1 days 00:00:00),parent_proxy
2016-12-27 00:00:00+00:00,NQ,gap,info_session_or_outage,gap of 4 days 00:00:00 (expected 1 days 00:00:00),parent_proxy
2017-01-03 00:00:00+00:00,NQ,gap,info_session_or_outage,gap of 4 days 00:00:00 (expected 1 days 00:00:00),parent_proxy
2017-01-09 00:00:00+00:00,NQ,gap,info_session_or_outage,gap of 3 days 00:00:00 (expected 1 days 00:00:00),parent_proxy
2017-01-17 00:00:00+00:00,NQ,gap,info_session_or_outage,gap of 4 days 00:00:00 (expected 1 days 00:00:00),parent_proxy
2017-01-23 00:00:00+00:00,NQ,gap,info_session_or_outage,gap of 3 days 00:00:00 (expected 1 days 00:00:00),parent_proxy
2017-01-30 00:00:00+00:00,NQ,gap,info_session_or_outage,gap of 3 days 00:00:00 (expected 1 days 00:00:00),parent_proxy
2017-02-06 00:00:00+00:00,NQ,gap,info_session_or_outage,gap of 3 days 00:00:00 (expected 1 days 00:00:00),parent_proxy
2017-02-13 00:00:00+00:00,NQ,gap,info_session_or_outage,gap of 3 days 00:00:00 (expected 1 days 00:00:00),parent_proxy
2017-02-21 00:00:00+00:00,NQ,gap,info_session_or_outage,gap of 4 days 00:00:00 (expected 1 days 00:00:00),parent_proxy
2017-02-27 00:00:00+00:00,NQ,gap,info_session_or_outage,gap of 3 days 00:00:00 (expected 1 days 00:00:00),parent_proxy
2017-03-06 00:00:00+00:00,NQ,gap,info_session_or_outage,gap of 3 days 00:00:00 (expected 1 days 00:00:00),parent_proxy
2017-03-13 00:00:00+00:00,NQ,gap,info_session_or_outage,gap of 3 days 00:00:00 (expected 1 days 00:00:00),parent_proxy
2017-03-20 00:00:00+00:00,NQ,gap,info_session_or_outage,gap of 3 days 00:00:00 (expected 1 days 00:00:00),parent_proxy
2017-03-27 00:00:00+00:00,NQ,gap,info_session_or_outage,gap of 3 days 00:00:00 (expected 1 days 00:00:00),parent_proxy
2017-04-03 00:00:00+00:00,NQ,gap,info_session_or_outage,gap of 3 days 00:00:00 (expected 1 days 00:00:00),parent_proxy
2017-04-10 00:00:00+00:00,NQ,gap,info_session_or_outage,gap of 3 days 00:00:00 (expected 1 days 00:00:00),parent_proxy
2017-04-17 00:00:00+00:00,NQ,gap,info_session_or_outage,gap of 4 days 00:00:00 (expected 1 days 00:00:00),parent_proxy
2017-04-24 00:00:00+00:00,NQ,gap,info_session_or_outage,gap of 3 days 00:00:00 (expected 1 days 00:00:00),parent_proxy
2017-05-01 00:00:00+00:00,NQ,gap,info_session_or_outage,gap of 3 days 00:00:00 (expected 1 days 00:00:00),parent_proxy
2017-05-08 00:00:00+00:00,NQ,gap,info_session_or_outage,gap of 3 days 00:00:00 (expected 1 days 00:00:00),parent_proxy
2017-05-15 00:00:00+00:00,NQ,gap,info_session_or_outage,gap of 3 days 00:00:00 (expected 1 days 00:00:00),parent_proxy
2017-05-22 00:00:00+00:00,NQ,gap,info_session_or_outage,gap of 3 days 00:00:00 (expected 1 days 00:00:00),parent_proxy
2017-05-30 00:00:00+00:00,NQ,gap,info_session_or_outage,gap of 4 days 00:00:00 (expected 1 days 00:00:00),parent_proxy
2017-06-05 00:00:00+00:00,NQ,gap,info_session_or_outage,gap of 3 days 00:00:00 (expected 1 days 00:00:00),parent_proxy
2017-06-12 00:00:00+00:00,NQ,gap,info_session_or_outage,gap of 3 days 00:00:00 (expected 1 days 00:00:00),parent_proxy
2017-06-19 00:00:00+00:00,NQ,gap,info_session_or_outage,gap of 3 days 00:00:00 (expected 1 days 00:00:00),parent_proxy
2017-06-26 00:00:00+00:00,NQ,gap,info_session_or_outage,gap of 3 days 00:00:00 (expected 1 days 00:00:00),parent_proxy
2017-07-03 00:00:00+00:00,NQ,gap,info_session_or_outage,gap of 3 days 00:00:00 (expected 1 days 00:00:00),parent_proxy
2017-07-05 00:00:00+00:00,NQ,gap,info_session_or_outage,gap of 2 days 00:00:00 (expected 1 days 00:00:00),parent_proxy
2017-07-10 00:00:00+00:00,NQ,gap,info_session_or_outage,gap of 3 days 00:00:00 (expected 1 days 00:00:00),parent_proxy
2017-07-17 00:00:00+00:00,NQ,gap,info_session_or_outage,gap of 3 days 00:00:00 (expected 1 days 00:00:00),parent_proxy
2017-07-24 00:00:00+00:00,NQ,gap,info_session_or_outage,gap of 3 days 00:00:00 (expected 1 days 00:00:00),parent_proxy
2017-07-31 00:00:00+00:00,NQ,gap,info_session_or_outage,gap of 3 days 00:00:00 (expected 1 days 00:00:00),parent_proxy
2017-08-07 00:00:00+00:00,NQ,gap,info_session_or_outage,gap of 3 days 00:00:00 (expected 1 days 00:00:00),parent_proxy
2017-08-14 00:00:00+00:00,NQ,gap,info_session_or_outage,gap of 3 days 00:00:00 (expected 1 days 00:00:00),parent_proxy
2017-08-21 00:00:00+00:00,NQ,gap,info_session_or_outage,gap of 3 days 00:00:00 (expected 1 days 00:00:00),parent_proxy
2017-08-28 00:00:00+00:00,NQ,gap,info_session_or_outage,gap of 3 days 00:00:00 (expected 1 days 00:00:00),parent_proxy
2017-09-05 00:00:00+00:00,NQ,gap,info_session_or_outage,gap of 4 days 00:00:00 (expected 1 days 00:00:00),parent_proxy
2017-09-11 00:00:00+00:00,NQ,gap,info_session_or_outage,gap of 3 days 00:00:00 (expected 1 days 00:00:00),parent_proxy
2017-09-18 00:00:00+00:00,NQ,gap,info_session_or_outage,gap of 3 days 00:00:00 (expected 1 days 00:00:00),parent_proxy
2017-09-25 00:00:00+00:00,NQ,gap,info_session_or_outage,gap of 3 days 00:00:00 (expected 1 days 00:00:00),parent_proxy
2017-10-02 00:00:00+00:00,NQ,gap,info_session_or_outage,gap of 3 days 00:00:00 (expected 1 days 00:00:00),parent_proxy
2017-10-09 00:00:00+00:00,NQ,gap,info_session_or_outage,gap of 3 days 00:00:00 (expected 1 days 00:00:00),parent_proxy
2017-10-16 00:00:00+00:00,NQ,gap,info_session_or_outage,gap of 3 days 00:00:00 (expected 1 days 00:00:00),parent_proxy
2017-10-23 00:00:00+00:00,NQ,gap,info_session_or_outage,gap of 3 days 00:00:00 (expected 1 days 00:00:00),parent_proxy
2017-10-30 00:00:00+00:00,NQ,gap,info_session_or_outage,gap of 3 days 00:00:00 (expected 1 days 00:00:00),parent_proxy
2017-11-06 00:00:00+00:00,NQ,gap,info_session_or_outage,gap of 3 days 00:00:00 (expected 1 days 00:00:00),parent_proxy
2017-11-13 00:00:00+00:00,NQ,gap,info_session_or_outage,gap of 3 days 00:00:00 (expected 1 days 00:00:00),parent_proxy
2017-11-20 00:00:00+00:00,NQ,gap,info_session_or_outage,gap of 3 days 00:00:00 (expected 1 days 00:00:00),parent_proxy
2017-11-24 00:00:00+00:00,NQ,gap,info_session_or_outage,gap of 2 days 00:00:00 (expected 1 days 00:00:00),parent_proxy
2017-11-27 00:00:00+00:00,NQ,gap,info_session_or_outage,gap of 3 days 00:00:00 (expected 1 days 00:00:00),parent_proxy
2017-12-04 00:00:00+00:00,NQ,gap,info_session_or_outage,gap of 3 days 00:00:00 (expected 1 days 00:00:00),parent_proxy
2017-12-11 00:00:00+00:00,NQ,gap,info_session_or_outage,gap of 3 days 00:00:00 (expected 1 days 00:00:00),parent_proxy
2017-12-18 00:00:00+00:00,NQ,gap,info_session_or_outage,gap of 3 days 00:00:00 (expected 1 days 00:00:00),parent_proxy
2017-12-26 00:00:00+00:00,NQ,gap,info_session_or_outage,gap of 4 days 00:00:00 (expected 1 days 00:00:00),parent_proxy
2018-01-02 00:00:00+00:00,NQ,gap,info_session_or_outage,gap of 4 days 00:00:00 (expected 1 days 00:00:00),parent_proxy
2018-01-08 00:00:00+00:00,NQ,gap,info_session_or_outage,gap of 3 days 00:00:00 (expected 1 days 00:00:00),parent_proxy
2018-01-16 00:00:00+00:00,NQ,gap,info_session_or_outage,gap of 4 days 00:00:00 (expected 1 days 00:00:00),parent_proxy
2018-01-22 00:00:00+00:00,NQ,gap,info_session_or_outage,gap of 3 days 00:00:00 (expected 1 days 00:00:00),parent_proxy
2018-01-29 00:00:00+00:00,NQ,gap,info_session_or_outage,gap of 3 days 00:00:00 (expected 1 days 00:00:00),parent_proxy
2018-02-05 00:00:00+00:00,NQ,gap,info_session_or_outage,gap of 3 days 00:00:00 (expected 1 days 00:00:00),parent_proxy
2018-02-12 00:00:00+00:00,NQ,gap,info_session_or_outage,gap of 3 days 00:00:00 (expected 1 days 00:00:00),parent_proxy
2018-02-20 00:00:00+00:00,NQ,gap,info_session_or_outage,gap of 4 days 00:00:00 (expected 1 days 00:00:00),parent_proxy
2018-02-26 00:00:00+00:00,NQ,gap,info_session_or_outage,gap of 3 days 00:00:00 (expected 1 days 00:00:00),parent_proxy
2018-03-05 00:00:00+00:00,NQ,gap,info_session_or_outage,gap of 3 days 00:00:00 (expected 1 days 00:00:00),parent_proxy
2018-03-12 00:00:00+00:00,NQ,gap,info_session_or_outage,gap of 3 days 00:00:00 (expected 1 days 00:00:00),parent_proxy
2018-03-19 00:00:00+00:00,NQ,gap,info_session_or_outage,gap of 3 days 00:00:00 (expected 1 days 00:00:00),parent_proxy
2018-03-26 00:00:00+00:00,NQ,gap,info_session_or_outage,gap of 3 days 00:00:00 (expected 1 days 00:00:00),parent_proxy
2018-04-02 00:00:00+00:00,NQ,gap,info_session_or_outage,gap of 4 days 00:00:00 (expected 1 days 00:00:00),parent_proxy
2018-04-09 00:00:00+00:00,NQ,gap,info_session_or_outage,gap of 3 days 00:00:00 (expected 1 days 00:00:00),parent_proxy
2018-04-16 00:00:00+00:00,NQ,gap,info_session_or_outage,gap of 3 days 00:00:00 (expected 1 days 00:00:00),parent_proxy
2018-04-23 00:00:00+00:00,NQ,gap,info_session_or_outage,gap of 3 days 00:00:00 (expected 1 days 00:00:00),parent_proxy
2018-04-30 00:00:00+00:00,NQ,gap,info_session_or_outage,gap of 3 days 00:00:00 (expected 1 days 00:00:00),parent_proxy
2018-05-07 00:00:00+00:00,NQ,gap,info_session_or_outage,gap of 3 days 00:00:00 (expected 1 days 00:00:00),parent_proxy
2018-05-14 00:00:00+00:00,NQ,gap,info_session_or_outage,gap of 3 days 00:00:00 (expected 1 days 00:00:00),parent_proxy
2018-05-21 00:00:00+00:00,NQ,gap,info_session_or_outage,gap of 3 days 00:00:00 (expected 1 days 00:00:00),parent_proxy
2018-05-29 00:00:00+00:00,NQ,gap,info_session_or_outage,gap of 4 days 00:00:00 (expected 1 days 00:00:00),parent_proxy
2018-06-04 00:00:00+00:00,NQ,gap,info_session_or_outage,gap of 3 days 00:00:00 (expected 1 days 00:00:00),parent_proxy
2018-06-11 00:00:00+00:00,NQ,gap,info_session_or_outage,gap of 3 days 00:00:00 (expected 1 days 00:00:00),parent_proxy
2018-06-18 00:00:00+00:00,NQ,gap,info_session_or_outage,gap of 3 days 00:00:00 (expected 1 days 00:00:00),parent_proxy
2018-06-25 00:00:00+00:00,NQ,gap,info_session_or_outage,gap of 3 days 00:00:00 (expected 1 days 00:00:00),parent_proxy
2018-07-02 00:00:00+00:00,NQ,gap,info_session_or_outage,gap of 3 days 00:00:00 (expected 1 days 00:00:00),parent_proxy
2018-07-05 00:00:00+00:00,NQ,gap,info_session_or_outage,gap of 2 days 00:00:00 (expected 1 days 00:00:00),parent_proxy
2018-07-09 00:00:00+00:00,NQ,gap,info_session_or_outage,gap of 3 days 00:00:00 (expected 1 days 00:00:00),parent_proxy
2018-07-16 00:00:00+00:00,NQ,gap,info_session_or_outage,gap of 3 days 00:00:00 (expected 1 days 00:00:00),parent_proxy
2018-07-23 00:00:00+00:00,NQ,gap,info_session_or_outage,gap of 3 days 00:00:00 (expected 1 days 00:00:00),parent_proxy
2018-07-30 00:00:00+00:00,NQ,gap,info_session_or_outage,gap of 3 days 00:00:00 (expected 1 days 00:00:00),parent_proxy
2018-08-06 00:00:00+00:00,NQ,gap,info_session_or_outage,gap of 3 days 00:00:00 (expected 1 days 00:00:00),parent_proxy
2018-08-13 00:00:00+00:00,NQ,gap,info_session_or_outage,gap of 3 days 00:00:00 (expected 1 days 00:00:00),parent_proxy
2018-08-20 00:00:00+00:00,NQ,gap,info_session_or_outage,gap of 3 days 00:00:00 (expected 1 days 00:00:00),parent_proxy
2018-08-27 00:00:00+00:00,NQ,gap,info_session_or_outage,gap of 3 days 00:00:00 (expected 1 days 00:00:00),parent_proxy
2018-09-04 00:00:00+00:00,NQ,gap,info_session_or_outage,gap of 4 days 00:00:00 (expected 1 days 00:00:00),parent_proxy
2018-09-10 00:00:00+00:00,NQ,gap,info_session_or_outage,gap of 3 days 00:00:00 (expected 1 days 00:00:00),parent_proxy
2018-09-17 00:00:00+00:00,NQ,gap,info_session_or_outage,gap of 3 days 00:00:00 (expected 1 days 00:00:00),parent_proxy
2018-09-24 00:00:00+00:00,NQ,gap,info_session_or_outage,gap of 3 days 00:00:00 (expected 1 days 00:00:00),parent_proxy
2018-10-01 00:00:00+00:00,NQ,gap,info_session_or_outage,gap of 3 days 00:00:00 (expected 1 days 00:00:00),parent_proxy
2018-10-08 00:00:00+00:00,NQ,gap,info_session_or_outage,gap of 3 days 00:00:00 (expected 1 days 00:00:00),parent_proxy
2018-10-15 00:00:00+00:00,NQ,gap,info_session_or_outage,gap of 3 days 00:00:00 (expected 1 days 00:00:00),parent_proxy
2018-10-22 00:00:00+00:00,NQ,gap,info_session_or_outage,gap of 3 days 00:00:00 (expected 1 days 00:00:00),parent_proxy
2018-10-29 00:00:00+00:00,NQ,gap,info_session_or_outage,gap of 3 days 00:00:00 (expected 1 days 00:00:00),parent_proxy
2018-11-05 00:00:00+00:00,NQ,gap,info_session_or_outage,gap of 3 days 00:00:00 (expected 1 days 00:00:00),parent_proxy
2018-11-12 00:00:00+00:00,NQ,gap,info_session_or_outage,gap of 3 days 00:00:00 (expected 1 days 00:00:00),parent_proxy
2018-11-19 00:00:00+00:00,NQ,gap,info_session_or_outage,gap of 3 days 00:00:00 (expected 1 days 00:00:00),parent_proxy
2018-11-23 00:00:00+00:00,NQ,gap,info_session_or_outage,gap of 2 days 00:00:00 (expected 1 days 00:00:00),parent_proxy
2018-11-26 00:00:00+00:00,NQ,gap,info_session_or_outage,gap of 3 days 00:00:00 (expected 1 days 00:00:00),parent_proxy
2018-12-03 00:00:00+00:00,NQ,gap,info_session_or_outage,gap of 3 days 00:00:00 (expected 1 days 00:00:00),parent_proxy
2018-12-06 00:00:00+00:00,NQ,gap,info_session_or_outage,gap of 2 days 00:00:00 (expected 1 days 00:00:00),parent_proxy
2018-12-10 00:00:00+00:00,NQ,gap,info_session_or_outage,gap of 3 days 00:00:00 (expected 1 days 00:00:00),parent_proxy
2018-12-17 00:00:00+00:00,NQ,gap,info_session_or_outage,gap of 3 days 00:00:00 (expected 1 days 00:00:00),parent_proxy
2018-12-24 00:00:00+00:00,NQ,gap,info_session_or_outage,gap of 3 days 00:00:00 (expected 1 days 00:00:00),parent_proxy
2018-12-26 00:00:00+00:00,NQ,gap,info_session_or_outage,gap of 2 days 00:00:00 (expected 1 days 00:00:00),parent_proxy
2018-12-31 00:00:00+00:00,NQ,gap,info_session_or_outage,gap of 3 days 00:00:00 (expected 1 days 00:00:00),parent_proxy
2019-01-02 00:00:00+00:00,NQ,gap,info_session_or_outage,gap of 2 days 00:00:00 (expected 1 days 00:00:00),parent_proxy
2019-01-07 00:00:00+00:00,NQ,gap,info_session_or_outage,gap of 3 days 00:00:00 (expected 1 days 00:00:00),parent_proxy
2019-01-14 00:00:00+00:00,NQ,gap,info_session_or_outage,gap of 3 days 00:00:00 (expected 1 days 00:00:00),parent_proxy
2019-01-22 00:00:00+00:00,NQ,gap,info_session_or_outage,gap of 4 days 00:00:00 (expected 1 days 00:00:00),parent_proxy
2019-01-28 00:00:00+00:00,NQ,gap,info_session_or_outage,gap of 3 days 00:00:00 (expected 1 days 00:00:00),parent_proxy
2019-02-04 00:00:00+00:00,NQ,gap,info_session_or_outage,gap of 3 days 00:00:00 (expected 1 days 00:00:00),parent_proxy
2019-02-11 00:00:00+00:00,NQ,gap,info_session_or_outage,gap of 3 days 00:00:00 (expected 1 days 00:00:00),parent_proxy
2019-02-19 00:00:00+00:00,NQ,gap,info_session_or_outage,gap of 4 days 00:00:00 (expected 1 days 00:00:00),parent_proxy
2019-02-25 00:00:00+00:00,NQ,gap,info_session_or_outage,gap of 3 days 00:00:00 (expected 1 days 00:00:00),parent_proxy
2019-03-04 00:00:00+00:00,NQ,gap,info_session_or_outage,gap of 3 days 00:00:00 (expected 1 days 00:00:00),parent_proxy
2019-03-11 00:00:00+00:00,NQ,gap,info_session_or_outage,gap of 3 days 00:00:00 (expected 1 days 00:00:00),parent_proxy
2019-03-18 00:00:00+00:00,NQ,gap,info_session_or_outage,gap of 3 days 00:00:00 (expected 1 days 00:00:00),parent_proxy
2019-03-25 00:00:00+00:00,NQ,gap,info_session_or_outage,gap of 3 days 00:00:00 (expected 1 days 00:00:00),parent_proxy
2019-04-01 00:00:00+00:00,NQ,gap,info_session_or_outage,gap of 3 days 00:00:00 (expected 1 days 00:00:00),parent_proxy
2019-04-08 00:00:00+00:00,NQ,gap,info_session_or_outage,gap of 3 days 00:00:00 (expected 1 days 00:00:00),parent_proxy
2019-04-15 00:00:00+00:00,NQ,gap,info_session_or_outage,gap of 3 days 00:00:00 (expected 1 days 00:00:00),parent_proxy
2019-04-22 00:00:00+00:00,NQ,gap,info_session_or_outage,gap of 4 days 00:00:00 (expected 1 days 00:00:00),parent_proxy
2019-04-29 00:00:00+00:00,NQ,gap,info_session_or_outage,gap of 3 days 00:00:00 (expected 1 days 00:00:00),parent_proxy
2019-05-06 00:00:00+00:00,NQ,gap,info_session_or_outage,gap of 3 days 00:00:00 (expected 1 days 00:00:00),parent_proxy
2019-05-13 00:00:00+00:00,NQ,gap,info_session_or_outage,gap of 3 days 00:00:00 (expected 1 days 00:00:00),parent_proxy
2019-05-20 00:00:00+00:00,NQ,gap,info_session_or_outage,gap of 3 days 00:00:00 (expected 1 days 00:00:00),parent_proxy
2019-05-28 00:00:00+00:00,NQ,gap,info_session_or_outage,gap of 4 days 00:00:00 (expected 1 days 00:00:00),parent_proxy
2019-06-03 00:00:00+00:00,NQ,gap,info_session_or_outage,gap of 3 days 00:00:00 (expected 1 days 00:00:00),parent_proxy
2019-06-10 00:00:00+00:00,NQ,gap,info_session_or_outage,gap of 3 days 00:00:00 (expected 1 days 00:00:00),parent_proxy
2019-06-17 00:00:00+00:00,NQ,gap,info_session_or_outage,gap of 3 days 00:00:00 (expected 1 days 00:00:00),parent_proxy
2019-06-24 00:00:00+00:00,NQ,gap,info_session_or_outage,gap of 3 days 00:00:00 (expected 1 days 00:00:00),parent_proxy
2019-07-01 00:00:00+00:00,NQ,gap,info_session_or_outage,gap of 3 days 00:00:00 (expected 1 days 00:00:00),parent_proxy
2019-07-05 00:00:00+00:00,NQ,gap,info_session_or_outage,gap of 2 days 00:00:00 (expected 1 days 00:00:00),parent_proxy
2019-07-08 00:00:00+00:00,NQ,gap,info_session_or_outage,gap of 3 days 00:00:00 (expected 1 days 00:00:00),parent_proxy
2019-07-15 00:00:00+00:00,NQ,gap,info_session_or_outage,gap of 3 days 00:00:00 (expected 1 days 00:00:00),parent_proxy
2019-07-22 00:00:00+00:00,NQ,gap,info_session_or_outage,gap of 3 days 00:00:00 (expected 1 days 00:00:00),parent_proxy
2019-07-29 00:00:00+00:00,NQ,gap,info_session_or_outage,gap of 3 days 00:00:00 (expected 1 days 00:00:00),parent_proxy
2019-08-05 00:00:00+00:00,NQ,gap,info_session_or_outage,gap of 3 days 00:00:00 (expected 1 days 00:00:00),parent_proxy
2019-08-12 00:00:00+00:00,NQ,gap,info_session_or_outage,gap of 3 days 00:00:00 (expected 1 days 00:00:00),parent_proxy
2019-08-19 00:00:00+00:00,NQ,gap,info_session_or_outage,gap of 3 days 00:00:00 (expected 1 days 00:00:00),parent_proxy
2019-08-26 00:00:00+00:00,NQ,gap,info_session_or_outage,gap of 3 days 00:00:00 (expected 1 days 00:00:00),parent_proxy
2019-09-03 00:00:00+00:00,NQ,gap,info_session_or_outage,gap of 4 days 00:00:00 (expected 1 days 00:00:00),parent_proxy
2019-09-09 00:00:00+00:00,NQ,gap,info_session_or_outage,gap of 3 days 00:00:00 (expected 1 days 00:00:00),parent_proxy
2019-09-16 00:00:00+00:00,NQ,gap,info_session_or_outage,gap of 3 days 00:00:00 (expected 1 days 00:00:00),parent_proxy
2019-09-23 00:00:00+00:00,NQ,gap,info_session_or_outage,gap of 3 days 00:00:00 (expected 1 days 00:00:00),parent_proxy
2019-09-30 00:00:00+00:00,NQ,gap,info_session_or_outage,gap of 3 days 00:00:00 (expected 1 days 00:00:00),parent_proxy
2019-10-07 00:00:00+00:00,NQ,gap,info_session_or_outage,gap of 3 days 00:00:00 (expected 1 days 00:00:00),parent_proxy
2019-10-14 00:00:00+00:00,NQ,gap,info_session_or_outage,gap of 3 days 00:00:00 (expected 1 days 00:00:00),parent_proxy
2019-10-21 00:00:00+00:00,NQ,gap,info_session_or_outage,gap of 3 days 00:00:00 (expected 1 days 00:00:00),parent_proxy
2019-10-28 00:00:00+00:00,NQ,gap,info_session_or_outage,gap of 3 days 00:00:00 (expected 1 days 00:00:00),parent_proxy
2019-11-04 00:00:00+00:00,NQ,gap,info_session_or_outage,gap of 3 days 00:00:00 (expected 1 days 00:00:00),parent_proxy
2019-11-11 00:00:00+00:00,NQ,gap,info_session_or_outage,gap of 3 days 00:00:00 (expected 1 days 00:00:00),parent_proxy
2019-11-18 00:00:00+00:00,NQ,gap,info_session_or_outage,gap of 3 days 00:00:00 (expected 1 days 00:00:00),parent_proxy
2019-11-25 00:00:00+00:00,NQ,gap,info_session_or_outage,gap of 3 days 00:00:00 (expected 1 days 00:00:00),parent_proxy
2019-11-29 00:00:00+00:00,NQ,gap,info_session_or_outage,gap of 2 days 00:00:00 (expected 1 days 00:00:00),parent_proxy
2019-12-02 00:00:00+00:00,NQ,gap,info_session_or_outage,gap of 3 days 00:00:00 (expected 1 days 00:00:00),parent_proxy
2019-12-09 00:00:00+00:00,NQ,gap,info_session_or_outage,gap of 3 days 00:00:00 (expected 1 days 00:00:00),parent_proxy
2019-12-16 00:00:00+00:00,NQ,gap,info_session_or_outage,gap of 3 days 00:00:00 (expected 1 days 00:00:00),parent_proxy
2019-12-23 00:00:00+00:00,NQ,gap,info_session_or_outage,gap of 3 days 00:00:00 (expected 1 days 00:00:00),parent_proxy
2019-12-26 00:00:00+00:00,NQ,gap,info_session_or_outage,gap of 2 days 00:00:00 (expected 1 days 00:00:00),parent_proxy
2019-12-30 00:00:00+00:00,NQ,gap,info_session_or_outage,gap of 3 days 00:00:00 (expected 1 days 00:00:00),parent_proxy
2020-01-02 00:00:00+00:00,NQ,gap,info_session_or_outage,gap of 2 days 00:00:00 (expected 1 days 00:00:00),parent_proxy
2020-01-06 00:00:00+00:00,NQ,gap,info_session_or_outage,gap of 3 days 00:00:00 (expected 1 days 00:00:00),parent_proxy
2020-01-13 00:00:00+00:00,NQ,gap,info_session_or_outage,gap of 3 days 00:00:00 (expected 1 days 00:00:00),parent_proxy
2020-01-21 00:00:00+00:00,NQ,gap,info_session_or_outage,gap of 4 days 00:00:00 (expected 1 days 00:00:00),parent_proxy
2020-01-27 00:00:00+00:00,NQ,gap,info_session_or_outage,gap of 3 days 00:00:00 (expected 1 days 00:00:00),parent_proxy
2020-02-03 00:00:00+00:00,NQ,gap,info_session_or_outage,gap of 3 days 00:00:00 (expected 1 days 00:00:00),parent_proxy
2020-02-10 00:00:00+00:00,NQ,gap,info_session_or_outage,gap of 3 days 00:00:00 (expected 1 days 00:00:00),parent_proxy
2020-02-18 00:00:00+00:00,NQ,gap,info_session_or_outage,gap of 4 days 00:00:00 (expected 1 days 00:00:00),parent_proxy
2020-02-24 00:00:00+00:00,NQ,gap,info_session_or_outage,gap of 3 days 00:00:00 (expected 1 days 00:00:00),parent_proxy
2020-03-02 00:00:00+00:00,NQ,gap,info_session_or_outage,gap of 3 days 00:00:00 (expected 1 days 00:00:00),parent_proxy
2020-03-09 00:00:00+00:00,NQ,gap,info_session_or_outage,gap of 3 days 00:00:00 (expected 1 days 00:00:00),parent_proxy
2020-03-16 00:00:00+00:00,NQ,gap,info_session_or_outage,gap of 3 days 00:00:00 (expected 1 days 00:00:00),parent_proxy
2020-03-23 00:00:00+00:00,NQ,gap,info_session_or_outage,gap of 3 days 00:00:00 (expected 1 days 00:00:00),parent_proxy
2020-03-30 00:00:00+00:00,NQ,gap,info_session_or_outage,gap of 3 days 00:00:00 (expected 1 days 00:00:00),parent_proxy
2020-04-06 00:00:00+00:00,NQ,gap,info_session_or_outage,gap of 3 days 00:00:00 (expected 1 days 00:00:00),parent_proxy
2020-04-13 00:00:00+00:00,NQ,gap,info_session_or_outage,gap of 4 days 00:00:00 (expected 1 days 00:00:00),parent_proxy
2020-04-20 00:00:00+00:00,NQ,gap,info_session_or_outage,gap of 3 days 00:00:00 (expected 1 days 00:00:00),parent_proxy
2020-04-27 00:00:00+00:00,NQ,gap,info_session_or_outage,gap of 3 days 00:00:00 (expected 1 days 00:00:00),parent_proxy
2020-05-04 00:00:00+00:00,NQ,gap,info_session_or_outage,gap of 3 days 00:00:00 (expected 1 days 00:00:00),parent_proxy
2020-05-11 00:00:00+00:00,NQ,gap,info_session_or_outage,gap of 3 days 00:00:00 (expected 1 days 00:00:00),parent_proxy
2020-05-18 00:00:00+00:00,NQ,gap,info_session_or_outage,gap of 3 days 00:00:00 (expected 1 days 00:00:00),parent_proxy
2020-05-26 00:00:00+00:00,NQ,gap,info_session_or_outage,gap of 4 days 00:00:00 (expected 1 days 00:00:00),parent_proxy
2020-06-01 00:00:00+00:00,NQ,gap,info_session_or_outage,gap of 3 days 00:00:00 (expected 1 days 00:00:00),parent_proxy
2020-06-08 00:00:00+00:00,NQ,gap,info_session_or_outage,gap of 3 days 00:00:00 (expected 1 days 00:00:00),parent_proxy
2020-06-15 00:00:00+00:00,NQ,gap,info_session_or_outage,gap of 3 days 00:00:00 (expected 1 days 00:00:00),parent_proxy
2020-06-22 00:00:00+00:00,NQ,gap,info_session_or_outage,gap of 3 days 00:00:00 (expected 1 days 00:00:00),parent_proxy
2020-06-29 00:00:00+00:00,NQ,gap,info_session_or_outage,gap of 3 days 00:00:00 (expected 1 days 00:00:00),parent_proxy
2020-07-06 00:00:00+00:00,NQ,gap,info_session_or_outage,gap of 4 days 00:00:00 (expected 1 days 00:00:00),parent_proxy
2020-07-13 00:00:00+00:00,NQ,gap,info_session_or_outage,gap of 3 days 00:00:00 (expected 1 days 00:00:00),parent_proxy
2020-07-20 00:00:00+00:00,NQ,gap,info_session_or_outage,gap of 3 days 00:00:00 (expected 1 days 00:00:00),parent_proxy
2020-07-27 00:00:00+00:00,NQ,gap,info_session_or_outage,gap of 3 days 00:00:00 (expected 1 days 00:00:00),parent_proxy
2020-08-03 00:00:00+00:00,NQ,gap,info_session_or_outage,gap of 3 days 00:00:00 (expected 1 days 00:00:00),parent_proxy
2020-08-10 00:00:00+00:00,NQ,gap,info_session_or_outage,gap of 3 days 00:00:00 (expected 1 days 00:00:00),parent_proxy
2020-08-17 00:00:00+00:00,NQ,gap,info_session_or_outage,gap of 3 days 00:00:00 (expected 1 days 00:00:00),parent_proxy
2020-08-24 00:00:00+00:00,NQ,gap,info_session_or_outage,gap of 3 days 00:00:00 (expected 1 days 00:00:00),parent_proxy
2020-08-31 00:00:00+00:00,NQ,gap,info_session_or_outage,gap of 3 days 00:00:00 (expected 1 days 00:00:00),parent_proxy
2020-09-08 00:00:00+00:00,NQ,gap,info_session_or_outage,gap of 4 days 00:00:00 (expected 1 days 00:00:00),parent_proxy
2020-09-14 00:00:00+00:00,NQ,gap,info_session_or_outage,gap of 3 days 00:00:00 (expected 1 days 00:00:00),parent_proxy
2020-09-21 00:00:00+00:00,NQ,gap,info_session_or_outage,gap of 3 days 00:00:00 (expected 1 days 00:00:00),parent_proxy
2020-09-28 00:00:00+00:00,NQ,gap,info_session_or_outage,gap of 3 days 00:00:00 (expected 1 days 00:00:00),parent_proxy
2020-10-05 00:00:00+00:00,NQ,gap,info_session_or_outage,gap of 3 days 00:00:00 (expected 1 days 00:00:00),parent_proxy
2020-10-12 00:00:00+00:00,NQ,gap,info_session_or_outage,gap of 3 days 00:00:00 (expected 1 days 00:00:00),parent_proxy
2020-10-19 00:00:00+00:00,NQ,gap,info_session_or_outage,gap of 3 days 00:00:00 (expected 1 days 00:00:00),parent_proxy
2020-10-26 00:00:00+00:00,NQ,gap,info_session_or_outage,gap of 3 days 00:00:00 (expected 1 days 00:00:00),parent_proxy
2020-11-02 00:00:00+00:00,NQ,gap,info_session_or_outage,gap of 3 days 00:00:00 (expected 1 days 00:00:00),parent_proxy
2020-11-09 00:00:00+00:00,NQ,gap,info_session_or_outage,gap of 3 days 00:00:00 (expected 1 days 00:00:00),parent_proxy
2020-11-16 00:00:00+00:00,NQ,gap,info_session_or_outage,gap of 3 days 00:00:00 (expected 1 days 00:00:00),parent_proxy
2020-11-23 00:00:00+00:00,NQ,gap,info_session_or_outage,gap of 3 days 00:00:00 (expected 1 days 00:00:00),parent_proxy
2020-11-27 00:00:00+00:00,NQ,gap,info_session_or_outage,gap of 2 days 00:00:00 (expected 1 days 00:00:00),parent_proxy
2020-11-30 00:00:00+00:00,NQ,gap,info_session_or_outage,gap of 3 days 00:00:00 (expected 1 days 00:00:00),parent_proxy
2020-12-07 00:00:00+00:00,NQ,gap,info_session_or_outage,gap of 3 days 00:00:00 (expected 1 days 00:00:00),parent_proxy
2020-12-14 00:00:00+00:00,NQ,gap,info_session_or_outage,gap of 3 days 00:00:00 (expected 1 days 00:00:00),parent_proxy
2020-12-21 00:00:00+00:00,NQ,gap,info_session_or_outage,gap of 3 days 00:00:00 (expected 1 days 00:00:00),parent_proxy
2020-12-28 00:00:00+00:00,NQ,gap,info_session_or_outage,gap of 4 days 00:00:00 (expected 1 days 00:00:00),parent_proxy
2021-01-04 00:00:00+00:00,NQ,gap,info_session_or_outage,gap of 4 days 00:00:00 (expected 1 days 00:00:00),parent_proxy
2021-01-11 00:00:00+00:00,NQ,gap,info_session_or_outage,gap of 3 days 00:00:00 (expected 1 days 00:00:00),parent_proxy
2021-01-19 00:00:00+00:00,NQ,gap,info_session_or_outage,gap of 4 days 00:00:00 (expected 1 days 00:00:00),parent_proxy
2021-01-25 00:00:00+00:00,NQ,gap,info_session_or_outage,gap of 3 days 00:00:00 (expected 1 days 00:00:00),parent_proxy
2021-02-01 00:00:00+00:00,NQ,gap,info_session_or_outage,gap of 3 days 00:00:00 (expected 1 days 00:00:00),parent_proxy
2021-02-08 00:00:00+00:00,NQ,gap,info_session_or_outage,gap of 3 days 00:00:00 (expected 1 days 00:00:00),parent_proxy
2021-02-16 00:00:00+00:00,NQ,gap,info_session_or_outage,gap of 4 days 00:00:00 (expected 1 days 00:00:00),parent_proxy
2021-02-22 00:00:00+00:00,NQ,gap,info_session_or_outage,gap of 3 days 00:00:00 (expected 1 days 00:00:00),parent_proxy
2021-03-01 00:00:00+00:00,NQ,gap,info_session_or_outage,gap of 3 days 00:00:00 (expected 1 days 00:00:00),parent_proxy
2021-03-08 00:00:00+00:00,NQ,gap,info_session_or_outage,gap of 3 days 00:00:00 (expected 1 days 00:00:00),parent_proxy
2021-03-15 00:00:00+00:00,NQ,gap,info_session_or_outage,gap of 3 days 00:00:00 (expected 1 days 00:00:00),parent_proxy
2021-03-22 00:00:00+00:00,NQ,gap,info_session_or_outage,gap of 3 days 00:00:00 (expected 1 days 00:00:00),parent_proxy
2021-03-29 00:00:00+00:00,NQ,gap,info_session_or_outage,gap of 3 days 00:00:00 (expected 1 days 00:00:00),parent_proxy
2021-04-05 00:00:00+00:00,NQ,gap,info_session_or_outage,gap of 4 days 00:00:00 (expected 1 days 00:00:00),parent_proxy
2021-04-12 00:00:00+00:00,NQ,gap,info_session_or_outage,gap of 3 days 00:00:00 (expected 1 days 00:00:00),parent_proxy
2021-04-19 00:00:00+00:00,NQ,gap,info_session_or_outage,gap of 3 days 00:00:00 (expected 1 days 00:00:00),parent_proxy
2021-04-26 00:00:00+00:00,NQ,gap,info_session_or_outage,gap of 3 days 00:00:00 (expected 1 days 00:00:00),parent_proxy
2021-05-03 00:00:00+00:00,NQ,gap,info_session_or_outage,gap of 3 days 00:00:00 (expected 1 days 00:00:00),parent_proxy
2021-05-10 00:00:00+00:00,NQ,gap,info_session_or_outage,gap of 3 days 00:00:00 (expected 1 days 00:00:00),parent_proxy
2021-05-17 00:00:00+00:00,NQ,gap,info_session_or_outage,gap of 3 days 00:00:00 (expected 1 days 00:00:00),parent_proxy
2021-05-24 00:00:00+00:00,NQ,gap,info_session_or_outage,gap of 3 days 00:00:00 (expected 1 days 00:00:00),parent_proxy
2021-06-01 00:00:00+00:00,NQ,gap,info_session_or_outage,gap of 4 days 00:00:00 (expected 1 days 00:00:00),parent_proxy
2021-06-07 00:00:00+00:00,NQ,gap,info_session_or_outage,gap of 3 days 00:00:00 (expected 1 days 00:00:00),parent_proxy
2021-06-14 00:00:00+00:00,NQ,gap,info_session_or_outage,gap of 3 days 00:00:00 (expected 1 days 00:00:00),parent_proxy
2021-06-21 00:00:00+00:00,NQ,gap,info_session_or_outage,gap of 3 days 00:00:00 (expected 1 days 00:00:00),parent_proxy
2021-06-28 00:00:00+00:00,NQ,gap,info_session_or_outage,gap of 3 days 00:00:00 (expected 1 days 00:00:00),parent_proxy
2021-07-06 00:00:00+00:00,NQ,gap,info_session_or_outage,gap of 4 days 00:00:00 (expected 1 days 00:00:00),parent_proxy
2021-07-12 00:00:00+00:00,NQ,gap,info_session_or_outage,gap of 3 days 00:00:00 (expected 1 days 00:00:00),parent_proxy
2021-07-19 00:00:00+00:00,NQ,gap,info_session_or_outage,gap of 3 days 00:00:00 (expected 1 days 00:00:00),parent_proxy
2021-07-26 00:00:00+00:00,NQ,gap,info_session_or_outage,gap of 3 days 00:00:00 (expected 1 days 00:00:00),parent_proxy
2021-08-02 00:00:00+00:00,NQ,gap,info_session_or_outage,gap of 3 days 00:00:00 (expected 1 days 00:00:00),parent_proxy
2021-08-09 00:00:00+00:00,NQ,gap,info_session_or_outage,gap of 3 days 00:00:00 (expected 1 days 00:00:00),parent_proxy
2021-08-16 00:00:00+00:00,NQ,gap,info_session_or_outage,gap of 3 days 00:00:00 (expected 1 days 00:00:00),parent_proxy
2021-08-23 00:00:00+00:00,NQ,gap,info_session_or_outage,gap of 3 days 00:00:00 (expected 1 days 00:00:00),parent_proxy
2021-08-30 00:00:00+00:00,NQ,gap,info_session_or_outage,gap of 3 days 00:00:00 (expected 1 days 00:00:00),parent_proxy
2021-09-07 00:00:00+00:00,NQ,gap,info_session_or_outage,gap of 4 days 00:00:00 (expected 1 days 00:00:00),parent_proxy
2021-09-13 00:00:00+00:00,NQ,gap,info_session_or_outage,gap of 3 days 00:00:00 (expected 1 days 00:00:00),parent_proxy
2021-09-20 00:00:00+00:00,NQ,gap,info_session_or_outage,gap of 3 days 00:00:00 (expected 1 days 00:00:00),parent_proxy
2021-09-27 00:00:00+00:00,NQ,gap,info_session_or_outage,gap of 3 days 00:00:00 (expected 1 days 00:00:00),parent_proxy
2021-10-04 00:00:00+00:00,NQ,gap,info_session_or_outage,gap of 3 days 00:00:00 (expected 1 days 00:00:00),parent_proxy
2021-10-11 00:00:00+00:00,NQ,gap,info_session_or_outage,gap of 3 days 00:00:00 (expected 1 days 00:00:00),parent_proxy
2021-10-18 00:00:00+00:00,NQ,gap,info_session_or_outage,gap of 3 days 00:00:00 (expected 1 days 00:00:00),parent_proxy
2021-10-25 00:00:00+00:00,NQ,gap,info_session_or_outage,gap of 3 days 00:00:00 (expected 1 days 00:00:00),parent_proxy
2021-11-01 00:00:00+00:00,NQ,gap,info_session_or_outage,gap of 3 days 00:00:00 (expected 1 days 00:00:00),parent_proxy
2021-11-08 00:00:00+00:00,NQ,gap,info_session_or_outage,gap of 3 days 00:00:00 (expected 1 days 00:00:00),parent_proxy
2021-11-15 00:00:00+00:00,NQ,gap,info_session_or_outage,gap of 3 days 00:00:00 (expected 1 days 00:00:00),parent_proxy
2021-11-22 00:00:00+00:00,NQ,gap,info_session_or_outage,gap of 3 days 00:00:00 (expected 1 days 00:00:00),parent_proxy
2021-11-26 00:00:00+00:00,NQ,gap,info_session_or_outage,gap of 2 days 00:00:00 (expected 1 days 00:00:00),parent_proxy
2021-11-29 00:00:00+00:00,NQ,gap,info_session_or_outage,gap of 3 days 00:00:00 (expected 1 days 00:00:00),parent_proxy
2021-12-06 00:00:00+00:00,NQ,gap,info_session_or_outage,gap of 3 days 00:00:00 (expected 1 days 00:00:00),parent_proxy
2021-12-13 00:00:00+00:00,NQ,gap,info_session_or_outage,gap of 3 days 00:00:00 (expected 1 days 00:00:00),parent_proxy
2021-12-20 00:00:00+00:00,NQ,gap,info_session_or_outage,gap of 3 days 00:00:00 (expected 1 days 00:00:00),parent_proxy
2021-12-27 00:00:00+00:00,NQ,gap,info_session_or_outage,gap of 4 days 00:00:00 (expected 1 days 00:00:00),parent_proxy
2022-01-03 00:00:00+00:00,NQ,gap,info_session_or_outage,gap of 3 days 00:00:00 (expected 1 days 00:00:00),parent_proxy
2022-01-10 00:00:00+00:00,NQ,gap,info_session_or_outage,gap of 3 days 00:00:00 (expected 1 days 00:00:00),parent_proxy
2022-01-18 00:00:00+00:00,NQ,gap,info_session_or_outage,gap of 4 days 00:00:00 (expected 1 days 00:00:00),parent_proxy
2022-01-24 00:00:00+00:00,NQ,gap,info_session_or_outage,gap of 3 days 00:00:00 (expected 1 days 00:00:00),parent_proxy
2022-01-31 00:00:00+00:00,NQ,gap,info_session_or_outage,gap of 3 days 00:00:00 (expected 1 days 00:00:00),parent_proxy
2022-02-07 00:00:00+00:00,NQ,gap,info_session_or_outage,gap of 3 days 00:00:00 (expected 1 days 00:00:00),parent_proxy
2022-02-14 00:00:00+00:00,NQ,gap,info_session_or_outage,gap of 3 days 00:00:00 (expected 1 days 00:00:00),parent_proxy
2022-02-22 00:00:00+00:00,NQ,gap,info_session_or_outage,gap of 4 days 00:00:00 (expected 1 days 00:00:00),parent_proxy
2022-02-28 00:00:00+00:00,NQ,gap,info_session_or_outage,gap of 3 days 00:00:00 (expected 1 days 00:00:00),parent_proxy
2022-03-07 00:00:00+00:00,NQ,gap,info_session_or_outage,gap of 3 days 00:00:00 (expected 1 days 00:00:00),parent_proxy
2022-03-14 00:00:00+00:00,NQ,gap,info_session_or_outage,gap of 3 days 00:00:00 (expected 1 days 00:00:00),parent_proxy
2022-03-21 00:00:00+00:00,NQ,gap,info_session_or_outage,gap of 3 days 00:00:00 (expected 1 days 00:00:00),parent_proxy
2022-03-28 00:00:00+00:00,NQ,gap,info_session_or_outage,gap of 3 days 00:00:00 (expected 1 days 00:00:00),parent_proxy
2022-04-04 00:00:00+00:00,NQ,gap,info_session_or_outage,gap of 3 days 00:00:00 (expected 1 days 00:00:00),parent_proxy
2022-04-11 00:00:00+00:00,NQ,gap,info_session_or_outage,gap of 3 days 00:00:00 (expected 1 days 00:00:00),parent_proxy
2022-04-18 00:00:00+00:00,NQ,gap,info_session_or_outage,gap of 4 days 00:00:00 (expected 1 days 00:00:00),parent_proxy
2022-04-25 00:00:00+00:00,NQ,gap,info_session_or_outage,gap of 3 days 00:00:00 (expected 1 days 00:00:00),parent_proxy
2022-05-02 00:00:00+00:00,NQ,gap,info_session_or_outage,gap of 3 days 00:00:00 (expected 1 days 00:00:00),parent_proxy
2022-05-09 00:00:00+00:00,NQ,gap,info_session_or_outage,gap of 3 days 00:00:00 (expected 1 days 00:00:00),parent_proxy
2022-05-16 00:00:00+00:00,NQ,gap,info_session_or_outage,gap of 3 days 00:00:00 (expected 1 days 00:00:00),parent_proxy
2022-05-23 00:00:00+00:00,NQ,gap,info_session_or_outage,gap of 3 days 00:00:00 (expected 1 days 00:00:00),parent_proxy
2022-05-31 00:00:00+00:00,NQ,gap,info_session_or_outage,gap of 4 days 00:00:00 (expected 1 days 00:00:00),parent_proxy
2022-06-06 00:00:00+00:00,NQ,gap,info_session_or_outage,gap of 3 days 00:00:00 (expected 1 days 00:00:00),parent_proxy
2022-06-13 00:00:00+00:00,NQ,gap,info_session_or_outage,gap of 3 days 00:00:00 (expected 1 days 00:00:00),parent_proxy
2022-06-21 00:00:00+00:00,NQ,gap,info_session_or_outage,gap of 4 days 00:00:00 (expected 1 days 00:00:00),parent_proxy
2022-06-27 00:00:00+00:00,NQ,gap,info_session_or_outage,gap of 3 days 00:00:00 (expected 1 days 00:00:00),parent_proxy
2022-07-05 00:00:00+00:00,NQ,gap,info_session_or_outage,gap of 4 days 00:00:00 (expected 1 days 00:00:00),parent_proxy
2022-07-11 00:00:00+00:00,NQ,gap,info_session_or_outage,gap of 3 days 00:00:00 (expected 1 days 00:00:00),parent_proxy
2022-07-18 00:00:00+00:00,NQ,gap,info_session_or_outage,gap of 3 days 00:00:00 (expected 1 days 00:00:00),parent_proxy
2022-07-25 00:00:00+00:00,NQ,gap,info_session_or_outage,gap of 3 days 00:00:00 (expected 1 days 00:00:00),parent_proxy
2022-08-01 00:00:00+00:00,NQ,gap,info_session_or_outage,gap of 3 days 00:00:00 (expected 1 days 00:00:00),parent_proxy
2022-08-08 00:00:00+00:00,NQ,gap,info_session_or_outage,gap of 3 days 00:00:00 (expected 1 days 00:00:00),parent_proxy
2022-08-15 00:00:00+00:00,NQ,gap,info_session_or_outage,gap of 3 days 00:00:00 (expected 1 days 00:00:00),parent_proxy
2022-08-22 00:00:00+00:00,NQ,gap,info_session_or_outage,gap of 3 days 00:00:00 (expected 1 days 00:00:00),parent_proxy
2022-08-29 00:00:00+00:00,NQ,gap,info_session_or_outage,gap of 3 days 00:00:00 (expected 1 days 00:00:00),parent_proxy
2022-09-06 00:00:00+00:00,NQ,gap,info_session_or_outage,gap of 4 days 00:00:00 (expected 1 days 00:00:00),parent_proxy
2022-09-12 00:00:00+00:00,NQ,gap,info_session_or_outage,gap of 3 days 00:00:00 (expected 1 days 00:00:00),parent_proxy
2022-09-19 00:00:00+00:00,NQ,gap,info_session_or_outage,gap of 3 days 00:00:00 (expected 1 days 00:00:00),parent_proxy
2022-09-26 00:00:00+00:00,NQ,gap,info_session_or_outage,gap of 3 days 00:00:00 (expected 1 days 00:00:00),parent_proxy
2022-10-03 00:00:00+00:00,NQ,gap,info_session_or_outage,gap of 3 days 00:00:00 (expected 1 days 00:00:00),parent_proxy
2022-10-10 00:00:00+00:00,NQ,gap,info_session_or_outage,gap of 3 days 00:00:00 (expected 1 days 00:00:00),parent_proxy
2022-10-17 00:00:00+00:00,NQ,gap,info_session_or_outage,gap of 3 days 00:00:00 (expected 1 days 00:00:00),parent_proxy
2022-10-24 00:00:00+00:00,NQ,gap,info_session_or_outage,gap of 3 days 00:00:00 (expected 1 days 00:00:00),parent_proxy
2022-10-31 00:00:00+00:00,NQ,gap,info_session_or_outage,gap of 3 days 00:00:00 (expected 1 days 00:00:00),parent_proxy
2022-11-07 00:00:00+00:00,NQ,gap,info_session_or_outage,gap of 3 days 00:00:00 (expected 1 days 00:00:00),parent_proxy
2022-11-14 00:00:00+00:00,NQ,gap,info_session_or_outage,gap of 3 days 00:00:00 (expected 1 days 00:00:00),parent_proxy
2022-11-21 00:00:00+00:00,NQ,gap,info_session_or_outage,gap of 3 days 00:00:00 (expected 1 days 00:00:00),parent_proxy
2022-11-25 00:00:00+00:00,NQ,gap,info_session_or_outage,gap of 2 days 00:00:00 (expected 1 days 00:00:00),parent_proxy
2022-11-28 00:00:00+00:00,NQ,gap,info_session_or_outage,gap of 3 days 00:00:00 (expected 1 days 00:00:00),parent_proxy
2022-12-05 00:00:00+00:00,NQ,gap,info_session_or_outage,gap of 3 days 00:00:00 (expected 1 days 00:00:00),parent_proxy
2022-12-12 00:00:00+00:00,NQ,gap,info_session_or_outage,gap of 3 days 00:00:00 (expected 1 days 00:00:00),parent_proxy
2022-12-19 00:00:00+00:00,NQ,gap,info_session_or_outage,gap of 3 days 00:00:00 (expected 1 days 00:00:00),parent_proxy
2022-12-27 00:00:00+00:00,NQ,gap,info_session_or_outage,gap of 4 days 00:00:00 (expected 1 days 00:00:00),parent_proxy
2023-01-03 00:00:00+00:00,NQ,gap,info_session_or_outage,gap of 4 days 00:00:00 (expected 1 days 00:00:00),parent_proxy
2023-01-09 00:00:00+00:00,NQ,gap,info_session_or_outage,gap of 3 days 00:00:00 (expected 1 days 00:00:00),parent_proxy
2023-01-17 00:00:00+00:00,NQ,gap,info_session_or_outage,gap of 4 days 00:00:00 (expected 1 days 00:00:00),parent_proxy
2023-01-23 00:00:00+00:00,NQ,gap,info_session_or_outage,gap of 3 days 00:00:00 (expected 1 days 00:00:00),parent_proxy
2023-01-30 00:00:00+00:00,NQ,gap,info_session_or_outage,gap of 3 days 00:00:00 (expected 1 days 00:00:00),parent_proxy
2023-02-06 00:00:00+00:00,NQ,gap,info_session_or_outage,gap of 3 days 00:00:00 (expected 1 days 00:00:00),parent_proxy
2023-02-13 00:00:00+00:00,NQ,gap,info_session_or_outage,gap of 3 days 00:00:00 (expected 1 days 00:00:00),parent_proxy
2023-02-21 00:00:00+00:00,NQ,gap,info_session_or_outage,gap of 4 days 00:00:00 (expected 1 days 00:00:00),parent_proxy
2023-02-27 00:00:00+00:00,NQ,gap,info_session_or_outage,gap of 3 days 00:00:00 (expected 1 days 00:00:00),parent_proxy
2023-03-06 00:00:00+00:00,NQ,gap,info_session_or_outage,gap of 3 days 00:00:00 (expected 1 days 00:00:00),parent_proxy
2023-03-13 00:00:00+00:00,NQ,gap,info_session_or_outage,gap of 3 days 00:00:00 (expected 1 days 00:00:00),parent_proxy
2023-03-20 00:00:00+00:00,NQ,gap,info_session_or_outage,gap of 3 days 00:00:00 (expected 1 days 00:00:00),parent_proxy
2023-03-27 00:00:00+00:00,NQ,gap,info_session_or_outage,gap of 3 days 00:00:00 (expected 1 days 00:00:00),parent_proxy
2023-04-03 00:00:00+00:00,NQ,gap,info_session_or_outage,gap of 3 days 00:00:00 (expected 1 days 00:00:00),parent_proxy
2023-04-10 00:00:00+00:00,NQ,gap,info_session_or_outage,gap of 4 days 00:00:00 (expected 1 days 00:00:00),parent_proxy
2023-04-17 00:00:00+00:00,NQ,gap,info_session_or_outage,gap of 3 days 00:00:00 (expected 1 days 00:00:00),parent_proxy
2023-04-24 00:00:00+00:00,NQ,gap,info_session_or_outage,gap of 3 days 00:00:00 (expected 1 days 00:00:00),parent_proxy
2023-05-01 00:00:00+00:00,NQ,gap,info_session_or_outage,gap of 3 days 00:00:00 (expected 1 days 00:00:00),parent_proxy
2023-05-08 00:00:00+00:00,NQ,gap,info_session_or_outage,gap of 3 days 00:00:00 (expected 1 days 00:00:00),parent_proxy
2023-05-15 00:00:00+00:00,NQ,gap,info_session_or_outage,gap of 3 days 00:00:00 (expected 1 days 00:00:00),parent_proxy
2023-05-22 00:00:00+00:00,NQ,gap,info_session_or_outage,gap of 3 days 00:00:00 (expected 1 days 00:00:00),parent_proxy
2023-05-30 00:00:00+00:00,NQ,gap,info_session_or_outage,gap of 4 days 00:00:00 (expected 1 days 00:00:00),parent_proxy
2023-06-05 00:00:00+00:00,NQ,gap,info_session_or_outage,gap of 3 days 00:00:00 (expected 1 days 00:00:00),parent_proxy
2023-06-12 00:00:00+00:00,NQ,gap,info_session_or_outage,gap of 3 days 00:00:00 (expected 1 days 00:00:00),parent_proxy
2023-06-20 00:00:00+00:00,NQ,gap,info_session_or_outage,gap of 4 days 00:00:00 (expected 1 days 00:00:00),parent_proxy
2023-06-26 00:00:00+00:00,NQ,gap,info_session_or_outage,gap of 3 days 00:00:00 (expected 1 days 00:00:00),parent_proxy
2023-07-03 00:00:00+00:00,NQ,gap,info_session_or_outage,gap of 3 days 00:00:00 (expected 1 days 00:00:00),parent_proxy
2023-07-05 00:00:00+00:00,NQ,gap,info_session_or_outage,gap of 2 days 00:00:00 (expected 1 days 00:00:00),parent_proxy
2023-07-10 00:00:00+00:00,NQ,gap,info_session_or_outage,gap of 3 days 00:00:00 (expected 1 days 00:00:00),parent_proxy
2023-07-17 00:00:00+00:00,NQ,gap,info_session_or_outage,gap of 3 days 00:00:00 (expected 1 days 00:00:00),parent_proxy
2023-07-24 00:00:00+00:00,NQ,gap,info_session_or_outage,gap of 3 days 00:00:00 (expected 1 days 00:00:00),parent_proxy
2023-07-31 00:00:00+00:00,NQ,gap,info_session_or_outage,gap of 3 days 00:00:00 (expected 1 days 00:00:00),parent_proxy
2023-08-07 00:00:00+00:00,NQ,gap,info_session_or_outage,gap of 3 days 00:00:00 (expected 1 days 00:00:00),parent_proxy
2023-08-14 00:00:00+00:00,NQ,gap,info_session_or_outage,gap of 3 days 00:00:00 (expected 1 days 00:00:00),parent_proxy
2023-08-21 00:00:00+00:00,NQ,gap,info_session_or_outage,gap of 3 days 00:00:00 (expected 1 days 00:00:00),parent_proxy
2023-08-28 00:00:00+00:00,NQ,gap,info_session_or_outage,gap of 3 days 00:00:00 (expected 1 days 00:00:00),parent_proxy
2023-09-05 00:00:00+00:00,NQ,gap,info_session_or_outage,gap of 4 days 00:00:00 (expected 1 days 00:00:00),parent_proxy
2023-09-11 00:00:00+00:00,NQ,gap,info_session_or_outage,gap of 3 days 00:00:00 (expected 1 days 00:00:00),parent_proxy
2023-09-18 00:00:00+00:00,NQ,gap,info_session_or_outage,gap of 3 days 00:00:00 (expected 1 days 00:00:00),parent_proxy
2023-09-25 00:00:00+00:00,NQ,gap,info_session_or_outage,gap of 3 days 00:00:00 (expected 1 days 00:00:00),parent_proxy
2023-10-02 00:00:00+00:00,NQ,gap,info_session_or_outage,gap of 3 days 00:00:00 (expected 1 days 00:00:00),parent_proxy
2023-10-09 00:00:00+00:00,NQ,gap,info_session_or_outage,gap of 3 days 00:00:00 (expected 1 days 00:00:00),parent_proxy
2023-10-16 00:00:00+00:00,NQ,gap,info_session_or_outage,gap of 3 days 00:00:00 (expected 1 days 00:00:00),parent_proxy
2023-10-23 00:00:00+00:00,NQ,gap,info_session_or_outage,gap of 3 days 00:00:00 (expected 1 days 00:00:00),parent_proxy
2023-10-30 00:00:00+00:00,NQ,gap,info_session_or_outage,gap of 3 days 00:00:00 (expected 1 days 00:00:00),parent_proxy
2023-11-06 00:00:00+00:00,NQ,gap,info_session_or_outage,gap of 3 days 00:00:00 (expected 1 days 00:00:00),parent_proxy
2023-11-13 00:00:00+00:00,NQ,gap,info_session_or_outage,gap of 3 days 00:00:00 (expected 1 days 00:00:00),parent_proxy
2023-11-20 00:00:00+00:00,NQ,gap,info_session_or_outage,gap of 3 days 00:00:00 (expected 1 days 00:00:00),parent_proxy
2023-11-27 00:00:00+00:00,NQ,gap,info_session_or_outage,gap of 3 days 00:00:00 (expected 1 days 00:00:00),parent_proxy
2023-12-04 00:00:00+00:00,NQ,gap,info_session_or_outage,gap of 3 days 00:00:00 (expected 1 days 00:00:00),parent_proxy
2023-12-11 00:00:00+00:00,NQ,gap,info_session_or_outage,gap of 3 days 00:00:00 (expected 1 days 00:00:00),parent_proxy
2023-12-18 00:00:00+00:00,NQ,gap,info_session_or_outage,gap of 3 days 00:00:00 (expected 1 days 00:00:00),parent_proxy
2023-12-26 00:00:00+00:00,NQ,gap,info_session_or_outage,gap of 4 days 00:00:00 (expected 1 days 00:00:00),parent_proxy
2024-01-02 00:00:00+00:00,NQ,gap,info_session_or_outage,gap of 4 days 00:00:00 (expected 1 days 00:00:00),parent_proxy
2024-01-08 00:00:00+00:00,NQ,gap,info_session_or_outage,gap of 3 days 00:00:00 (expected 1 days 00:00:00),parent_proxy
2024-01-16 00:00:00+00:00,NQ,gap,info_session_or_outage,gap of 4 days 00:00:00 (expected 1 days 00:00:00),parent_proxy
2024-01-22 00:00:00+00:00,NQ,gap,info_session_or_outage,gap of 3 days 00:00:00 (expected 1 days 00:00:00),parent_proxy
2024-01-29 00:00:00+00:00,NQ,gap,info_session_or_outage,gap of 3 days 00:00:00 (expected 1 days 00:00:00),parent_proxy
2024-02-05 00:00:00+00:00,NQ,gap,info_session_or_outage,gap of 3 days 00:00:00 (expected 1 days 00:00:00),parent_proxy
2024-02-12 00:00:00+00:00,NQ,gap,info_session_or_outage,gap of 3 days 00:00:00 (expected 1 days 00:00:00),parent_proxy
2024-02-20 00:00:00+00:00,NQ,gap,info_session_or_outage,gap of 4 days 00:00:00 (expected 1 days 00:00:00),parent_proxy
2024-02-26 00:00:00+00:00,NQ,gap,info_session_or_outage,gap of 3 days 00:00:00 (expected 1 days 00:00:00),parent_proxy
2024-03-04 00:00:00+00:00,NQ,gap,info_session_or_outage,gap of 3 days 00:00:00 (expected 1 days 00:00:00),parent_proxy
2024-03-11 00:00:00+00:00,NQ,gap,info_session_or_outage,gap of 3 days 00:00:00 (expected 1 days 00:00:00),parent_proxy
2024-03-18 00:00:00+00:00,NQ,gap,info_session_or_outage,gap of 3 days 00:00:00 (expected 1 days 00:00:00),parent_proxy
2024-03-25 00:00:00+00:00,NQ,gap,info_session_or_outage,gap of 3 days 00:00:00 (expected 1 days 00:00:00),parent_proxy
2024-04-01 00:00:00+00:00,NQ,gap,info_session_or_outage,gap of 4 days 00:00:00 (expected 1 days 00:00:00),parent_proxy
2024-04-08 00:00:00+00:00,NQ,gap,info_session_or_outage,gap of 3 days 00:00:00 (expected 1 days 00:00:00),parent_proxy
2024-04-15 00:00:00+00:00,NQ,gap,info_session_or_outage,gap of 3 days 00:00:00 (expected 1 days 00:00:00),parent_proxy
2024-04-22 00:00:00+00:00,NQ,gap,info_session_or_outage,gap of 3 days 00:00:00 (expected 1 days 00:00:00),parent_proxy
2024-04-29 00:00:00+00:00,NQ,gap,info_session_or_outage,gap of 3 days 00:00:00 (expected 1 days 00:00:00),parent_proxy
2024-05-06 00:00:00+00:00,NQ,gap,info_session_or_outage,gap of 3 days 00:00:00 (expected 1 days 00:00:00),parent_proxy
2024-05-13 00:00:00+00:00,NQ,gap,info_session_or_outage,gap of 3 days 00:00:00 (expected 1 days 00:00:00),parent_proxy
2024-05-20 00:00:00+00:00,NQ,gap,info_session_or_outage,gap of 3 days 00:00:00 (expected 1 days 00:00:00),parent_proxy
2024-05-28 00:00:00+00:00,NQ,gap,info_session_or_outage,gap of 4 days 00:00:00 (expected 1 days 00:00:00),parent_proxy
2024-06-03 00:00:00+00:00,NQ,gap,info_session_or_outage,gap of 3 days 00:00:00 (expected 1 days 00:00:00),parent_proxy
2024-06-10 00:00:00+00:00,NQ,gap,info_session_or_outage,gap of 3 days 00:00:00 (expected 1 days 00:00:00),parent_proxy
2024-06-17 00:00:00+00:00,NQ,gap,info_session_or_outage,gap of 3 days 00:00:00 (expected 1 days 00:00:00),parent_proxy
2024-06-20 00:00:00+00:00,NQ,gap,info_session_or_outage,gap of 2 days 00:00:00 (expected 1 days 00:00:00),parent_proxy
2024-06-24 00:00:00+00:00,NQ,gap,info_session_or_outage,gap of 3 days 00:00:00 (expected 1 days 00:00:00),parent_proxy
2024-07-01 00:00:00+00:00,NQ,gap,info_session_or_outage,gap of 3 days 00:00:00 (expected 1 days 00:00:00),parent_proxy
2024-07-05 00:00:00+00:00,NQ,gap,info_session_or_outage,gap of 2 days 00:00:00 (expected 1 days 00:00:00),parent_proxy
2024-07-08 00:00:00+00:00,NQ,gap,info_session_or_outage,gap of 3 days 00:00:00 (expected 1 days 00:00:00),parent_proxy
2024-07-15 00:00:00+00:00,NQ,gap,info_session_or_outage,gap of 3 days 00:00:00 (expected 1 days 00:00:00),parent_proxy
2024-07-22 00:00:00+00:00,NQ,gap,info_session_or_outage,gap of 3 days 00:00:00 (expected 1 days 00:00:00),parent_proxy
2024-07-29 00:00:00+00:00,NQ,gap,info_session_or_outage,gap of 3 days 00:00:00 (expected 1 days 00:00:00),parent_proxy
2024-08-05 00:00:00+00:00,NQ,gap,info_session_or_outage,gap of 3 days 00:00:00 (expected 1 days 00:00:00),parent_proxy
2024-08-12 00:00:00+00:00,NQ,gap,info_session_or_outage,gap of 3 days 00:00:00 (expected 1 days 00:00:00),parent_proxy
2024-08-19 00:00:00+00:00,NQ,gap,info_session_or_outage,gap of 3 days 00:00:00 (expected 1 days 00:00:00),parent_proxy
2024-08-26 00:00:00+00:00,NQ,gap,info_session_or_outage,gap of 3 days 00:00:00 (expected 1 days 00:00:00),parent_proxy
2024-09-03 00:00:00+00:00,NQ,gap,info_session_or_outage,gap of 4 days 00:00:00 (expected 1 days 00:00:00),parent_proxy
2024-09-09 00:00:00+00:00,NQ,gap,info_session_or_outage,gap of 3 days 00:00:00 (expected 1 days 00:00:00),parent_proxy
2024-09-16 00:00:00+00:00,NQ,gap,info_session_or_outage,gap of 3 days 00:00:00 (expected 1 days 00:00:00),parent_proxy
2024-09-23 00:00:00+00:00,NQ,gap,info_session_or_outage,gap of 3 days 00:00:00 (expected 1 days 00:00:00),parent_proxy
2024-09-30 00:00:00+00:00,NQ,gap,info_session_or_outage,gap of 3 days 00:00:00 (expected 1 days 00:00:00),parent_proxy
2024-10-07 00:00:00+00:00,NQ,gap,info_session_or_outage,gap of 3 days 00:00:00 (expected 1 days 00:00:00),parent_proxy
2024-10-14 00:00:00+00:00,NQ,gap,info_session_or_outage,gap of 3 days 00:00:00 (expected 1 days 00:00:00),parent_proxy
2024-10-21 00:00:00+00:00,NQ,gap,info_session_or_outage,gap of 3 days 00:00:00 (expected 1 days 00:00:00),parent_proxy
2024-10-28 00:00:00+00:00,NQ,gap,info_session_or_outage,gap of 3 days 00:00:00 (expected 1 days 00:00:00),parent_proxy
2024-11-04 00:00:00+00:00,NQ,gap,info_session_or_outage,gap of 3 days 00:00:00 (expected 1 days 00:00:00),parent_proxy
2024-11-11 00:00:00+00:00,NQ,gap,info_session_or_outage,gap of 3 days 00:00:00 (expected 1 days 00:00:00),parent_proxy
2024-11-18 00:00:00+00:00,NQ,gap,info_session_or_outage,gap of 3 days 00:00:00 (expected 1 days 00:00:00),parent_proxy
2024-11-25 00:00:00+00:00,NQ,gap,info_session_or_outage,gap of 3 days 00:00:00 (expected 1 days 00:00:00),parent_proxy
2024-11-29 00:00:00+00:00,NQ,gap,info_session_or_outage,gap of 2 days 00:00:00 (expected 1 days 00:00:00),parent_proxy
2024-12-02 00:00:00+00:00,NQ,gap,info_session_or_outage,gap of 3 days 00:00:00 (expected 1 days 00:00:00),parent_proxy
2024-12-09 00:00:00+00:00,NQ,gap,info_session_or_outage,gap of 3 days 00:00:00 (expected 1 days 00:00:00),parent_proxy
2024-12-16 00:00:00+00:00,NQ,gap,info_session_or_outage,gap of 3 days 00:00:00 (expected 1 days 00:00:00),parent_proxy
2024-12-23 00:00:00+00:00,NQ,gap,info_session_or_outage,gap of 3 days 00:00:00 (expected 1 days 00:00:00),parent_proxy
2024-12-26 00:00:00+00:00,NQ,gap,info_session_or_outage,gap of 2 days 00:00:00 (expected 1 days 00:00:00),parent_proxy
2024-12-30 00:00:00+00:00,NQ,gap,info_session_or_outage,gap of 3 days 00:00:00 (expected 1 days 00:00:00),parent_proxy
2025-01-02 00:00:00+00:00,NQ,gap,info_session_or_outage,gap of 2 days 00:00:00 (expected 1 days 00:00:00),parent_proxy
2025-01-06 00:00:00+00:00,NQ,gap,info_session_or_outage,gap of 3 days 00:00:00 (expected 1 days 00:00:00),parent_proxy
2025-01-13 00:00:00+00:00,NQ,gap,info_session_or_outage,gap of 3 days 00:00:00 (expected 1 days 00:00:00),parent_proxy
2025-01-21 00:00:00+00:00,NQ,gap,info_session_or_outage,gap of 4 days 00:00:00 (expected 1 days 00:00:00),parent_proxy
2025-01-27 00:00:00+00:00,NQ,gap,info_session_or_outage,gap of 3 days 00:00:00 (expected 1 days 00:00:00),parent_proxy
2025-02-03 00:00:00+00:00,NQ,gap,info_session_or_outage,gap of 3 days 00:00:00 (expected 1 days 00:00:00),parent_proxy
2025-02-10 00:00:00+00:00,NQ,gap,info_session_or_outage,gap of 3 days 00:00:00 (expected 1 days 00:00:00),parent_proxy
2025-02-18 00:00:00+00:00,NQ,gap,info_session_or_outage,gap of 4 days 00:00:00 (expected 1 days 00:00:00),parent_proxy
2025-02-24 00:00:00+00:00,NQ,gap,info_session_or_outage,gap of 3 days 00:00:00 (expected 1 days 00:00:00),parent_proxy
2025-03-03 00:00:00+00:00,NQ,gap,info_session_or_outage,gap of 3 days 00:00:00 (expected 1 days 00:00:00),parent_proxy
2025-03-10 00:00:00+00:00,NQ,gap,info_session_or_outage,gap of 3 days 00:00:00 (expected 1 days 00:00:00),parent_proxy
2025-03-17 00:00:00+00:00,NQ,gap,info_session_or_outage,gap of 3 days 00:00:00 (expected 1 days 00:00:00),parent_proxy
2025-03-24 00:00:00+00:00,NQ,gap,info_session_or_outage,gap of 3 days 00:00:00 (expected 1 days 00:00:00),parent_proxy
2025-03-31 00:00:00+00:00,NQ,gap,info_session_or_outage,gap of 3 days 00:00:00 (expected 1 days 00:00:00),parent_proxy
2025-04-07 00:00:00+00:00,NQ,gap,info_session_or_outage,gap of 3 days 00:00:00 (expected 1 days 00:00:00),parent_proxy
2025-04-14 00:00:00+00:00,NQ,gap,info_session_or_outage,gap of 3 days 00:00:00 (expected 1 days 00:00:00),parent_proxy
2025-04-21 00:00:00+00:00,NQ,gap,info_session_or_outage,gap of 4 days 00:00:00 (expected 1 days 00:00:00),parent_proxy
2025-04-28 00:00:00+00:00,NQ,gap,info_session_or_outage,gap of 3 days 00:00:00 (expected 1 days 00:00:00),parent_proxy
2025-05-05 00:00:00+00:00,NQ,gap,info_session_or_outage,gap of 3 days 00:00:00 (expected 1 days 00:00:00),parent_proxy
2025-05-12 00:00:00+00:00,NQ,gap,info_session_or_outage,gap of 3 days 00:00:00 (expected 1 days 00:00:00),parent_proxy
2025-05-19 00:00:00+00:00,NQ,gap,info_session_or_outage,gap of 3 days 00:00:00 (expected 1 days 00:00:00),parent_proxy
2025-05-27 00:00:00+00:00,NQ,gap,info_session_or_outage,gap of 4 days 00:00:00 (expected 1 days 00:00:00),parent_proxy
2025-06-02 00:00:00+00:00,NQ,gap,info_session_or_outage,gap of 3 days 00:00:00 (expected 1 days 00:00:00),parent_proxy
2025-06-09 00:00:00+00:00,NQ,gap,info_session_or_outage,gap of 3 days 00:00:00 (expected 1 days 00:00:00),parent_proxy
2025-06-16 00:00:00+00:00,NQ,gap,info_session_or_outage,gap of 3 days 00:00:00 (expected 1 days 00:00:00),parent_proxy
2025-06-20 00:00:00+00:00,NQ,gap,info_session_or_outage,gap of 2 days 00:00:00 (expected 1 days 00:00:00),parent_proxy
2025-06-23 00:00:00+00:00,NQ,gap,info_session_or_outage,gap of 3 days 00:00:00 (expected 1 days 00:00:00),parent_proxy
2025-06-30 00:00:00+00:00,NQ,gap,info_session_or_outage,gap of 3 days 00:00:00 (expected 1 days 00:00:00),parent_proxy
2025-07-07 00:00:00+00:00,NQ,gap,info_session_or_outage,gap of 3 days 00:00:00 (expected 1 days 00:00:00),parent_proxy
2025-07-14 00:00:00+00:00,NQ,gap,info_session_or_outage,gap of 3 days 00:00:00 (expected 1 days 00:00:00),parent_proxy
2025-07-21 00:00:00+00:00,NQ,gap,info_session_or_outage,gap of 3 days 00:00:00 (expected 1 days 00:00:00),parent_proxy
2025-07-28 00:00:00+00:00,NQ,gap,info_session_or_outage,gap of 3 days 00:00:00 (expected 1 days 00:00:00),parent_proxy
2025-08-04 00:00:00+00:00,NQ,gap,info_session_or_outage,gap of 3 days 00:00:00 (expected 1 days 00:00:00),parent_proxy
2025-08-11 00:00:00+00:00,NQ,gap,info_session_or_outage,gap of 3 days 00:00:00 (expected 1 days 00:00:00),parent_proxy
2025-08-18 00:00:00+00:00,NQ,gap,info_session_or_outage,gap of 3 days 00:00:00 (expected 1 days 00:00:00),parent_proxy
2025-08-25 00:00:00+00:00,NQ,gap,info_session_or_outage,gap of 3 days 00:00:00 (expected 1 days 00:00:00),parent_proxy
2025-09-02 00:00:00+00:00,NQ,gap,info_session_or_outage,gap of 4 days 00:00:00 (expected 1 days 00:00:00),parent_proxy
2025-09-08 00:00:00+00:00,NQ,gap,info_session_or_outage,gap of 3 days 00:00:00 (expected 1 days 00:00:00),parent_proxy
2025-09-15 00:00:00+00:00,NQ,gap,info_session_or_outage,gap of 3 days 00:00:00 (expected 1 days 00:00:00),parent_proxy
2025-09-22 00:00:00+00:00,NQ,gap,info_session_or_outage,gap of 3 days 00:00:00 (expected 1 days 00:00:00),parent_proxy
2025-09-29 00:00:00+00:00,NQ,gap,info_session_or_outage,gap of 3 days 00:00:00 (expected 1 days 00:00:00),parent_proxy
2025-10-06 00:00:00+00:00,NQ,gap,info_session_or_outage,gap of 3 days 00:00:00 (expected 1 days 00:00:00),parent_proxy
2025-10-13 00:00:00+00:00,NQ,gap,info_session_or_outage,gap of 3 days 00:00:00 (expected 1 days 00:00:00),parent_proxy
2025-10-20 00:00:00+00:00,NQ,gap,info_session_or_outage,gap of 3 days 00:00:00 (expected 1 days 00:00:00),parent_proxy
2025-10-27 00:00:00+00:00,NQ,gap,info_session_or_outage,gap of 3 days 00:00:00 (expected 1 days 00:00:00),parent_proxy
2025-11-03 00:00:00+00:00,NQ,gap,info_session_or_outage,gap of 3 days 00:00:00 (expected 1 days 00:00:00),parent_proxy
2025-11-10 00:00:00+00:00,NQ,gap,info_session_or_outage,gap of 3 days 00:00:00 (expected 1 days 00:00:00),parent_proxy
2025-11-17 00:00:00+00:00,NQ,gap,info_session_or_outage,gap of 3 days 00:00:00 (expected 1 days 00:00:00),parent_proxy
2025-11-24 00:00:00+00:00,NQ,gap,info_session_or_outage,gap of 3 days 00:00:00 (expected 1 days 00:00:00),parent_proxy
2025-11-28 00:00:00+00:00,NQ,gap,info_session_or_outage,gap of 2 days 00:00:00 (expected 1 days 00:00:00),parent_proxy
2025-12-01 00:00:00+00:00,NQ,gap,info_session_or_outage,gap of 3 days 00:00:00 (expected 1 days 00:00:00),parent_proxy
2025-12-08 00:00:00+00:00,NQ,gap,info_session_or_outage,gap of 3 days 00:00:00 (expected 1 days 00:00:00),parent_proxy
2025-12-15 00:00:00+00:00,NQ,gap,info_session_or_outage,gap of 3 days 00:00:00 (expected 1 days 00:00:00),parent_proxy
2025-12-22 00:00:00+00:00,NQ,gap,info_session_or_outage,gap of 3 days 00:00:00 (expected 1 days 00:00:00),parent_proxy
2025-12-26 00:00:00+00:00,NQ,gap,info_session_or_outage,gap of 2 days 00:00:00 (expected 1 days 00:00:00),parent_proxy
2025-12-29 00:00:00+00:00,NQ,gap,info_session_or_outage,gap of 3 days 00:00:00 (expected 1 days 00:00:00),parent_proxy
2026-01-02 00:00:00+00:00,NQ,gap,info_session_or_outage,gap of 2 days 00:00:00 (expected 1 days 00:00:00),parent_proxy
2026-01-05 00:00:00+00:00,NQ,gap,info_session_or_outage,gap of 3 days 00:00:00 (expected 1 days 00:00:00),parent_proxy
2026-01-12 00:00:00+00:00,NQ,gap,info_session_or_outage,gap of 3 days 00:00:00 (expected 1 days 00:00:00),parent_proxy
2026-01-20 00:00:00+00:00,NQ,gap,info_session_or_outage,gap of 4 days 00:00:00 (expected 1 days 00:00:00),parent_proxy
2026-01-26 00:00:00+00:00,NQ,gap,info_session_or_outage,gap of 3 days 00:00:00 (expected 1 days 00:00:00),parent_proxy
2026-02-02 00:00:00+00:00,NQ,gap,info_session_or_outage,gap of 3 days 00:00:00 (expected 1 days 00:00:00),parent_proxy
2026-02-09 00:00:00+00:00,NQ,gap,info_session_or_outage,gap of 3 days 00:00:00 (expected 1 days 00:00:00),parent_proxy
2026-02-17 00:00:00+00:00,NQ,gap,info_session_or_outage,gap of 4 days 00:00:00 (expected 1 days 00:00:00),parent_proxy
2026-02-23 00:00:00+00:00,NQ,gap,info_session_or_outage,gap of 3 days 00:00:00 (expected 1 days 00:00:00),parent_proxy
2026-03-02 00:00:00+00:00,NQ,gap,info_session_or_outage,gap of 3 days 00:00:00 (expected 1 days 00:00:00),parent_proxy
2026-03-09 00:00:00+00:00,NQ,gap,info_session_or_outage,gap of 3 days 00:00:00 (expected 1 days 00:00:00),parent_proxy
2026-03-16 00:00:00+00:00,NQ,gap,info_session_or_outage,gap of 3 days 00:00:00 (expected 1 days 00:00:00),parent_proxy
2026-03-23 00:00:00+00:00,NQ,gap,info_session_or_outage,gap of 3 days 00:00:00 (expected 1 days 00:00:00),parent_proxy
2026-03-30 00:00:00+00:00,NQ,gap,info_session_or_outage,gap of 3 days 00:00:00 (expected 1 days 00:00:00),parent_proxy
2026-04-06 00:00:00+00:00,NQ,gap,info_session_or_outage,gap of 4 days 00:00:00 (expected 1 days 00:00:00),parent_proxy
2026-04-13 00:00:00+00:00,NQ,gap,info_session_or_outage,gap of 3 days 00:00:00 (expected 1 days 00:00:00),parent_proxy
2026-04-20 00:00:00+00:00,NQ,gap,info_session_or_outage,gap of 3 days 00:00:00 (expected 1 days 00:00:00),parent_proxy
2026-04-27 00:00:00+00:00,NQ,gap,info_session_or_outage,gap of 3 days 00:00:00 (expected 1 days 00:00:00),parent_proxy
2026-05-04 00:00:00+00:00,NQ,gap,info_session_or_outage,gap of 3 days 00:00:00 (expected 1 days 00:00:00),parent_proxy
2026-05-11 00:00:00+00:00,NQ,gap,info_session_or_outage,gap of 3 days 00:00:00 (expected 1 days 00:00:00),parent_proxy
2026-05-18 00:00:00+00:00,NQ,gap,info_session_or_outage,gap of 3 days 00:00:00 (expected 1 days 00:00:00),parent_proxy
2026-05-26 00:00:00+00:00,NQ,gap,info_session_or_outage,gap of 4 days 00:00:00 (expected 1 days 00:00:00),parent_proxy
2026-06-01 00:00:00+00:00,NQ,gap,info_session_or_outage,gap of 3 days 00:00:00 (expected 1 days 00:00:00),parent_proxy
2026-06-08 00:00:00+00:00,NQ,gap,info_session_or_outage,gap of 3 days 00:00:00 (expected 1 days 00:00:00),parent_proxy
2026-06-15 00:00:00+00:00,NQ,gap,info_session_or_outage,gap of 3 days 00:00:00 (expected 1 days 00:00:00),parent_proxy
2026-06-22 00:00:00+00:00,NQ,gap,info_session_or_outage,gap of 4 days 00:00:00 (expected 1 days 00:00:00),parent_proxy
2026-06-29 00:00:00+00:00,NQ,gap,info_session_or_outage,gap of 3 days 00:00:00 (expected 1 days 00:00:00),parent_proxy
2026-07-06 00:00:00+00:00,NQ,gap,info_session_or_outage,gap of 4 days 00:00:00 (expected 1 days 00:00:00),parent_proxy
2026-07-13 00:00:00+00:00,NQ,gap,info_session_or_outage,gap of 3 days 00:00:00 (expected 1 days 00:00:00),parent_proxy
2026-07-20 00:00:00+00:00,NQ,gap,info_session_or_outage,gap of 3 days 00:00:00 (expected 1 days 00:00:00),parent_proxy
2026-07-27 00:00:00+00:00,NQ,gap,info_session_or_outage,gap of 3 days 00:00:00 (expected 1 days 00:00:00),parent_proxy
2017-07-17 00:00:00+00:00,RTY,gap,info_session_or_outage,gap of 3 days 00:00:00 (expected 1 days 00:00:00),parent_proxy
2017-07-24 00:00:00+00:00,RTY,gap,info_session_or_outage,gap of 3 days 00:00:00 (expected 1 days 00:00:00),parent_proxy
2017-07-31 00:00:00+00:00,RTY,gap,info_session_or_outage,gap of 3 days 00:00:00 (expected 1 days 00:00:00),parent_proxy
2017-08-07 00:00:00+00:00,RTY,gap,info_session_or_outage,gap of 3 days 00:00:00 (expected 1 days 00:00:00),parent_proxy
2017-08-14 00:00:00+00:00,RTY,gap,info_session_or_outage,gap of 3 days 00:00:00 (expected 1 days 00:00:00),parent_proxy
2017-08-21 00:00:00+00:00,RTY,gap,info_session_or_outage,gap of 3 days 00:00:00 (expected 1 days 00:00:00),parent_proxy
2017-08-28 00:00:00+00:00,RTY,gap,info_session_or_outage,gap of 3 days 00:00:00 (expected 1 days 00:00:00),parent_proxy
2017-09-05 00:00:00+00:00,RTY,gap,info_session_or_outage,gap of 4 days 00:00:00 (expected 1 days 00:00:00),parent_proxy
2017-09-11 00:00:00+00:00,RTY,gap,info_session_or_outage,gap of 3 days 00:00:00 (expected 1 days 00:00:00),parent_proxy
2017-09-18 00:00:00+00:00,RTY,gap,info_session_or_outage,gap of 3 days 00:00:00 (expected 1 days 00:00:00),parent_proxy
2017-09-25 00:00:00+00:00,RTY,gap,info_session_or_outage,gap of 3 days 00:00:00 (expected 1 days 00:00:00),parent_proxy
2017-10-02 00:00:00+00:00,RTY,gap,info_session_or_outage,gap of 3 days 00:00:00 (expected 1 days 00:00:00),parent_proxy
2017-10-09 00:00:00+00:00,RTY,gap,info_session_or_outage,gap of 3 days 00:00:00 (expected 1 days 00:00:00),parent_proxy
2017-10-16 00:00:00+00:00,RTY,gap,info_session_or_outage,gap of 3 days 00:00:00 (expected 1 days 00:00:00),parent_proxy
2017-10-23 00:00:00+00:00,RTY,gap,info_session_or_outage,gap of 3 days 00:00:00 (expected 1 days 00:00:00),parent_proxy
2017-10-30 00:00:00+00:00,RTY,gap,info_session_or_outage,gap of 3 days 00:00:00 (expected 1 days 00:00:00),parent_proxy
2017-11-06 00:00:00+00:00,RTY,gap,info_session_or_outage,gap of 3 days 00:00:00 (expected 1 days 00:00:00),parent_proxy
2017-11-13 00:00:00+00:00,RTY,gap,info_session_or_outage,gap of 3 days 00:00:00 (expected 1 days 00:00:00),parent_proxy
2017-11-20 00:00:00+00:00,RTY,gap,info_session_or_outage,gap of 3 days 00:00:00 (expected 1 days 00:00:00),parent_proxy
2017-11-24 00:00:00+00:00,RTY,gap,info_session_or_outage,gap of 2 days 00:00:00 (expected 1 days 00:00:00),parent_proxy
2017-11-27 00:00:00+00:00,RTY,gap,info_session_or_outage,gap of 3 days 00:00:00 (expected 1 days 00:00:00),parent_proxy
2017-12-04 00:00:00+00:00,RTY,gap,info_session_or_outage,gap of 3 days 00:00:00 (expected 1 days 00:00:00),parent_proxy
2017-12-11 00:00:00+00:00,RTY,gap,info_session_or_outage,gap of 3 days 00:00:00 (expected 1 days 00:00:00),parent_proxy
2017-12-18 00:00:00+00:00,RTY,gap,info_session_or_outage,gap of 3 days 00:00:00 (expected 1 days 00:00:00),parent_proxy
2017-12-26 00:00:00+00:00,RTY,gap,info_session_or_outage,gap of 4 days 00:00:00 (expected 1 days 00:00:00),parent_proxy
2018-01-02 00:00:00+00:00,RTY,gap,info_session_or_outage,gap of 4 days 00:00:00 (expected 1 days 00:00:00),parent_proxy
2018-01-08 00:00:00+00:00,RTY,gap,info_session_or_outage,gap of 3 days 00:00:00 (expected 1 days 00:00:00),parent_proxy
2018-01-16 00:00:00+00:00,RTY,gap,info_session_or_outage,gap of 4 days 00:00:00 (expected 1 days 00:00:00),parent_proxy
2018-01-22 00:00:00+00:00,RTY,gap,info_session_or_outage,gap of 3 days 00:00:00 (expected 1 days 00:00:00),parent_proxy
2018-01-29 00:00:00+00:00,RTY,gap,info_session_or_outage,gap of 3 days 00:00:00 (expected 1 days 00:00:00),parent_proxy
2018-02-05 00:00:00+00:00,RTY,gap,info_session_or_outage,gap of 3 days 00:00:00 (expected 1 days 00:00:00),parent_proxy
2018-02-12 00:00:00+00:00,RTY,gap,info_session_or_outage,gap of 3 days 00:00:00 (expected 1 days 00:00:00),parent_proxy
2018-02-20 00:00:00+00:00,RTY,gap,info_session_or_outage,gap of 4 days 00:00:00 (expected 1 days 00:00:00),parent_proxy
2018-02-26 00:00:00+00:00,RTY,gap,info_session_or_outage,gap of 3 days 00:00:00 (expected 1 days 00:00:00),parent_proxy
2018-03-05 00:00:00+00:00,RTY,gap,info_session_or_outage,gap of 3 days 00:00:00 (expected 1 days 00:00:00),parent_proxy
2018-03-12 00:00:00+00:00,RTY,gap,info_session_or_outage,gap of 3 days 00:00:00 (expected 1 days 00:00:00),parent_proxy
2018-03-19 00:00:00+00:00,RTY,gap,info_session_or_outage,gap of 3 days 00:00:00 (expected 1 days 00:00:00),parent_proxy
2018-03-26 00:00:00+00:00,RTY,gap,info_session_or_outage,gap of 3 days 00:00:00 (expected 1 days 00:00:00),parent_proxy
2018-04-02 00:00:00+00:00,RTY,gap,info_session_or_outage,gap of 4 days 00:00:00 (expected 1 days 00:00:00),parent_proxy
2018-04-09 00:00:00+00:00,RTY,gap,info_session_or_outage,gap of 3 days 00:00:00 (expected 1 days 00:00:00),parent_proxy
2018-04-16 00:00:00+00:00,RTY,gap,info_session_or_outage,gap of 3 days 00:00:00 (expected 1 days 00:00:00),parent_proxy
2018-04-23 00:00:00+00:00,RTY,gap,info_session_or_outage,gap of 3 days 00:00:00 (expected 1 days 00:00:00),parent_proxy
2018-04-30 00:00:00+00:00,RTY,gap,info_session_or_outage,gap of 3 days 00:00:00 (expected 1 days 00:00:00),parent_proxy
2018-05-07 00:00:00+00:00,RTY,gap,info_session_or_outage,gap of 3 days 00:00:00 (expected 1 days 00:00:00),parent_proxy
2018-05-14 00:00:00+00:00,RTY,gap,info_session_or_outage,gap of 3 days 00:00:00 (expected 1 days 00:00:00),parent_proxy
2018-05-21 00:00:00+00:00,RTY,gap,info_session_or_outage,gap of 3 days 00:00:00 (expected 1 days 00:00:00),parent_proxy
2018-05-29 00:00:00+00:00,RTY,gap,info_session_or_outage,gap of 4 days 00:00:00 (expected 1 days 00:00:00),parent_proxy
2018-06-04 00:00:00+00:00,RTY,gap,info_session_or_outage,gap of 3 days 00:00:00 (expected 1 days 00:00:00),parent_proxy
2018-06-11 00:00:00+00:00,RTY,gap,info_session_or_outage,gap of 3 days 00:00:00 (expected 1 days 00:00:00),parent_proxy
2018-06-18 00:00:00+00:00,RTY,gap,info_session_or_outage,gap of 3 days 00:00:00 (expected 1 days 00:00:00),parent_proxy
2018-06-25 00:00:00+00:00,RTY,gap,info_session_or_outage,gap of 3 days 00:00:00 (expected 1 days 00:00:00),parent_proxy
2018-07-02 00:00:00+00:00,RTY,gap,info_session_or_outage,gap of 3 days 00:00:00 (expected 1 days 00:00:00),parent_proxy
2018-07-05 00:00:00+00:00,RTY,gap,info_session_or_outage,gap of 2 days 00:00:00 (expected 1 days 00:00:00),parent_proxy
2018-07-09 00:00:00+00:00,RTY,gap,info_session_or_outage,gap of 3 days 00:00:00 (expected 1 days 00:00:00),parent_proxy
2018-07-16 00:00:00+00:00,RTY,gap,info_session_or_outage,gap of 3 days 00:00:00 (expected 1 days 00:00:00),parent_proxy
2018-07-23 00:00:00+00:00,RTY,gap,info_session_or_outage,gap of 3 days 00:00:00 (expected 1 days 00:00:00),parent_proxy
2018-07-30 00:00:00+00:00,RTY,gap,info_session_or_outage,gap of 3 days 00:00:00 (expected 1 days 00:00:00),parent_proxy
2018-08-06 00:00:00+00:00,RTY,gap,info_session_or_outage,gap of 3 days 00:00:00 (expected 1 days 00:00:00),parent_proxy
2018-08-13 00:00:00+00:00,RTY,gap,info_session_or_outage,gap of 3 days 00:00:00 (expected 1 days 00:00:00),parent_proxy
2018-08-20 00:00:00+00:00,RTY,gap,info_session_or_outage,gap of 3 days 00:00:00 (expected 1 days 00:00:00),parent_proxy
2018-08-27 00:00:00+00:00,RTY,gap,info_session_or_outage,gap of 3 days 00:00:00 (expected 1 days 00:00:00),parent_proxy
2018-09-04 00:00:00+00:00,RTY,gap,info_session_or_outage,gap of 4 days 00:00:00 (expected 1 days 00:00:00),parent_proxy
2018-09-10 00:00:00+00:00,RTY,gap,info_session_or_outage,gap of 3 days 00:00:00 (expected 1 days 00:00:00),parent_proxy
2018-09-17 00:00:00+00:00,RTY,gap,info_session_or_outage,gap of 3 days 00:00:00 (expected 1 days 00:00:00),parent_proxy
2018-09-24 00:00:00+00:00,RTY,gap,info_session_or_outage,gap of 3 days 00:00:00 (expected 1 days 00:00:00),parent_proxy
2018-10-01 00:00:00+00:00,RTY,gap,info_session_or_outage,gap of 3 days 00:00:00 (expected 1 days 00:00:00),parent_proxy
2018-10-08 00:00:00+00:00,RTY,gap,info_session_or_outage,gap of 3 days 00:00:00 (expected 1 days 00:00:00),parent_proxy
2018-10-15 00:00:00+00:00,RTY,gap,info_session_or_outage,gap of 3 days 00:00:00 (expected 1 days 00:00:00),parent_proxy
2018-10-22 00:00:00+00:00,RTY,gap,info_session_or_outage,gap of 3 days 00:00:00 (expected 1 days 00:00:00),parent_proxy
2018-10-29 00:00:00+00:00,RTY,gap,info_session_or_outage,gap of 3 days 00:00:00 (expected 1 days 00:00:00),parent_proxy
2018-11-05 00:00:00+00:00,RTY,gap,info_session_or_outage,gap of 3 days 00:00:00 (expected 1 days 00:00:00),parent_proxy
2018-11-12 00:00:00+00:00,RTY,gap,info_session_or_outage,gap of 3 days 00:00:00 (expected 1 days 00:00:00),parent_proxy
2018-11-19 00:00:00+00:00,RTY,gap,info_session_or_outage,gap of 3 days 00:00:00 (expected 1 days 00:00:00),parent_proxy
2018-11-23 00:00:00+00:00,RTY,gap,info_session_or_outage,gap of 2 days 00:00:00 (expected 1 days 00:00:00),parent_proxy
2018-11-26 00:00:00+00:00,RTY,gap,info_session_or_outage,gap of 3 days 00:00:00 (expected 1 days 00:00:00),parent_proxy
2018-12-03 00:00:00+00:00,RTY,gap,info_session_or_outage,gap of 3 days 00:00:00 (expected 1 days 00:00:00),parent_proxy
2018-12-06 00:00:00+00:00,RTY,gap,info_session_or_outage,gap of 2 days 00:00:00 (expected 1 days 00:00:00),parent_proxy
2018-12-10 00:00:00+00:00,RTY,gap,info_session_or_outage,gap of 3 days 00:00:00 (expected 1 days 00:00:00),parent_proxy
2018-12-17 00:00:00+00:00,RTY,gap,info_session_or_outage,gap of 3 days 00:00:00 (expected 1 days 00:00:00),parent_proxy
2018-12-24 00:00:00+00:00,RTY,gap,info_session_or_outage,gap of 3 days 00:00:00 (expected 1 days 00:00:00),parent_proxy
2018-12-26 00:00:00+00:00,RTY,gap,info_session_or_outage,gap of 2 days 00:00:00 (expected 1 days 00:00:00),parent_proxy
2018-12-31 00:00:00+00:00,RTY,gap,info_session_or_outage,gap of 3 days 00:00:00 (expected 1 days 00:00:00),parent_proxy
2019-01-02 00:00:00+00:00,RTY,gap,info_session_or_outage,gap of 2 days 00:00:00 (expected 1 days 00:00:00),parent_proxy
2019-01-07 00:00:00+00:00,RTY,gap,info_session_or_outage,gap of 3 days 00:00:00 (expected 1 days 00:00:00),parent_proxy
2019-01-14 00:00:00+00:00,RTY,gap,info_session_or_outage,gap of 3 days 00:00:00 (expected 1 days 00:00:00),parent_proxy
2019-01-22 00:00:00+00:00,RTY,gap,info_session_or_outage,gap of 4 days 00:00:00 (expected 1 days 00:00:00),parent_proxy
2019-01-28 00:00:00+00:00,RTY,gap,info_session_or_outage,gap of 3 days 00:00:00 (expected 1 days 00:00:00),parent_proxy
2019-02-04 00:00:00+00:00,RTY,gap,info_session_or_outage,gap of 3 days 00:00:00 (expected 1 days 00:00:00),parent_proxy
2019-02-11 00:00:00+00:00,RTY,gap,info_session_or_outage,gap of 3 days 00:00:00 (expected 1 days 00:00:00),parent_proxy
2019-02-19 00:00:00+00:00,RTY,gap,info_session_or_outage,gap of 4 days 00:00:00 (expected 1 days 00:00:00),parent_proxy
2019-02-25 00:00:00+00:00,RTY,gap,info_session_or_outage,gap of 3 days 00:00:00 (expected 1 days 00:00:00),parent_proxy
2019-03-04 00:00:00+00:00,RTY,gap,info_session_or_outage,gap of 3 days 00:00:00 (expected 1 days 00:00:00),parent_proxy
2019-03-11 00:00:00+00:00,RTY,gap,info_session_or_outage,gap of 3 days 00:00:00 (expected 1 days 00:00:00),parent_proxy
2019-03-18 00:00:00+00:00,RTY,gap,info_session_or_outage,gap of 3 days 00:00:00 (expected 1 days 00:00:00),parent_proxy
2019-03-25 00:00:00+00:00,RTY,gap,info_session_or_outage,gap of 3 days 00:00:00 (expected 1 days 00:00:00),parent_proxy
2019-04-01 00:00:00+00:00,RTY,gap,info_session_or_outage,gap of 3 days 00:00:00 (expected 1 days 00:00:00),parent_proxy
2019-04-08 00:00:00+00:00,RTY,gap,info_session_or_outage,gap of 3 days 00:00:00 (expected 1 days 00:00:00),parent_proxy
2019-04-15 00:00:00+00:00,RTY,gap,info_session_or_outage,gap of 3 days 00:00:00 (expected 1 days 00:00:00),parent_proxy
2019-04-22 00:00:00+00:00,RTY,gap,info_session_or_outage,gap of 4 days 00:00:00 (expected 1 days 00:00:00),parent_proxy
2019-04-29 00:00:00+00:00,RTY,gap,info_session_or_outage,gap of 3 days 00:00:00 (expected 1 days 00:00:00),parent_proxy
2019-05-06 00:00:00+00:00,RTY,gap,info_session_or_outage,gap of 3 days 00:00:00 (expected 1 days 00:00:00),parent_proxy
2019-05-13 00:00:00+00:00,RTY,gap,info_session_or_outage,gap of 3 days 00:00:00 (expected 1 days 00:00:00),parent_proxy
2019-05-20 00:00:00+00:00,RTY,gap,info_session_or_outage,gap of 3 days 00:00:00 (expected 1 days 00:00:00),parent_proxy
2019-05-28 00:00:00+00:00,RTY,gap,info_session_or_outage,gap of 4 days 00:00:00 (expected 1 days 00:00:00),parent_proxy
2019-06-03 00:00:00+00:00,RTY,gap,info_session_or_outage,gap of 3 days 00:00:00 (expected 1 days 00:00:00),parent_proxy
2019-06-10 00:00:00+00:00,RTY,gap,info_session_or_outage,gap of 3 days 00:00:00 (expected 1 days 00:00:00),parent_proxy
2019-06-17 00:00:00+00:00,RTY,gap,info_session_or_outage,gap of 3 days 00:00:00 (expected 1 days 00:00:00),parent_proxy
2019-06-24 00:00:00+00:00,RTY,gap,info_session_or_outage,gap of 3 days 00:00:00 (expected 1 days 00:00:00),parent_proxy
2019-07-01 00:00:00+00:00,RTY,gap,info_session_or_outage,gap of 3 days 00:00:00 (expected 1 days 00:00:00),parent_proxy
2019-07-05 00:00:00+00:00,RTY,gap,info_session_or_outage,gap of 2 days 00:00:00 (expected 1 days 00:00:00),parent_proxy
2019-07-08 00:00:00+00:00,RTY,gap,info_session_or_outage,gap of 3 days 00:00:00 (expected 1 days 00:00:00),parent_proxy
2019-07-15 00:00:00+00:00,RTY,gap,info_session_or_outage,gap of 3 days 00:00:00 (expected 1 days 00:00:00),parent_proxy
2019-07-22 00:00:00+00:00,RTY,gap,info_session_or_outage,gap of 3 days 00:00:00 (expected 1 days 00:00:00),parent_proxy
2019-07-29 00:00:00+00:00,RTY,gap,info_session_or_outage,gap of 3 days 00:00:00 (expected 1 days 00:00:00),parent_proxy
2019-08-05 00:00:00+00:00,RTY,gap,info_session_or_outage,gap of 3 days 00:00:00 (expected 1 days 00:00:00),parent_proxy
2019-08-12 00:00:00+00:00,RTY,gap,info_session_or_outage,gap of 3 days 00:00:00 (expected 1 days 00:00:00),parent_proxy
2019-08-19 00:00:00+00:00,RTY,gap,info_session_or_outage,gap of 3 days 00:00:00 (expected 1 days 00:00:00),parent_proxy
2019-08-26 00:00:00+00:00,RTY,gap,info_session_or_outage,gap of 3 days 00:00:00 (expected 1 days 00:00:00),parent_proxy
2019-09-03 00:00:00+00:00,RTY,gap,info_session_or_outage,gap of 4 days 00:00:00 (expected 1 days 00:00:00),parent_proxy
2019-09-09 00:00:00+00:00,RTY,gap,info_session_or_outage,gap of 3 days 00:00:00 (expected 1 days 00:00:00),parent_proxy
2019-09-16 00:00:00+00:00,RTY,gap,info_session_or_outage,gap of 3 days 00:00:00 (expected 1 days 00:00:00),parent_proxy
2019-09-23 00:00:00+00:00,RTY,gap,info_session_or_outage,gap of 3 days 00:00:00 (expected 1 days 00:00:00),parent_proxy
2019-09-30 00:00:00+00:00,RTY,gap,info_session_or_outage,gap of 3 days 00:00:00 (expected 1 days 00:00:00),parent_proxy
2019-10-07 00:00:00+00:00,RTY,gap,info_session_or_outage,gap of 3 days 00:00:00 (expected 1 days 00:00:00),parent_proxy
2019-10-14 00:00:00+00:00,RTY,gap,info_session_or_outage,gap of 3 days 00:00:00 (expected 1 days 00:00:00),parent_proxy
2019-10-21 00:00:00+00:00,RTY,gap,info_session_or_outage,gap of 3 days 00:00:00 (expected 1 days 00:00:00),parent_proxy
2019-10-28 00:00:00+00:00,RTY,gap,info_session_or_outage,gap of 3 days 00:00:00 (expected 1 days 00:00:00),parent_proxy
2019-11-04 00:00:00+00:00,RTY,gap,info_session_or_outage,gap of 3 days 00:00:00 (expected 1 days 00:00:00),parent_proxy
2019-11-11 00:00:00+00:00,RTY,gap,info_session_or_outage,gap of 3 days 00:00:00 (expected 1 days 00:00:00),parent_proxy
2019-11-18 00:00:00+00:00,RTY,gap,info_session_or_outage,gap of 3 days 00:00:00 (expected 1 days 00:00:00),parent_proxy
2019-11-25 00:00:00+00:00,RTY,gap,info_session_or_outage,gap of 3 days 00:00:00 (expected 1 days 00:00:00),parent_proxy
2019-11-29 00:00:00+00:00,RTY,gap,info_session_or_outage,gap of 2 days 00:00:00 (expected 1 days 00:00:00),parent_proxy
2019-12-02 00:00:00+00:00,RTY,gap,info_session_or_outage,gap of 3 days 00:00:00 (expected 1 days 00:00:00),parent_proxy
2019-12-09 00:00:00+00:00,RTY,gap,info_session_or_outage,gap of 3 days 00:00:00 (expected 1 days 00:00:00),parent_proxy
2019-12-16 00:00:00+00:00,RTY,gap,info_session_or_outage,gap of 3 days 00:00:00 (expected 1 days 00:00:00),parent_proxy
2019-12-23 00:00:00+00:00,RTY,gap,info_session_or_outage,gap of 3 days 00:00:00 (expected 1 days 00:00:00),parent_proxy
2019-12-26 00:00:00+00:00,RTY,gap,info_session_or_outage,gap of 2 days 00:00:00 (expected 1 days 00:00:00),parent_proxy
2019-12-30 00:00:00+00:00,RTY,gap,info_session_or_outage,gap of 3 days 00:00:00 (expected 1 days 00:00:00),parent_proxy
2020-01-02 00:00:00+00:00,RTY,gap,info_session_or_outage,gap of 2 days 00:00:00 (expected 1 days 00:00:00),parent_proxy
2020-01-06 00:00:00+00:00,RTY,gap,info_session_or_outage,gap of 3 days 00:00:00 (expected 1 days 00:00:00),parent_proxy
2020-01-13 00:00:00+00:00,RTY,gap,info_session_or_outage,gap of 3 days 00:00:00 (expected 1 days 00:00:00),parent_proxy
2020-01-21 00:00:00+00:00,RTY,gap,info_session_or_outage,gap of 4 days 00:00:00 (expected 1 days 00:00:00),parent_proxy
2020-01-27 00:00:00+00:00,RTY,gap,info_session_or_outage,gap of 3 days 00:00:00 (expected 1 days 00:00:00),parent_proxy
2020-02-03 00:00:00+00:00,RTY,gap,info_session_or_outage,gap of 3 days 00:00:00 (expected 1 days 00:00:00),parent_proxy
2020-02-10 00:00:00+00:00,RTY,gap,info_session_or_outage,gap of 3 days 00:00:00 (expected 1 days 00:00:00),parent_proxy
2020-02-18 00:00:00+00:00,RTY,gap,info_session_or_outage,gap of 4 days 00:00:00 (expected 1 days 00:00:00),parent_proxy
2020-02-24 00:00:00+00:00,RTY,gap,info_session_or_outage,gap of 3 days 00:00:00 (expected 1 days 00:00:00),parent_proxy
2020-03-02 00:00:00+00:00,RTY,gap,info_session_or_outage,gap of 3 days 00:00:00 (expected 1 days 00:00:00),parent_proxy
2020-03-09 00:00:00+00:00,RTY,gap,info_session_or_outage,gap of 3 days 00:00:00 (expected 1 days 00:00:00),parent_proxy
2020-03-16 00:00:00+00:00,RTY,gap,info_session_or_outage,gap of 3 days 00:00:00 (expected 1 days 00:00:00),parent_proxy
2020-03-23 00:00:00+00:00,RTY,gap,info_session_or_outage,gap of 3 days 00:00:00 (expected 1 days 00:00:00),parent_proxy
2020-03-30 00:00:00+00:00,RTY,gap,info_session_or_outage,gap of 3 days 00:00:00 (expected 1 days 00:00:00),parent_proxy
2020-04-06 00:00:00+00:00,RTY,gap,info_session_or_outage,gap of 3 days 00:00:00 (expected 1 days 00:00:00),parent_proxy
2020-04-13 00:00:00+00:00,RTY,gap,info_session_or_outage,gap of 4 days 00:00:00 (expected 1 days 00:00:00),parent_proxy
2020-04-20 00:00:00+00:00,RTY,gap,info_session_or_outage,gap of 3 days 00:00:00 (expected 1 days 00:00:00),parent_proxy
2020-04-27 00:00:00+00:00,RTY,gap,info_session_or_outage,gap of 3 days 00:00:00 (expected 1 days 00:00:00),parent_proxy
2020-05-04 00:00:00+00:00,RTY,gap,info_session_or_outage,gap of 3 days 00:00:00 (expected 1 days 00:00:00),parent_proxy
2020-05-11 00:00:00+00:00,RTY,gap,info_session_or_outage,gap of 3 days 00:00:00 (expected 1 days 00:00:00),parent_proxy
2020-05-18 00:00:00+00:00,RTY,gap,info_session_or_outage,gap of 3 days 00:00:00 (expected 1 days 00:00:00),parent_proxy
2020-05-26 00:00:00+00:00,RTY,gap,info_session_or_outage,gap of 4 days 00:00:00 (expected 1 days 00:00:00),parent_proxy
2020-06-01 00:00:00+00:00,RTY,gap,info_session_or_outage,gap of 3 days 00:00:00 (expected 1 days 00:00:00),parent_proxy
2020-06-08 00:00:00+00:00,RTY,gap,info_session_or_outage,gap of 3 days 00:00:00 (expected 1 days 00:00:00),parent_proxy
2020-06-15 00:00:00+00:00,RTY,gap,info_session_or_outage,gap of 3 days 00:00:00 (expected 1 days 00:00:00),parent_proxy
2020-06-22 00:00:00+00:00,RTY,gap,info_session_or_outage,gap of 3 days 00:00:00 (expected 1 days 00:00:00),parent_proxy
2020-06-29 00:00:00+00:00,RTY,gap,info_session_or_outage,gap of 3 days 00:00:00 (expected 1 days 00:00:00),parent_proxy
2020-07-06 00:00:00+00:00,RTY,gap,info_session_or_outage,gap of 4 days 00:00:00 (expected 1 days 00:00:00),parent_proxy
2020-07-13 00:00:00+00:00,RTY,gap,info_session_or_outage,gap of 3 days 00:00:00 (expected 1 days 00:00:00),parent_proxy
2020-07-20 00:00:00+00:00,RTY,gap,info_session_or_outage,gap of 3 days 00:00:00 (expected 1 days 00:00:00),parent_proxy
2020-07-27 00:00:00+00:00,RTY,gap,info_session_or_outage,gap of 3 days 00:00:00 (expected 1 days 00:00:00),parent_proxy
2020-08-03 00:00:00+00:00,RTY,gap,info_session_or_outage,gap of 3 days 00:00:00 (expected 1 days 00:00:00),parent_proxy
2020-08-10 00:00:00+00:00,RTY,gap,info_session_or_outage,gap of 3 days 00:00:00 (expected 1 days 00:00:00),parent_proxy
2020-08-17 00:00:00+00:00,RTY,gap,info_session_or_outage,gap of 3 days 00:00:00 (expected 1 days 00:00:00),parent_proxy
2020-08-24 00:00:00+00:00,RTY,gap,info_session_or_outage,gap of 3 days 00:00:00 (expected 1 days 00:00:00),parent_proxy
2020-08-31 00:00:00+00:00,RTY,gap,info_session_or_outage,gap of 3 days 00:00:00 (expected 1 days 00:00:00),parent_proxy
2020-09-08 00:00:00+00:00,RTY,gap,info_session_or_outage,gap of 4 days 00:00:00 (expected 1 days 00:00:00),parent_proxy
2020-09-14 00:00:00+00:00,RTY,gap,info_session_or_outage,gap of 3 days 00:00:00 (expected 1 days 00:00:00),parent_proxy
2020-09-21 00:00:00+00:00,RTY,gap,info_session_or_outage,gap of 3 days 00:00:00 (expected 1 days 00:00:00),parent_proxy
2020-09-28 00:00:00+00:00,RTY,gap,info_session_or_outage,gap of 3 days 00:00:00 (expected 1 days 00:00:00),parent_proxy
2020-10-05 00:00:00+00:00,RTY,gap,info_session_or_outage,gap of 3 days 00:00:00 (expected 1 days 00:00:00),parent_proxy
2020-10-12 00:00:00+00:00,RTY,gap,info_session_or_outage,gap of 3 days 00:00:00 (expected 1 days 00:00:00),parent_proxy
2020-10-19 00:00:00+00:00,RTY,gap,info_session_or_outage,gap of 3 days 00:00:00 (expected 1 days 00:00:00),parent_proxy
2020-10-26 00:00:00+00:00,RTY,gap,info_session_or_outage,gap of 3 days 00:00:00 (expected 1 days 00:00:00),parent_proxy
2020-11-02 00:00:00+00:00,RTY,gap,info_session_or_outage,gap of 3 days 00:00:00 (expected 1 days 00:00:00),parent_proxy
2020-11-09 00:00:00+00:00,RTY,gap,info_session_or_outage,gap of 3 days 00:00:00 (expected 1 days 00:00:00),parent_proxy
2020-11-16 00:00:00+00:00,RTY,gap,info_session_or_outage,gap of 3 days 00:00:00 (expected 1 days 00:00:00),parent_proxy
2020-11-23 00:00:00+00:00,RTY,gap,info_session_or_outage,gap of 3 days 00:00:00 (expected 1 days 00:00:00),parent_proxy
2020-11-27 00:00:00+00:00,RTY,gap,info_session_or_outage,gap of 2 days 00:00:00 (expected 1 days 00:00:00),parent_proxy
2020-11-30 00:00:00+00:00,RTY,gap,info_session_or_outage,gap of 3 days 00:00:00 (expected 1 days 00:00:00),parent_proxy
2020-12-07 00:00:00+00:00,RTY,gap,info_session_or_outage,gap of 3 days 00:00:00 (expected 1 days 00:00:00),parent_proxy
2020-12-14 00:00:00+00:00,RTY,gap,info_session_or_outage,gap of 3 days 00:00:00 (expected 1 days 00:00:00),parent_proxy
2020-12-21 00:00:00+00:00,RTY,gap,info_session_or_outage,gap of 3 days 00:00:00 (expected 1 days 00:00:00),parent_proxy
2020-12-28 00:00:00+00:00,RTY,gap,info_session_or_outage,gap of 4 days 00:00:00 (expected 1 days 00:00:00),parent_proxy
2021-01-04 00:00:00+00:00,RTY,gap,info_session_or_outage,gap of 4 days 00:00:00 (expected 1 days 00:00:00),parent_proxy
2021-01-11 00:00:00+00:00,RTY,gap,info_session_or_outage,gap of 3 days 00:00:00 (expected 1 days 00:00:00),parent_proxy
2021-01-19 00:00:00+00:00,RTY,gap,info_session_or_outage,gap of 4 days 00:00:00 (expected 1 days 00:00:00),parent_proxy
2021-01-25 00:00:00+00:00,RTY,gap,info_session_or_outage,gap of 3 days 00:00:00 (expected 1 days 00:00:00),parent_proxy
2021-02-01 00:00:00+00:00,RTY,gap,info_session_or_outage,gap of 3 days 00:00:00 (expected 1 days 00:00:00),parent_proxy
2021-02-08 00:00:00+00:00,RTY,gap,info_session_or_outage,gap of 3 days 00:00:00 (expected 1 days 00:00:00),parent_proxy
2021-02-16 00:00:00+00:00,RTY,gap,info_session_or_outage,gap of 4 days 00:00:00 (expected 1 days 00:00:00),parent_proxy
2021-02-22 00:00:00+00:00,RTY,gap,info_session_or_outage,gap of 3 days 00:00:00 (expected 1 days 00:00:00),parent_proxy
2021-03-01 00:00:00+00:00,RTY,gap,info_session_or_outage,gap of 3 days 00:00:00 (expected 1 days 00:00:00),parent_proxy
2021-03-08 00:00:00+00:00,RTY,gap,info_session_or_outage,gap of 3 days 00:00:00 (expected 1 days 00:00:00),parent_proxy
2021-03-15 00:00:00+00:00,RTY,gap,info_session_or_outage,gap of 3 days 00:00:00 (expected 1 days 00:00:00),parent_proxy
2021-03-22 00:00:00+00:00,RTY,gap,info_session_or_outage,gap of 3 days 00:00:00 (expected 1 days 00:00:00),parent_proxy
2021-03-29 00:00:00+00:00,RTY,gap,info_session_or_outage,gap of 3 days 00:00:00 (expected 1 days 00:00:00),parent_proxy
2021-04-05 00:00:00+00:00,RTY,gap,info_session_or_outage,gap of 4 days 00:00:00 (expected 1 days 00:00:00),parent_proxy
2021-04-12 00:00:00+00:00,RTY,gap,info_session_or_outage,gap of 3 days 00:00:00 (expected 1 days 00:00:00),parent_proxy
2021-04-19 00:00:00+00:00,RTY,gap,info_session_or_outage,gap of 3 days 00:00:00 (expected 1 days 00:00:00),parent_proxy
2021-04-26 00:00:00+00:00,RTY,gap,info_session_or_outage,gap of 3 days 00:00:00 (expected 1 days 00:00:00),parent_proxy
2021-05-03 00:00:00+00:00,RTY,gap,info_session_or_outage,gap of 3 days 00:00:00 (expected 1 days 00:00:00),parent_proxy
2021-05-10 00:00:00+00:00,RTY,gap,info_session_or_outage,gap of 3 days 00:00:00 (expected 1 days 00:00:00),parent_proxy
2021-05-17 00:00:00+00:00,RTY,gap,info_session_or_outage,gap of 3 days 00:00:00 (expected 1 days 00:00:00),parent_proxy
2021-05-24 00:00:00+00:00,RTY,gap,info_session_or_outage,gap of 3 days 00:00:00 (expected 1 days 00:00:00),parent_proxy
2021-06-01 00:00:00+00:00,RTY,gap,info_session_or_outage,gap of 4 days 00:00:00 (expected 1 days 00:00:00),parent_proxy
2021-06-07 00:00:00+00:00,RTY,gap,info_session_or_outage,gap of 3 days 00:00:00 (expected 1 days 00:00:00),parent_proxy
2021-06-14 00:00:00+00:00,RTY,gap,info_session_or_outage,gap of 3 days 00:00:00 (expected 1 days 00:00:00),parent_proxy
2021-06-21 00:00:00+00:00,RTY,gap,info_session_or_outage,gap of 3 days 00:00:00 (expected 1 days 00:00:00),parent_proxy
2021-06-28 00:00:00+00:00,RTY,gap,info_session_or_outage,gap of 3 days 00:00:00 (expected 1 days 00:00:00),parent_proxy
2021-07-06 00:00:00+00:00,RTY,gap,info_session_or_outage,gap of 4 days 00:00:00 (expected 1 days 00:00:00),parent_proxy
2021-07-12 00:00:00+00:00,RTY,gap,info_session_or_outage,gap of 3 days 00:00:00 (expected 1 days 00:00:00),parent_proxy
2021-07-19 00:00:00+00:00,RTY,gap,info_session_or_outage,gap of 3 days 00:00:00 (expected 1 days 00:00:00),parent_proxy
2021-07-26 00:00:00+00:00,RTY,gap,info_session_or_outage,gap of 3 days 00:00:00 (expected 1 days 00:00:00),parent_proxy
2021-08-02 00:00:00+00:00,RTY,gap,info_session_or_outage,gap of 3 days 00:00:00 (expected 1 days 00:00:00),parent_proxy
2021-08-09 00:00:00+00:00,RTY,gap,info_session_or_outage,gap of 3 days 00:00:00 (expected 1 days 00:00:00),parent_proxy
2021-08-16 00:00:00+00:00,RTY,gap,info_session_or_outage,gap of 3 days 00:00:00 (expected 1 days 00:00:00),parent_proxy
2021-08-23 00:00:00+00:00,RTY,gap,info_session_or_outage,gap of 3 days 00:00:00 (expected 1 days 00:00:00),parent_proxy
2021-08-30 00:00:00+00:00,RTY,gap,info_session_or_outage,gap of 3 days 00:00:00 (expected 1 days 00:00:00),parent_proxy
2021-09-07 00:00:00+00:00,RTY,gap,info_session_or_outage,gap of 4 days 00:00:00 (expected 1 days 00:00:00),parent_proxy
2021-09-13 00:00:00+00:00,RTY,gap,info_session_or_outage,gap of 3 days 00:00:00 (expected 1 days 00:00:00),parent_proxy
2021-09-20 00:00:00+00:00,RTY,gap,info_session_or_outage,gap of 3 days 00:00:00 (expected 1 days 00:00:00),parent_proxy
2021-09-27 00:00:00+00:00,RTY,gap,info_session_or_outage,gap of 3 days 00:00:00 (expected 1 days 00:00:00),parent_proxy
2021-10-04 00:00:00+00:00,RTY,gap,info_session_or_outage,gap of 3 days 00:00:00 (expected 1 days 00:00:00),parent_proxy
2021-10-11 00:00:00+00:00,RTY,gap,info_session_or_outage,gap of 3 days 00:00:00 (expected 1 days 00:00:00),parent_proxy
2021-10-18 00:00:00+00:00,RTY,gap,info_session_or_outage,gap of 3 days 00:00:00 (expected 1 days 00:00:00),parent_proxy
2021-10-25 00:00:00+00:00,RTY,gap,info_session_or_outage,gap of 3 days 00:00:00 (expected 1 days 00:00:00),parent_proxy
2021-11-01 00:00:00+00:00,RTY,gap,info_session_or_outage,gap of 3 days 00:00:00 (expected 1 days 00:00:00),parent_proxy
2021-11-08 00:00:00+00:00,RTY,gap,info_session_or_outage,gap of 3 days 00:00:00 (expected 1 days 00:00:00),parent_proxy
2021-11-15 00:00:00+00:00,RTY,gap,info_session_or_outage,gap of 3 days 00:00:00 (expected 1 days 00:00:00),parent_proxy
2021-11-22 00:00:00+00:00,RTY,gap,info_session_or_outage,gap of 3 days 00:00:00 (expected 1 days 00:00:00),parent_proxy
2021-11-26 00:00:00+00:00,RTY,gap,info_session_or_outage,gap of 2 days 00:00:00 (expected 1 days 00:00:00),parent_proxy
2021-11-29 00:00:00+00:00,RTY,gap,info_session_or_outage,gap of 3 days 00:00:00 (expected 1 days 00:00:00),parent_proxy
2021-12-06 00:00:00+00:00,RTY,gap,info_session_or_outage,gap of 3 days 00:00:00 (expected 1 days 00:00:00),parent_proxy
2021-12-13 00:00:00+00:00,RTY,gap,info_session_or_outage,gap of 3 days 00:00:00 (expected 1 days 00:00:00),parent_proxy
2021-12-20 00:00:00+00:00,RTY,gap,info_session_or_outage,gap of 3 days 00:00:00 (expected 1 days 00:00:00),parent_proxy
2021-12-27 00:00:00+00:00,RTY,gap,info_session_or_outage,gap of 4 days 00:00:00 (expected 1 days 00:00:00),parent_proxy
2022-01-03 00:00:00+00:00,RTY,gap,info_session_or_outage,gap of 3 days 00:00:00 (expected 1 days 00:00:00),parent_proxy
2022-01-10 00:00:00+00:00,RTY,gap,info_session_or_outage,gap of 3 days 00:00:00 (expected 1 days 00:00:00),parent_proxy
2022-01-18 00:00:00+00:00,RTY,gap,info_session_or_outage,gap of 4 days 00:00:00 (expected 1 days 00:00:00),parent_proxy
2022-01-24 00:00:00+00:00,RTY,gap,info_session_or_outage,gap of 3 days 00:00:00 (expected 1 days 00:00:00),parent_proxy
2022-01-31 00:00:00+00:00,RTY,gap,info_session_or_outage,gap of 3 days 00:00:00 (expected 1 days 00:00:00),parent_proxy
2022-02-07 00:00:00+00:00,RTY,gap,info_session_or_outage,gap of 3 days 00:00:00 (expected 1 days 00:00:00),parent_proxy
2022-02-14 00:00:00+00:00,RTY,gap,info_session_or_outage,gap of 3 days 00:00:00 (expected 1 days 00:00:00),parent_proxy
2022-02-22 00:00:00+00:00,RTY,gap,info_session_or_outage,gap of 4 days 00:00:00 (expected 1 days 00:00:00),parent_proxy
2022-02-28 00:00:00+00:00,RTY,gap,info_session_or_outage,gap of 3 days 00:00:00 (expected 1 days 00:00:00),parent_proxy
2022-03-07 00:00:00+00:00,RTY,gap,info_session_or_outage,gap of 3 days 00:00:00 (expected 1 days 00:00:00),parent_proxy
2022-03-14 00:00:00+00:00,RTY,gap,info_session_or_outage,gap of 3 days 00:00:00 (expected 1 days 00:00:00),parent_proxy
2022-03-21 00:00:00+00:00,RTY,gap,info_session_or_outage,gap of 3 days 00:00:00 (expected 1 days 00:00:00),parent_proxy
2022-03-28 00:00:00+00:00,RTY,gap,info_session_or_outage,gap of 3 days 00:00:00 (expected 1 days 00:00:00),parent_proxy
2022-04-04 00:00:00+00:00,RTY,gap,info_session_or_outage,gap of 3 days 00:00:00 (expected 1 days 00:00:00),parent_proxy
2022-04-11 00:00:00+00:00,RTY,gap,info_session_or_outage,gap of 3 days 00:00:00 (expected 1 days 00:00:00),parent_proxy
2022-04-18 00:00:00+00:00,RTY,gap,info_session_or_outage,gap of 4 days 00:00:00 (expected 1 days 00:00:00),parent_proxy
2022-04-25 00:00:00+00:00,RTY,gap,info_session_or_outage,gap of 3 days 00:00:00 (expected 1 days 00:00:00),parent_proxy
2022-05-02 00:00:00+00:00,RTY,gap,info_session_or_outage,gap of 3 days 00:00:00 (expected 1 days 00:00:00),parent_proxy
2022-05-09 00:00:00+00:00,RTY,gap,info_session_or_outage,gap of 3 days 00:00:00 (expected 1 days 00:00:00),parent_proxy
2022-05-16 00:00:00+00:00,RTY,gap,info_session_or_outage,gap of 3 days 00:00:00 (expected 1 days 00:00:00),parent_proxy
2022-05-23 00:00:00+00:00,RTY,gap,info_session_or_outage,gap of 3 days 00:00:00 (expected 1 days 00:00:00),parent_proxy
2022-05-31 00:00:00+00:00,RTY,gap,info_session_or_outage,gap of 4 days 00:00:00 (expected 1 days 00:00:00),parent_proxy
2022-06-06 00:00:00+00:00,RTY,gap,info_session_or_outage,gap of 3 days 00:00:00 (expected 1 days 00:00:00),parent_proxy
2022-06-13 00:00:00+00:00,RTY,gap,info_session_or_outage,gap of 3 days 00:00:00 (expected 1 days 00:00:00),parent_proxy
2022-06-21 00:00:00+00:00,RTY,gap,info_session_or_outage,gap of 4 days 00:00:00 (expected 1 days 00:00:00),parent_proxy
2022-06-27 00:00:00+00:00,RTY,gap,info_session_or_outage,gap of 3 days 00:00:00 (expected 1 days 00:00:00),parent_proxy
2022-07-05 00:00:00+00:00,RTY,gap,info_session_or_outage,gap of 4 days 00:00:00 (expected 1 days 00:00:00),parent_proxy
2022-07-11 00:00:00+00:00,RTY,gap,info_session_or_outage,gap of 3 days 00:00:00 (expected 1 days 00:00:00),parent_proxy
2022-07-18 00:00:00+00:00,RTY,gap,info_session_or_outage,gap of 3 days 00:00:00 (expected 1 days 00:00:00),parent_proxy
2022-07-25 00:00:00+00:00,RTY,gap,info_session_or_outage,gap of 3 days 00:00:00 (expected 1 days 00:00:00),parent_proxy
2022-08-01 00:00:00+00:00,RTY,gap,info_session_or_outage,gap of 3 days 00:00:00 (expected 1 days 00:00:00),parent_proxy
2022-08-08 00:00:00+00:00,RTY,gap,info_session_or_outage,gap of 3 days 00:00:00 (expected 1 days 00:00:00),parent_proxy
2022-08-15 00:00:00+00:00,RTY,gap,info_session_or_outage,gap of 3 days 00:00:00 (expected 1 days 00:00:00),parent_proxy
2022-08-22 00:00:00+00:00,RTY,gap,info_session_or_outage,gap of 3 days 00:00:00 (expected 1 days 00:00:00),parent_proxy
2022-08-29 00:00:00+00:00,RTY,gap,info_session_or_outage,gap of 3 days 00:00:00 (expected 1 days 00:00:00),parent_proxy
2022-09-06 00:00:00+00:00,RTY,gap,info_session_or_outage,gap of 4 days 00:00:00 (expected 1 days 00:00:00),parent_proxy
2022-09-12 00:00:00+00:00,RTY,gap,info_session_or_outage,gap of 3 days 00:00:00 (expected 1 days 00:00:00),parent_proxy
2022-09-19 00:00:00+00:00,RTY,gap,info_session_or_outage,gap of 3 days 00:00:00 (expected 1 days 00:00:00),parent_proxy
2022-09-26 00:00:00+00:00,RTY,gap,info_session_or_outage,gap of 3 days 00:00:00 (expected 1 days 00:00:00),parent_proxy
2022-10-03 00:00:00+00:00,RTY,gap,info_session_or_outage,gap of 3 days 00:00:00 (expected 1 days 00:00:00),parent_proxy
2022-10-10 00:00:00+00:00,RTY,gap,info_session_or_outage,gap of 3 days 00:00:00 (expected 1 days 00:00:00),parent_proxy
2022-10-17 00:00:00+00:00,RTY,gap,info_session_or_outage,gap of 3 days 00:00:00 (expected 1 days 00:00:00),parent_proxy
2022-10-24 00:00:00+00:00,RTY,gap,info_session_or_outage,gap of 3 days 00:00:00 (expected 1 days 00:00:00),parent_proxy
2022-10-31 00:00:00+00:00,RTY,gap,info_session_or_outage,gap of 3 days 00:00:00 (expected 1 days 00:00:00),parent_proxy
2022-11-07 00:00:00+00:00,RTY,gap,info_session_or_outage,gap of 3 days 00:00:00 (expected 1 days 00:00:00),parent_proxy
2022-11-14 00:00:00+00:00,RTY,gap,info_session_or_outage,gap of 3 days 00:00:00 (expected 1 days 00:00:00),parent_proxy
2022-11-21 00:00:00+00:00,RTY,gap,info_session_or_outage,gap of 3 days 00:00:00 (expected 1 days 00:00:00),parent_proxy
2022-11-25 00:00:00+00:00,RTY,gap,info_session_or_outage,gap of 2 days 00:00:00 (expected 1 days 00:00:00),parent_proxy
2022-11-28 00:00:00+00:00,RTY,gap,info_session_or_outage,gap of 3 days 00:00:00 (expected 1 days 00:00:00),parent_proxy
2022-12-05 00:00:00+00:00,RTY,gap,info_session_or_outage,gap of 3 days 00:00:00 (expected 1 days 00:00:00),parent_proxy
2022-12-12 00:00:00+00:00,RTY,gap,info_session_or_outage,gap of 3 days 00:00:00 (expected 1 days 00:00:00),parent_proxy
2022-12-19 00:00:00+00:00,RTY,gap,info_session_or_outage,gap of 3 days 00:00:00 (expected 1 days 00:00:00),parent_proxy
2022-12-27 00:00:00+00:00,RTY,gap,info_session_or_outage,gap of 4 days 00:00:00 (expected 1 days 00:00:00),parent_proxy
2023-01-03 00:00:00+00:00,RTY,gap,info_session_or_outage,gap of 4 days 00:00:00 (expected 1 days 00:00:00),parent_proxy
2023-01-09 00:00:00+00:00,RTY,gap,info_session_or_outage,gap of 3 days 00:00:00 (expected 1 days 00:00:00),parent_proxy
2023-01-17 00:00:00+00:00,RTY,gap,info_session_or_outage,gap of 4 days 00:00:00 (expected 1 days 00:00:00),parent_proxy
2023-01-23 00:00:00+00:00,RTY,gap,info_session_or_outage,gap of 3 days 00:00:00 (expected 1 days 00:00:00),parent_proxy
2023-01-30 00:00:00+00:00,RTY,gap,info_session_or_outage,gap of 3 days 00:00:00 (expected 1 days 00:00:00),parent_proxy
2023-02-06 00:00:00+00:00,RTY,gap,info_session_or_outage,gap of 3 days 00:00:00 (expected 1 days 00:00:00),parent_proxy
2023-02-13 00:00:00+00:00,RTY,gap,info_session_or_outage,gap of 3 days 00:00:00 (expected 1 days 00:00:00),parent_proxy
2023-02-21 00:00:00+00:00,RTY,gap,info_session_or_outage,gap of 4 days 00:00:00 (expected 1 days 00:00:00),parent_proxy
2023-02-27 00:00:00+00:00,RTY,gap,info_session_or_outage,gap of 3 days 00:00:00 (expected 1 days 00:00:00),parent_proxy
2023-03-06 00:00:00+00:00,RTY,gap,info_session_or_outage,gap of 3 days 00:00:00 (expected 1 days 00:00:00),parent_proxy
2023-03-13 00:00:00+00:00,RTY,gap,info_session_or_outage,gap of 3 days 00:00:00 (expected 1 days 00:00:00),parent_proxy
2023-03-20 00:00:00+00:00,RTY,gap,info_session_or_outage,gap of 3 days 00:00:00 (expected 1 days 00:00:00),parent_proxy
2023-03-27 00:00:00+00:00,RTY,gap,info_session_or_outage,gap of 3 days 00:00:00 (expected 1 days 00:00:00),parent_proxy
2023-04-03 00:00:00+00:00,RTY,gap,info_session_or_outage,gap of 3 days 00:00:00 (expected 1 days 00:00:00),parent_proxy
2023-04-10 00:00:00+00:00,RTY,gap,info_session_or_outage,gap of 4 days 00:00:00 (expected 1 days 00:00:00),parent_proxy
2023-04-17 00:00:00+00:00,RTY,gap,info_session_or_outage,gap of 3 days 00:00:00 (expected 1 days 00:00:00),parent_proxy
2023-04-24 00:00:00+00:00,RTY,gap,info_session_or_outage,gap of 3 days 00:00:00 (expected 1 days 00:00:00),parent_proxy
2023-05-01 00:00:00+00:00,RTY,gap,info_session_or_outage,gap of 3 days 00:00:00 (expected 1 days 00:00:00),parent_proxy
2023-05-08 00:00:00+00:00,RTY,gap,info_session_or_outage,gap of 3 days 00:00:00 (expected 1 days 00:00:00),parent_proxy
2023-05-15 00:00:00+00:00,RTY,gap,info_session_or_outage,gap of 3 days 00:00:00 (expected 1 days 00:00:00),parent_proxy
2023-05-22 00:00:00+00:00,RTY,gap,info_session_or_outage,gap of 3 days 00:00:00 (expected 1 days 00:00:00),parent_proxy
2023-05-30 00:00:00+00:00,RTY,gap,info_session_or_outage,gap of 4 days 00:00:00 (expected 1 days 00:00:00),parent_proxy
2023-06-05 00:00:00+00:00,RTY,gap,info_session_or_outage,gap of 3 days 00:00:00 (expected 1 days 00:00:00),parent_proxy
2023-06-12 00:00:00+00:00,RTY,gap,info_session_or_outage,gap of 3 days 00:00:00 (expected 1 days 00:00:00),parent_proxy
2023-06-20 00:00:00+00:00,RTY,gap,info_session_or_outage,gap of 4 days 00:00:00 (expected 1 days 00:00:00),parent_proxy
2023-06-26 00:00:00+00:00,RTY,gap,info_session_or_outage,gap of 3 days 00:00:00 (expected 1 days 00:00:00),parent_proxy
2023-07-03 00:00:00+00:00,RTY,gap,info_session_or_outage,gap of 3 days 00:00:00 (expected 1 days 00:00:00),parent_proxy
2023-07-05 00:00:00+00:00,RTY,gap,info_session_or_outage,gap of 2 days 00:00:00 (expected 1 days 00:00:00),parent_proxy
2023-07-10 00:00:00+00:00,RTY,gap,info_session_or_outage,gap of 3 days 00:00:00 (expected 1 days 00:00:00),parent_proxy
2023-07-17 00:00:00+00:00,RTY,gap,info_session_or_outage,gap of 3 days 00:00:00 (expected 1 days 00:00:00),parent_proxy
2023-07-24 00:00:00+00:00,RTY,gap,info_session_or_outage,gap of 3 days 00:00:00 (expected 1 days 00:00:00),parent_proxy
2023-07-31 00:00:00+00:00,RTY,gap,info_session_or_outage,gap of 3 days 00:00:00 (expected 1 days 00:00:00),parent_proxy
2023-08-07 00:00:00+00:00,RTY,gap,info_session_or_outage,gap of 3 days 00:00:00 (expected 1 days 00:00:00),parent_proxy
2023-08-14 00:00:00+00:00,RTY,gap,info_session_or_outage,gap of 3 days 00:00:00 (expected 1 days 00:00:00),parent_proxy
2023-08-21 00:00:00+00:00,RTY,gap,info_session_or_outage,gap of 3 days 00:00:00 (expected 1 days 00:00:00),parent_proxy
2023-08-28 00:00:00+00:00,RTY,gap,info_session_or_outage,gap of 3 days 00:00:00 (expected 1 days 00:00:00),parent_proxy
2023-09-05 00:00:00+00:00,RTY,gap,info_session_or_outage,gap of 4 days 00:00:00 (expected 1 days 00:00:00),parent_proxy
2023-09-11 00:00:00+00:00,RTY,gap,info_session_or_outage,gap of 3 days 00:00:00 (expected 1 days 00:00:00),parent_proxy
2023-09-18 00:00:00+00:00,RTY,gap,info_session_or_outage,gap of 3 days 00:00:00 (expected 1 days 00:00:00),parent_proxy
2023-09-25 00:00:00+00:00,RTY,gap,info_session_or_outage,gap of 3 days 00:00:00 (expected 1 days 00:00:00),parent_proxy
2023-10-02 00:00:00+00:00,RTY,gap,info_session_or_outage,gap of 3 days 00:00:00 (expected 1 days 00:00:00),parent_proxy
2023-10-09 00:00:00+00:00,RTY,gap,info_session_or_outage,gap of 3 days 00:00:00 (expected 1 days 00:00:00),parent_proxy
2023-10-16 00:00:00+00:00,RTY,gap,info_session_or_outage,gap of 3 days 00:00:00 (expected 1 days 00:00:00),parent_proxy
2023-10-23 00:00:00+00:00,RTY,gap,info_session_or_outage,gap of 3 days 00:00:00 (expected 1 days 00:00:00),parent_proxy
2023-10-30 00:00:00+00:00,RTY,gap,info_session_or_outage,gap of 3 days 00:00:00 (expected 1 days 00:00:00),parent_proxy
2023-11-06 00:00:00+00:00,RTY,gap,info_session_or_outage,gap of 3 days 00:00:00 (expected 1 days 00:00:00),parent_proxy
2023-11-13 00:00:00+00:00,RTY,gap,info_session_or_outage,gap of 3 days 00:00:00 (expected 1 days 00:00:00),parent_proxy
2023-11-20 00:00:00+00:00,RTY,gap,info_session_or_outage,gap of 3 days 00:00:00 (expected 1 days 00:00:00),parent_proxy
2023-11-27 00:00:00+00:00,RTY,gap,info_session_or_outage,gap of 3 days 00:00:00 (expected 1 days 00:00:00),parent_proxy
2023-12-04 00:00:00+00:00,RTY,gap,info_session_or_outage,gap of 3 days 00:00:00 (expected 1 days 00:00:00),parent_proxy
2023-12-11 00:00:00+00:00,RTY,gap,info_session_or_outage,gap of 3 days 00:00:00 (expected 1 days 00:00:00),parent_proxy
2023-12-18 00:00:00+00:00,RTY,gap,info_session_or_outage,gap of 3 days 00:00:00 (expected 1 days 00:00:00),parent_proxy
2023-12-26 00:00:00+00:00,RTY,gap,info_session_or_outage,gap of 4 days 00:00:00 (expected 1 days 00:00:00),parent_proxy
2024-01-02 00:00:00+00:00,RTY,gap,info_session_or_outage,gap of 4 days 00:00:00 (expected 1 days 00:00:00),parent_proxy
2024-01-08 00:00:00+00:00,RTY,gap,info_session_or_outage,gap of 3 days 00:00:00 (expected 1 days 00:00:00),parent_proxy
2024-01-16 00:00:00+00:00,RTY,gap,info_session_or_outage,gap of 4 days 00:00:00 (expected 1 days 00:00:00),parent_proxy
2024-01-22 00:00:00+00:00,RTY,gap,info_session_or_outage,gap of 3 days 00:00:00 (expected 1 days 00:00:00),parent_proxy
2024-01-29 00:00:00+00:00,RTY,gap,info_session_or_outage,gap of 3 days 00:00:00 (expected 1 days 00:00:00),parent_proxy
2024-02-05 00:00:00+00:00,RTY,gap,info_session_or_outage,gap of 3 days 00:00:00 (expected 1 days 00:00:00),parent_proxy
2024-02-12 00:00:00+00:00,RTY,gap,info_session_or_outage,gap of 3 days 00:00:00 (expected 1 days 00:00:00),parent_proxy
2024-02-20 00:00:00+00:00,RTY,gap,info_session_or_outage,gap of 4 days 00:00:00 (expected 1 days 00:00:00),parent_proxy
2024-02-26 00:00:00+00:00,RTY,gap,info_session_or_outage,gap of 3 days 00:00:00 (expected 1 days 00:00:00),parent_proxy
2024-03-04 00:00:00+00:00,RTY,gap,info_session_or_outage,gap of 3 days 00:00:00 (expected 1 days 00:00:00),parent_proxy
2024-03-11 00:00:00+00:00,RTY,gap,info_session_or_outage,gap of 3 days 00:00:00 (expected 1 days 00:00:00),parent_proxy
2024-03-18 00:00:00+00:00,RTY,gap,info_session_or_outage,gap of 3 days 00:00:00 (expected 1 days 00:00:00),parent_proxy
2024-03-25 00:00:00+00:00,RTY,gap,info_session_or_outage,gap of 3 days 00:00:00 (expected 1 days 00:00:00),parent_proxy
2024-04-01 00:00:00+00:00,RTY,gap,info_session_or_outage,gap of 4 days 00:00:00 (expected 1 days 00:00:00),parent_proxy
2024-04-08 00:00:00+00:00,RTY,gap,info_session_or_outage,gap of 3 days 00:00:00 (expected 1 days 00:00:00),parent_proxy
2024-04-15 00:00:00+00:00,RTY,gap,info_session_or_outage,gap of 3 days 00:00:00 (expected 1 days 00:00:00),parent_proxy
2024-04-22 00:00:00+00:00,RTY,gap,info_session_or_outage,gap of 3 days 00:00:00 (expected 1 days 00:00:00),parent_proxy
2024-04-29 00:00:00+00:00,RTY,gap,info_session_or_outage,gap of 3 days 00:00:00 (expected 1 days 00:00:00),parent_proxy
2024-05-06 00:00:00+00:00,RTY,gap,info_session_or_outage,gap of 3 days 00:00:00 (expected 1 days 00:00:00),parent_proxy
2024-05-13 00:00:00+00:00,RTY,gap,info_session_or_outage,gap of 3 days 00:00:00 (expected 1 days 00:00:00),parent_proxy
2024-05-20 00:00:00+00:00,RTY,gap,info_session_or_outage,gap of 3 days 00:00:00 (expected 1 days 00:00:00),parent_proxy
2024-05-28 00:00:00+00:00,RTY,gap,info_session_or_outage,gap of 4 days 00:00:00 (expected 1 days 00:00:00),parent_proxy
2024-06-03 00:00:00+00:00,RTY,gap,info_session_or_outage,gap of 3 days 00:00:00 (expected 1 days 00:00:00),parent_proxy
2024-06-10 00:00:00+00:00,RTY,gap,info_session_or_outage,gap of 3 days 00:00:00 (expected 1 days 00:00:00),parent_proxy
2024-06-17 00:00:00+00:00,RTY,gap,info_session_or_outage,gap of 3 days 00:00:00 (expected 1 days 00:00:00),parent_proxy
2024-06-20 00:00:00+00:00,RTY,gap,info_session_or_outage,gap of 2 days 00:00:00 (expected 1 days 00:00:00),parent_proxy
2024-06-24 00:00:00+00:00,RTY,gap,info_session_or_outage,gap of 3 days 00:00:00 (expected 1 days 00:00:00),parent_proxy
2024-07-01 00:00:00+00:00,RTY,gap,info_session_or_outage,gap of 3 days 00:00:00 (expected 1 days 00:00:00),parent_proxy
2024-07-05 00:00:00+00:00,RTY,gap,info_session_or_outage,gap of 2 days 00:00:00 (expected 1 days 00:00:00),parent_proxy
2024-07-08 00:00:00+00:00,RTY,gap,info_session_or_outage,gap of 3 days 00:00:00 (expected 1 days 00:00:00),parent_proxy
2024-07-15 00:00:00+00:00,RTY,gap,info_session_or_outage,gap of 3 days 00:00:00 (expected 1 days 00:00:00),parent_proxy
2024-07-22 00:00:00+00:00,RTY,gap,info_session_or_outage,gap of 3 days 00:00:00 (expected 1 days 00:00:00),parent_proxy
2024-07-29 00:00:00+00:00,RTY,gap,info_session_or_outage,gap of 3 days 00:00:00 (expected 1 days 00:00:00),parent_proxy
2024-08-05 00:00:00+00:00,RTY,gap,info_session_or_outage,gap of 3 days 00:00:00 (expected 1 days 00:00:00),parent_proxy
2024-08-12 00:00:00+00:00,RTY,gap,info_session_or_outage,gap of 3 days 00:00:00 (expected 1 days 00:00:00),parent_proxy
2024-08-19 00:00:00+00:00,RTY,gap,info_session_or_outage,gap of 3 days 00:00:00 (expected 1 days 00:00:00),parent_proxy
2024-08-26 00:00:00+00:00,RTY,gap,info_session_or_outage,gap of 3 days 00:00:00 (expected 1 days 00:00:00),parent_proxy
2024-09-03 00:00:00+00:00,RTY,gap,info_session_or_outage,gap of 4 days 00:00:00 (expected 1 days 00:00:00),parent_proxy
2024-09-09 00:00:00+00:00,RTY,gap,info_session_or_outage,gap of 3 days 00:00:00 (expected 1 days 00:00:00),parent_proxy
2024-09-16 00:00:00+00:00,RTY,gap,info_session_or_outage,gap of 3 days 00:00:00 (expected 1 days 00:00:00),parent_proxy
2024-09-23 00:00:00+00:00,RTY,gap,info_session_or_outage,gap of 3 days 00:00:00 (expected 1 days 00:00:00),parent_proxy
2024-09-30 00:00:00+00:00,RTY,gap,info_session_or_outage,gap of 3 days 00:00:00 (expected 1 days 00:00:00),parent_proxy
2024-10-07 00:00:00+00:00,RTY,gap,info_session_or_outage,gap of 3 days 00:00:00 (expected 1 days 00:00:00),parent_proxy
2024-10-14 00:00:00+00:00,RTY,gap,info_session_or_outage,gap of 3 days 00:00:00 (expected 1 days 00:00:00),parent_proxy
2024-10-21 00:00:00+00:00,RTY,gap,info_session_or_outage,gap of 3 days 00:00:00 (expected 1 days 00:00:00),parent_proxy
2024-10-28 00:00:00+00:00,RTY,gap,info_session_or_outage,gap of 3 days 00:00:00 (expected 1 days 00:00:00),parent_proxy
2024-11-04 00:00:00+00:00,RTY,gap,info_session_or_outage,gap of 3 days 00:00:00 (expected 1 days 00:00:00),parent_proxy
2024-11-11 00:00:00+00:00,RTY,gap,info_session_or_outage,gap of 3 days 00:00:00 (expected 1 days 00:00:00),parent_proxy
2024-11-18 00:00:00+00:00,RTY,gap,info_session_or_outage,gap of 3 days 00:00:00 (expected 1 days 00:00:00),parent_proxy
2024-11-25 00:00:00+00:00,RTY,gap,info_session_or_outage,gap of 3 days 00:00:00 (expected 1 days 00:00:00),parent_proxy
2024-11-29 00:00:00+00:00,RTY,gap,info_session_or_outage,gap of 2 days 00:00:00 (expected 1 days 00:00:00),parent_proxy
2024-12-02 00:00:00+00:00,RTY,gap,info_session_or_outage,gap of 3 days 00:00:00 (expected 1 days 00:00:00),parent_proxy
2024-12-09 00:00:00+00:00,RTY,gap,info_session_or_outage,gap of 3 days 00:00:00 (expected 1 days 00:00:00),parent_proxy
2024-12-16 00:00:00+00:00,RTY,gap,info_session_or_outage,gap of 3 days 00:00:00 (expected 1 days 00:00:00),parent_proxy
2024-12-23 00:00:00+00:00,RTY,gap,info_session_or_outage,gap of 3 days 00:00:00 (expected 1 days 00:00:00),parent_proxy
2024-12-26 00:00:00+00:00,RTY,gap,info_session_or_outage,gap of 2 days 00:00:00 (expected 1 days 00:00:00),parent_proxy
2024-12-30 00:00:00+00:00,RTY,gap,info_session_or_outage,gap of 3 days 00:00:00 (expected 1 days 00:00:00),parent_proxy
2025-01-02 00:00:00+00:00,RTY,gap,info_session_or_outage,gap of 2 days 00:00:00 (expected 1 days 00:00:00),parent_proxy
2025-01-06 00:00:00+00:00,RTY,gap,info_session_or_outage,gap of 3 days 00:00:00 (expected 1 days 00:00:00),parent_proxy
2025-01-13 00:00:00+00:00,RTY,gap,info_session_or_outage,gap of 3 days 00:00:00 (expected 1 days 00:00:00),parent_proxy
2025-01-21 00:00:00+00:00,RTY,gap,info_session_or_outage,gap of 4 days 00:00:00 (expected 1 days 00:00:00),parent_proxy
2025-01-27 00:00:00+00:00,RTY,gap,info_session_or_outage,gap of 3 days 00:00:00 (expected 1 days 00:00:00),parent_proxy
2025-02-03 00:00:00+00:00,RTY,gap,info_session_or_outage,gap of 3 days 00:00:00 (expected 1 days 00:00:00),parent_proxy
2025-02-10 00:00:00+00:00,RTY,gap,info_session_or_outage,gap of 3 days 00:00:00 (expected 1 days 00:00:00),parent_proxy
2025-02-18 00:00:00+00:00,RTY,gap,info_session_or_outage,gap of 4 days 00:00:00 (expected 1 days 00:00:00),parent_proxy
2025-02-24 00:00:00+00:00,RTY,gap,info_session_or_outage,gap of 3 days 00:00:00 (expected 1 days 00:00:00),parent_proxy
2025-03-03 00:00:00+00:00,RTY,gap,info_session_or_outage,gap of 3 days 00:00:00 (expected 1 days 00:00:00),parent_proxy
2025-03-10 00:00:00+00:00,RTY,gap,info_session_or_outage,gap of 3 days 00:00:00 (expected 1 days 00:00:00),parent_proxy
2025-03-17 00:00:00+00:00,RTY,gap,info_session_or_outage,gap of 3 days 00:00:00 (expected 1 days 00:00:00),parent_proxy
2025-03-24 00:00:00+00:00,RTY,gap,info_session_or_outage,gap of 3 days 00:00:00 (expected 1 days 00:00:00),parent_proxy
2025-03-31 00:00:00+00:00,RTY,gap,info_session_or_outage,gap of 3 days 00:00:00 (expected 1 days 00:00:00),parent_proxy
2025-04-07 00:00:00+00:00,RTY,gap,info_session_or_outage,gap of 3 days 00:00:00 (expected 1 days 00:00:00),parent_proxy
2025-04-14 00:00:00+00:00,RTY,gap,info_session_or_outage,gap of 3 days 00:00:00 (expected 1 days 00:00:00),parent_proxy
2025-04-21 00:00:00+00:00,RTY,gap,info_session_or_outage,gap of 4 days 00:00:00 (expected 1 days 00:00:00),parent_proxy
2025-04-28 00:00:00+00:00,RTY,gap,info_session_or_outage,gap of 3 days 00:00:00 (expected 1 days 00:00:00),parent_proxy
2025-05-05 00:00:00+00:00,RTY,gap,info_session_or_outage,gap of 3 days 00:00:00 (expected 1 days 00:00:00),parent_proxy
2025-05-12 00:00:00+00:00,RTY,gap,info_session_or_outage,gap of 3 days 00:00:00 (expected 1 days 00:00:00),parent_proxy
2025-05-19 00:00:00+00:00,RTY,gap,info_session_or_outage,gap of 3 days 00:00:00 (expected 1 days 00:00:00),parent_proxy
2025-05-27 00:00:00+00:00,RTY,gap,info_session_or_outage,gap of 4 days 00:00:00 (expected 1 days 00:00:00),parent_proxy
2025-06-02 00:00:00+00:00,RTY,gap,info_session_or_outage,gap of 3 days 00:00:00 (expected 1 days 00:00:00),parent_proxy
2025-06-09 00:00:00+00:00,RTY,gap,info_session_or_outage,gap of 3 days 00:00:00 (expected 1 days 00:00:00),parent_proxy
2025-06-16 00:00:00+00:00,RTY,gap,info_session_or_outage,gap of 3 days 00:00:00 (expected 1 days 00:00:00),parent_proxy
2025-06-20 00:00:00+00:00,RTY,gap,info_session_or_outage,gap of 2 days 00:00:00 (expected 1 days 00:00:00),parent_proxy
2025-06-23 00:00:00+00:00,RTY,gap,info_session_or_outage,gap of 3 days 00:00:00 (expected 1 days 00:00:00),parent_proxy
2025-06-30 00:00:00+00:00,RTY,gap,info_session_or_outage,gap of 3 days 00:00:00 (expected 1 days 00:00:00),parent_proxy
2025-07-07 00:00:00+00:00,RTY,gap,info_session_or_outage,gap of 3 days 00:00:00 (expected 1 days 00:00:00),parent_proxy
2025-07-14 00:00:00+00:00,RTY,gap,info_session_or_outage,gap of 3 days 00:00:00 (expected 1 days 00:00:00),parent_proxy
2025-07-21 00:00:00+00:00,RTY,gap,info_session_or_outage,gap of 3 days 00:00:00 (expected 1 days 00:00:00),parent_proxy
2025-07-28 00:00:00+00:00,RTY,gap,info_session_or_outage,gap of 3 days 00:00:00 (expected 1 days 00:00:00),parent_proxy
2025-08-04 00:00:00+00:00,RTY,gap,info_session_or_outage,gap of 3 days 00:00:00 (expected 1 days 00:00:00),parent_proxy
2025-08-11 00:00:00+00:00,RTY,gap,info_session_or_outage,gap of 3 days 00:00:00 (expected 1 days 00:00:00),parent_proxy
2025-08-18 00:00:00+00:00,RTY,gap,info_session_or_outage,gap of 3 days 00:00:00 (expected 1 days 00:00:00),parent_proxy
2025-08-25 00:00:00+00:00,RTY,gap,info_session_or_outage,gap of 3 days 00:00:00 (expected 1 days 00:00:00),parent_proxy
2025-09-02 00:00:00+00:00,RTY,gap,info_session_or_outage,gap of 4 days 00:00:00 (expected 1 days 00:00:00),parent_proxy
2025-09-08 00:00:00+00:00,RTY,gap,info_session_or_outage,gap of 3 days 00:00:00 (expected 1 days 00:00:00),parent_proxy
2025-09-15 00:00:00+00:00,RTY,gap,info_session_or_outage,gap of 3 days 00:00:00 (expected 1 days 00:00:00),parent_proxy
2025-09-22 00:00:00+00:00,RTY,gap,info_session_or_outage,gap of 3 days 00:00:00 (expected 1 days 00:00:00),parent_proxy
2025-09-29 00:00:00+00:00,RTY,gap,info_session_or_outage,gap of 3 days 00:00:00 (expected 1 days 00:00:00),parent_proxy
2025-10-06 00:00:00+00:00,RTY,gap,info_session_or_outage,gap of 3 days 00:00:00 (expected 1 days 00:00:00),parent_proxy
2025-10-13 00:00:00+00:00,RTY,gap,info_session_or_outage,gap of 3 days 00:00:00 (expected 1 days 00:00:00),parent_proxy
2025-10-20 00:00:00+00:00,RTY,gap,info_session_or_outage,gap of 3 days 00:00:00 (expected 1 days 00:00:00),parent_proxy
2025-10-27 00:00:00+00:00,RTY,gap,info_session_or_outage,gap of 3 days 00:00:00 (expected 1 days 00:00:00),parent_proxy
2025-11-03 00:00:00+00:00,RTY,gap,info_session_or_outage,gap of 3 days 00:00:00 (expected 1 days 00:00:00),parent_proxy
2025-11-10 00:00:00+00:00,RTY,gap,info_session_or_outage,gap of 3 days 00:00:00 (expected 1 days 00:00:00),parent_proxy
2025-11-17 00:00:00+00:00,RTY,gap,info_session_or_outage,gap of 3 days 00:00:00 (expected 1 days 00:00:00),parent_proxy
2025-11-24 00:00:00+00:00,RTY,gap,info_session_or_outage,gap of 3 days 00:00:00 (expected 1 days 00:00:00),parent_proxy
2025-11-28 00:00:00+00:00,RTY,gap,info_session_or_outage,gap of 2 days 00:00:00 (expected 1 days 00:00:00),parent_proxy
2025-12-01 00:00:00+00:00,RTY,gap,info_session_or_outage,gap of 3 days 00:00:00 (expected 1 days 00:00:00),parent_proxy
2025-12-08 00:00:00+00:00,RTY,gap,info_session_or_outage,gap of 3 days 00:00:00 (expected 1 days 00:00:00),parent_proxy
2025-12-15 00:00:00+00:00,RTY,gap,info_session_or_outage,gap of 3 days 00:00:00 (expected 1 days 00:00:00),parent_proxy
2025-12-22 00:00:00+00:00,RTY,gap,info_session_or_outage,gap of 3 days 00:00:00 (expected 1 days 00:00:00),parent_proxy
2025-12-26 00:00:00+00:00,RTY,gap,info_session_or_outage,gap of 2 days 00:00:00 (expected 1 days 00:00:00),parent_proxy
2025-12-29 00:00:00+00:00,RTY,gap,info_session_or_outage,gap of 3 days 00:00:00 (expected 1 days 00:00:00),parent_proxy
2026-01-02 00:00:00+00:00,RTY,gap,info_session_or_outage,gap of 2 days 00:00:00 (expected 1 days 00:00:00),parent_proxy
2026-01-05 00:00:00+00:00,RTY,gap,info_session_or_outage,gap of 3 days 00:00:00 (expected 1 days 00:00:00),parent_proxy
2026-01-12 00:00:00+00:00,RTY,gap,info_session_or_outage,gap of 3 days 00:00:00 (expected 1 days 00:00:00),parent_proxy
2026-01-20 00:00:00+00:00,RTY,gap,info_session_or_outage,gap of 4 days 00:00:00 (expected 1 days 00:00:00),parent_proxy
2026-01-26 00:00:00+00:00,RTY,gap,info_session_or_outage,gap of 3 days 00:00:00 (expected 1 days 00:00:00),parent_proxy
2026-02-02 00:00:00+00:00,RTY,gap,info_session_or_outage,gap of 3 days 00:00:00 (expected 1 days 00:00:00),parent_proxy
2026-02-09 00:00:00+00:00,RTY,gap,info_session_or_outage,gap of 3 days 00:00:00 (expected 1 days 00:00:00),parent_proxy
2026-02-17 00:00:00+00:00,RTY,gap,info_session_or_outage,gap of 4 days 00:00:00 (expected 1 days 00:00:00),parent_proxy
2026-02-23 00:00:00+00:00,RTY,gap,info_session_or_outage,gap of 3 days 00:00:00 (expected 1 days 00:00:00),parent_proxy
2026-03-02 00:00:00+00:00,RTY,gap,info_session_or_outage,gap of 3 days 00:00:00 (expected 1 days 00:00:00),parent_proxy
2026-03-09 00:00:00+00:00,RTY,gap,info_session_or_outage,gap of 3 days 00:00:00 (expected 1 days 00:00:00),parent_proxy
2026-03-16 00:00:00+00:00,RTY,gap,info_session_or_outage,gap of 3 days 00:00:00 (expected 1 days 00:00:00),parent_proxy
2026-03-23 00:00:00+00:00,RTY,gap,info_session_or_outage,gap of 3 days 00:00:00 (expected 1 days 00:00:00),parent_proxy
2026-03-30 00:00:00+00:00,RTY,gap,info_session_or_outage,gap of 3 days 00:00:00 (expected 1 days 00:00:00),parent_proxy
2026-04-06 00:00:00+00:00,RTY,gap,info_session_or_outage,gap of 4 days 00:00:00 (expected 1 days 00:00:00),parent_proxy
2026-04-13 00:00:00+00:00,RTY,gap,info_session_or_outage,gap of 3 days 00:00:00 (expected 1 days 00:00:00),parent_proxy
2026-04-20 00:00:00+00:00,RTY,gap,info_session_or_outage,gap of 3 days 00:00:00 (expected 1 days 00:00:00),parent_proxy
2026-04-27 00:00:00+00:00,RTY,gap,info_session_or_outage,gap of 3 days 00:00:00 (expected 1 days 00:00:00),parent_proxy
2026-05-04 00:00:00+00:00,RTY,gap,info_session_or_outage,gap of 3 days 00:00:00 (expected 1 days 00:00:00),parent_proxy
2026-05-11 00:00:00+00:00,RTY,gap,info_session_or_outage,gap of 3 days 00:00:00 (expected 1 days 00:00:00),parent_proxy
2026-05-18 00:00:00+00:00,RTY,gap,info_session_or_outage,gap of 3 days 00:00:00 (expected 1 days 00:00:00),parent_proxy
2026-05-26 00:00:00+00:00,RTY,gap,info_session_or_outage,gap of 4 days 00:00:00 (expected 1 days 00:00:00),parent_proxy
2026-06-01 00:00:00+00:00,RTY,gap,info_session_or_outage,gap of 3 days 00:00:00 (expected 1 days 00:00:00),parent_proxy
2026-06-08 00:00:00+00:00,RTY,gap,info_session_or_outage,gap of 3 days 00:00:00 (expected 1 days 00:00:00),parent_proxy
2026-06-15 00:00:00+00:00,RTY,gap,info_session_or_outage,gap of 3 days 00:00:00 (expected 1 days 00:00:00),parent_proxy
2026-06-22 00:00:00+00:00,RTY,gap,info_session_or_outage,gap of 4 days 00:00:00 (expected 1 days 00:00:00),parent_proxy
2026-06-29 00:00:00+00:00,RTY,gap,info_session_or_outage,gap of 3 days 00:00:00 (expected 1 days 00:00:00),parent_proxy
2026-07-06 00:00:00+00:00,RTY,gap,info_session_or_outage,gap of 4 days 00:00:00 (expected 1 days 00:00:00),parent_proxy
2026-07-13 00:00:00+00:00,RTY,gap,info_session_or_outage,gap of 3 days 00:00:00 (expected 1 days 00:00:00),parent_proxy
2026-07-20 00:00:00+00:00,RTY,gap,info_session_or_outage,gap of 3 days 00:00:00 (expected 1 days 00:00:00),parent_proxy
2026-07-27 00:00:00+00:00,RTY,gap,info_session_or_outage,gap of 3 days 00:00:00 (expected 1 days 00:00:00),parent_proxy
2010-01-11 00:00:00+00:00,YM,gap,info_session_or_outage,gap of 3 days 00:00:00 (expected 1 days 00:00:00),parent_proxy
2010-01-19 00:00:00+00:00,YM,gap,info_session_or_outage,gap of 4 days 00:00:00 (expected 1 days 00:00:00),parent_proxy
2010-01-25 00:00:00+00:00,YM,gap,info_session_or_outage,gap of 3 days 00:00:00 (expected 1 days 00:00:00),parent_proxy
2010-02-01 00:00:00+00:00,YM,gap,info_session_or_outage,gap of 3 days 00:00:00 (expected 1 days 00:00:00),parent_proxy
2010-02-08 00:00:00+00:00,YM,gap,info_session_or_outage,gap of 3 days 00:00:00 (expected 1 days 00:00:00),parent_proxy
2010-02-16 00:00:00+00:00,YM,gap,info_session_or_outage,gap of 4 days 00:00:00 (expected 1 days 00:00:00),parent_proxy
2010-02-22 00:00:00+00:00,YM,gap,info_session_or_outage,gap of 3 days 00:00:00 (expected 1 days 00:00:00),parent_proxy
2010-03-01 00:00:00+00:00,YM,gap,info_session_or_outage,gap of 3 days 00:00:00 (expected 1 days 00:00:00),parent_proxy
2010-03-08 00:00:00+00:00,YM,gap,info_session_or_outage,gap of 3 days 00:00:00 (expected 1 days 00:00:00),parent_proxy
2010-03-15 00:00:00+00:00,YM,gap,info_session_or_outage,gap of 3 days 00:00:00 (expected 1 days 00:00:00),parent_proxy
2010-03-22 00:00:00+00:00,YM,gap,info_session_or_outage,gap of 3 days 00:00:00 (expected 1 days 00:00:00),parent_proxy
2010-03-29 00:00:00+00:00,YM,gap,info_session_or_outage,gap of 3 days 00:00:00 (expected 1 days 00:00:00),parent_proxy
2010-04-05 00:00:00+00:00,YM,gap,info_session_or_outage,gap of 4 days 00:00:00 (expected 1 days 00:00:00),parent_proxy
2010-04-12 00:00:00+00:00,YM,gap,info_session_or_outage,gap of 3 days 00:00:00 (expected 1 days 00:00:00),parent_proxy
2010-04-19 00:00:00+00:00,YM,gap,info_session_or_outage,gap of 3 days 00:00:00 (expected 1 days 00:00:00),parent_proxy
2010-04-26 00:00:00+00:00,YM,gap,info_session_or_outage,gap of 3 days 00:00:00 (expected 1 days 00:00:00),parent_proxy
2010-05-03 00:00:00+00:00,YM,gap,info_session_or_outage,gap of 3 days 00:00:00 (expected 1 days 00:00:00),parent_proxy
2010-05-10 00:00:00+00:00,YM,gap,info_session_or_outage,gap of 3 days 00:00:00 (expected 1 days 00:00:00),parent_proxy
2010-05-17 00:00:00+00:00,YM,gap,info_session_or_outage,gap of 3 days 00:00:00 (expected 1 days 00:00:00),parent_proxy
2010-05-24 00:00:00+00:00,YM,gap,info_session_or_outage,gap of 3 days 00:00:00 (expected 1 days 00:00:00),parent_proxy
2010-06-01 00:00:00+00:00,YM,gap,info_session_or_outage,gap of 4 days 00:00:00 (expected 1 days 00:00:00),parent_proxy
2010-06-07 00:00:00+00:00,YM,gap,info_session_or_outage,gap of 3 days 00:00:00 (expected 1 days 00:00:00),parent_proxy
2010-06-14 00:00:00+00:00,YM,gap,info_session_or_outage,gap of 3 days 00:00:00 (expected 1 days 00:00:00),parent_proxy
2010-06-21 00:00:00+00:00,YM,gap,info_session_or_outage,gap of 3 days 00:00:00 (expected 1 days 00:00:00),parent_proxy
2010-06-28 00:00:00+00:00,YM,gap,info_session_or_outage,gap of 3 days 00:00:00 (expected 1 days 00:00:00),parent_proxy
2010-07-06 00:00:00+00:00,YM,gap,info_session_or_outage,gap of 4 days 00:00:00 (expected 1 days 00:00:00),parent_proxy
2010-07-12 00:00:00+00:00,YM,gap,info_session_or_outage,gap of 3 days 00:00:00 (expected 1 days 00:00:00),parent_proxy
2010-07-19 00:00:00+00:00,YM,gap,info_session_or_outage,gap of 3 days 00:00:00 (expected 1 days 00:00:00),parent_proxy
2010-07-26 00:00:00+00:00,YM,gap,info_session_or_outage,gap of 3 days 00:00:00 (expected 1 days 00:00:00),parent_proxy
2010-08-02 00:00:00+00:00,YM,gap,info_session_or_outage,gap of 3 days 00:00:00 (expected 1 days 00:00:00),parent_proxy
2010-08-09 00:00:00+00:00,YM,gap,info_session_or_outage,gap of 3 days 00:00:00 (expected 1 days 00:00:00),parent_proxy
2010-08-16 00:00:00+00:00,YM,gap,info_session_or_outage,gap of 3 days 00:00:00 (expected 1 days 00:00:00),parent_proxy
2010-08-23 00:00:00+00:00,YM,gap,info_session_or_outage,gap of 3 days 00:00:00 (expected 1 days 00:00:00),parent_proxy
2010-08-30 00:00:00+00:00,YM,gap,info_session_or_outage,gap of 3 days 00:00:00 (expected 1 days 00:00:00),parent_proxy
2010-09-07 00:00:00+00:00,YM,gap,info_session_or_outage,gap of 4 days 00:00:00 (expected 1 days 00:00:00),parent_proxy
2010-09-13 00:00:00+00:00,YM,gap,info_session_or_outage,gap of 3 days 00:00:00 (expected 1 days 00:00:00),parent_proxy
2010-09-20 00:00:00+00:00,YM,gap,info_session_or_outage,gap of 3 days 00:00:00 (expected 1 days 00:00:00),parent_proxy
2010-09-27 00:00:00+00:00,YM,gap,info_session_or_outage,gap of 3 days 00:00:00 (expected 1 days 00:00:00),parent_proxy
2010-10-04 00:00:00+00:00,YM,gap,info_session_or_outage,gap of 3 days 00:00:00 (expected 1 days 00:00:00),parent_proxy
2010-10-11 00:00:00+00:00,YM,gap,info_session_or_outage,gap of 3 days 00:00:00 (expected 1 days 00:00:00),parent_proxy
2010-10-18 00:00:00+00:00,YM,gap,info_session_or_outage,gap of 3 days 00:00:00 (expected 1 days 00:00:00),parent_proxy
2010-10-25 00:00:00+00:00,YM,gap,info_session_or_outage,gap of 3 days 00:00:00 (expected 1 days 00:00:00),parent_proxy
2010-11-01 00:00:00+00:00,YM,gap,info_session_or_outage,gap of 3 days 00:00:00 (expected 1 days 00:00:00),parent_proxy
2010-11-08 00:00:00+00:00,YM,gap,info_session_or_outage,gap of 3 days 00:00:00 (expected 1 days 00:00:00),parent_proxy
2010-11-15 00:00:00+00:00,YM,gap,info_session_or_outage,gap of 3 days 00:00:00 (expected 1 days 00:00:00),parent_proxy
2010-11-22 00:00:00+00:00,YM,gap,info_session_or_outage,gap of 3 days 00:00:00 (expected 1 days 00:00:00),parent_proxy
2010-11-26 00:00:00+00:00,YM,gap,info_session_or_outage,gap of 2 days 00:00:00 (expected 1 days 00:00:00),parent_proxy
2010-11-29 00:00:00+00:00,YM,gap,info_session_or_outage,gap of 3 days 00:00:00 (expected 1 days 00:00:00),parent_proxy
2010-12-06 00:00:00+00:00,YM,gap,info_session_or_outage,gap of 3 days 00:00:00 (expected 1 days 00:00:00),parent_proxy
2010-12-13 00:00:00+00:00,YM,gap,info_session_or_outage,gap of 3 days 00:00:00 (expected 1 days 00:00:00),parent_proxy
2010-12-20 00:00:00+00:00,YM,gap,info_session_or_outage,gap of 3 days 00:00:00 (expected 1 days 00:00:00),parent_proxy
2010-12-27 00:00:00+00:00,YM,gap,info_session_or_outage,gap of 4 days 00:00:00 (expected 1 days 00:00:00),parent_proxy
2011-01-03 00:00:00+00:00,YM,gap,info_session_or_outage,gap of 3 days 00:00:00 (expected 1 days 00:00:00),parent_proxy
2011-01-10 00:00:00+00:00,YM,gap,info_session_or_outage,gap of 3 days 00:00:00 (expected 1 days 00:00:00),parent_proxy
2011-01-18 00:00:00+00:00,YM,gap,info_session_or_outage,gap of 4 days 00:00:00 (expected 1 days 00:00:00),parent_proxy
2011-01-24 00:00:00+00:00,YM,gap,info_session_or_outage,gap of 3 days 00:00:00 (expected 1 days 00:00:00),parent_proxy
2011-01-31 00:00:00+00:00,YM,gap,info_session_or_outage,gap of 3 days 00:00:00 (expected 1 days 00:00:00),parent_proxy
2011-02-07 00:00:00+00:00,YM,gap,info_session_or_outage,gap of 3 days 00:00:00 (expected 1 days 00:00:00),parent_proxy
2011-02-14 00:00:00+00:00,YM,gap,info_session_or_outage,gap of 3 days 00:00:00 (expected 1 days 00:00:00),parent_proxy
2011-02-22 00:00:00+00:00,YM,gap,info_session_or_outage,gap of 4 days 00:00:00 (expected 1 days 00:00:00),parent_proxy
2011-02-28 00:00:00+00:00,YM,gap,info_session_or_outage,gap of 3 days 00:00:00 (expected 1 days 00:00:00),parent_proxy
2011-03-07 00:00:00+00:00,YM,gap,info_session_or_outage,gap of 3 days 00:00:00 (expected 1 days 00:00:00),parent_proxy
2011-03-14 00:00:00+00:00,YM,gap,info_session_or_outage,gap of 3 days 00:00:00 (expected 1 days 00:00:00),parent_proxy
2011-03-21 00:00:00+00:00,YM,gap,info_session_or_outage,gap of 3 days 00:00:00 (expected 1 days 00:00:00),parent_proxy
2011-03-28 00:00:00+00:00,YM,gap,info_session_or_outage,gap of 3 days 00:00:00 (expected 1 days 00:00:00),parent_proxy
2011-04-04 00:00:00+00:00,YM,gap,info_session_or_outage,gap of 3 days 00:00:00 (expected 1 days 00:00:00),parent_proxy
2011-04-11 00:00:00+00:00,YM,gap,info_session_or_outage,gap of 3 days 00:00:00 (expected 1 days 00:00:00),parent_proxy
2011-04-18 00:00:00+00:00,YM,gap,info_session_or_outage,gap of 3 days 00:00:00 (expected 1 days 00:00:00),parent_proxy
2011-04-25 00:00:00+00:00,YM,gap,info_session_or_outage,gap of 4 days 00:00:00 (expected 1 days 00:00:00),parent_proxy
2011-05-02 00:00:00+00:00,YM,gap,info_session_or_outage,gap of 3 days 00:00:00 (expected 1 days 00:00:00),parent_proxy
2011-05-09 00:00:00+00:00,YM,gap,info_session_or_outage,gap of 3 days 00:00:00 (expected 1 days 00:00:00),parent_proxy
2011-05-16 00:00:00+00:00,YM,gap,info_session_or_outage,gap of 3 days 00:00:00 (expected 1 days 00:00:00),parent_proxy
2011-05-23 00:00:00+00:00,YM,gap,info_session_or_outage,gap of 3 days 00:00:00 (expected 1 days 00:00:00),parent_proxy
2011-05-31 00:00:00+00:00,YM,gap,info_session_or_outage,gap of 4 days 00:00:00 (expected 1 days 00:00:00),parent_proxy
2011-06-06 00:00:00+00:00,YM,gap,info_session_or_outage,gap of 3 days 00:00:00 (expected 1 days 00:00:00),parent_proxy
2011-06-13 00:00:00+00:00,YM,gap,info_session_or_outage,gap of 3 days 00:00:00 (expected 1 days 00:00:00),parent_proxy
2011-06-20 00:00:00+00:00,YM,gap,info_session_or_outage,gap of 3 days 00:00:00 (expected 1 days 00:00:00),parent_proxy
2011-06-27 00:00:00+00:00,YM,gap,info_session_or_outage,gap of 3 days 00:00:00 (expected 1 days 00:00:00),parent_proxy
2011-07-05 00:00:00+00:00,YM,gap,info_session_or_outage,gap of 4 days 00:00:00 (expected 1 days 00:00:00),parent_proxy
2011-07-11 00:00:00+00:00,YM,gap,info_session_or_outage,gap of 3 days 00:00:00 (expected 1 days 00:00:00),parent_proxy
2011-07-18 00:00:00+00:00,YM,gap,info_session_or_outage,gap of 3 days 00:00:00 (expected 1 days 00:00:00),parent_proxy
2011-07-25 00:00:00+00:00,YM,gap,info_session_or_outage,gap of 3 days 00:00:00 (expected 1 days 00:00:00),parent_proxy
2011-08-01 00:00:00+00:00,YM,gap,info_session_or_outage,gap of 3 days 00:00:00 (expected 1 days 00:00:00),parent_proxy
2011-08-08 00:00:00+00:00,YM,gap,info_session_or_outage,gap of 3 days 00:00:00 (expected 1 days 00:00:00),parent_proxy
2011-08-15 00:00:00+00:00,YM,gap,info_session_or_outage,gap of 3 days 00:00:00 (expected 1 days 00:00:00),parent_proxy
2011-08-22 00:00:00+00:00,YM,gap,info_session_or_outage,gap of 3 days 00:00:00 (expected 1 days 00:00:00),parent_proxy
2011-08-29 00:00:00+00:00,YM,gap,info_session_or_outage,gap of 3 days 00:00:00 (expected 1 days 00:00:00),parent_proxy
2011-09-06 00:00:00+00:00,YM,gap,info_session_or_outage,gap of 4 days 00:00:00 (expected 1 days 00:00:00),parent_proxy
2011-09-12 00:00:00+00:00,YM,gap,info_session_or_outage,gap of 3 days 00:00:00 (expected 1 days 00:00:00),parent_proxy
2011-09-19 00:00:00+00:00,YM,gap,info_session_or_outage,gap of 3 days 00:00:00 (expected 1 days 00:00:00),parent_proxy
2011-09-26 00:00:00+00:00,YM,gap,info_session_or_outage,gap of 3 days 00:00:00 (expected 1 days 00:00:00),parent_proxy
2011-10-03 00:00:00+00:00,YM,gap,info_session_or_outage,gap of 3 days 00:00:00 (expected 1 days 00:00:00),parent_proxy
2011-10-10 00:00:00+00:00,YM,gap,info_session_or_outage,gap of 3 days 00:00:00 (expected 1 days 00:00:00),parent_proxy
2011-10-17 00:00:00+00:00,YM,gap,info_session_or_outage,gap of 3 days 00:00:00 (expected 1 days 00:00:00),parent_proxy
2011-10-24 00:00:00+00:00,YM,gap,info_session_or_outage,gap of 3 days 00:00:00 (expected 1 days 00:00:00),parent_proxy
2011-10-31 00:00:00+00:00,YM,gap,info_session_or_outage,gap of 3 days 00:00:00 (expected 1 days 00:00:00),parent_proxy
2011-11-07 00:00:00+00:00,YM,gap,info_session_or_outage,gap of 3 days 00:00:00 (expected 1 days 00:00:00),parent_proxy
2011-11-14 00:00:00+00:00,YM,gap,info_session_or_outage,gap of 3 days 00:00:00 (expected 1 days 00:00:00),parent_proxy
2011-11-21 00:00:00+00:00,YM,gap,info_session_or_outage,gap of 3 days 00:00:00 (expected 1 days 00:00:00),parent_proxy
2011-11-25 00:00:00+00:00,YM,gap,info_session_or_outage,gap of 2 days 00:00:00 (expected 1 days 00:00:00),parent_proxy
2011-11-28 00:00:00+00:00,YM,gap,info_session_or_outage,gap of 3 days 00:00:00 (expected 1 days 00:00:00),parent_proxy
2011-12-05 00:00:00+00:00,YM,gap,info_session_or_outage,gap of 3 days 00:00:00 (expected 1 days 00:00:00),parent_proxy
2011-12-12 00:00:00+00:00,YM,gap,info_session_or_outage,gap of 3 days 00:00:00 (expected 1 days 00:00:00),parent_proxy
2011-12-19 00:00:00+00:00,YM,gap,info_session_or_outage,gap of 3 days 00:00:00 (expected 1 days 00:00:00),parent_proxy
2011-12-27 00:00:00+00:00,YM,gap,info_session_or_outage,gap of 4 days 00:00:00 (expected 1 days 00:00:00),parent_proxy
2012-01-03 00:00:00+00:00,YM,gap,info_session_or_outage,gap of 4 days 00:00:00 (expected 1 days 00:00:00),parent_proxy
2012-01-09 00:00:00+00:00,YM,gap,info_session_or_outage,gap of 3 days 00:00:00 (expected 1 days 00:00:00),parent_proxy
2012-01-17 00:00:00+00:00,YM,gap,info_session_or_outage,gap of 4 days 00:00:00 (expected 1 days 00:00:00),parent_proxy
2012-01-23 00:00:00+00:00,YM,gap,info_session_or_outage,gap of 3 days 00:00:00 (expected 1 days 00:00:00),parent_proxy
2012-01-30 00:00:00+00:00,YM,gap,info_session_or_outage,gap of 3 days 00:00:00 (expected 1 days 00:00:00),parent_proxy
2012-02-06 00:00:00+00:00,YM,gap,info_session_or_outage,gap of 3 days 00:00:00 (expected 1 days 00:00:00),parent_proxy
2012-02-13 00:00:00+00:00,YM,gap,info_session_or_outage,gap of 3 days 00:00:00 (expected 1 days 00:00:00),parent_proxy
2012-02-21 00:00:00+00:00,YM,gap,info_session_or_outage,gap of 4 days 00:00:00 (expected 1 days 00:00:00),parent_proxy
2012-02-27 00:00:00+00:00,YM,gap,info_session_or_outage,gap of 3 days 00:00:00 (expected 1 days 00:00:00),parent_proxy
2012-03-05 00:00:00+00:00,YM,gap,info_session_or_outage,gap of 3 days 00:00:00 (expected 1 days 00:00:00),parent_proxy
2012-03-12 00:00:00+00:00,YM,gap,info_session_or_outage,gap of 3 days 00:00:00 (expected 1 days 00:00:00),parent_proxy
2012-03-19 00:00:00+00:00,YM,gap,info_session_or_outage,gap of 3 days 00:00:00 (expected 1 days 00:00:00),parent_proxy
2012-03-26 00:00:00+00:00,YM,gap,info_session_or_outage,gap of 3 days 00:00:00 (expected 1 days 00:00:00),parent_proxy
2012-04-02 00:00:00+00:00,YM,gap,info_session_or_outage,gap of 3 days 00:00:00 (expected 1 days 00:00:00),parent_proxy
2012-04-09 00:00:00+00:00,YM,gap,info_session_or_outage,gap of 4 days 00:00:00 (expected 1 days 00:00:00),parent_proxy
2012-04-16 00:00:00+00:00,YM,gap,info_session_or_outage,gap of 3 days 00:00:00 (expected 1 days 00:00:00),parent_proxy
2012-04-23 00:00:00+00:00,YM,gap,info_session_or_outage,gap of 3 days 00:00:00 (expected 1 days 00:00:00),parent_proxy
2012-04-30 00:00:00+00:00,YM,gap,info_session_or_outage,gap of 3 days 00:00:00 (expected 1 days 00:00:00),parent_proxy
2012-05-07 00:00:00+00:00,YM,gap,info_session_or_outage,gap of 3 days 00:00:00 (expected 1 days 00:00:00),parent_proxy
2012-05-14 00:00:00+00:00,YM,gap,info_session_or_outage,gap of 3 days 00:00:00 (expected 1 days 00:00:00),parent_proxy
2012-05-21 00:00:00+00:00,YM,gap,info_session_or_outage,gap of 3 days 00:00:00 (expected 1 days 00:00:00),parent_proxy
2012-05-29 00:00:00+00:00,YM,gap,info_session_or_outage,gap of 4 days 00:00:00 (expected 1 days 00:00:00),parent_proxy
2012-06-04 00:00:00+00:00,YM,gap,info_session_or_outage,gap of 3 days 00:00:00 (expected 1 days 00:00:00),parent_proxy
2012-06-11 00:00:00+00:00,YM,gap,info_session_or_outage,gap of 3 days 00:00:00 (expected 1 days 00:00:00),parent_proxy
2012-06-18 00:00:00+00:00,YM,gap,info_session_or_outage,gap of 3 days 00:00:00 (expected 1 days 00:00:00),parent_proxy
2012-06-25 00:00:00+00:00,YM,gap,info_session_or_outage,gap of 3 days 00:00:00 (expected 1 days 00:00:00),parent_proxy
2012-07-02 00:00:00+00:00,YM,gap,info_session_or_outage,gap of 3 days 00:00:00 (expected 1 days 00:00:00),parent_proxy
2012-07-05 00:00:00+00:00,YM,gap,info_session_or_outage,gap of 2 days 00:00:00 (expected 1 days 00:00:00),parent_proxy
2012-07-09 00:00:00+00:00,YM,gap,info_session_or_outage,gap of 3 days 00:00:00 (expected 1 days 00:00:00),parent_proxy
2012-07-16 00:00:00+00:00,YM,gap,info_session_or_outage,gap of 3 days 00:00:00 (expected 1 days 00:00:00),parent_proxy
2012-07-23 00:00:00+00:00,YM,gap,info_session_or_outage,gap of 3 days 00:00:00 (expected 1 days 00:00:00),parent_proxy
2012-07-30 00:00:00+00:00,YM,gap,info_session_or_outage,gap of 3 days 00:00:00 (expected 1 days 00:00:00),parent_proxy
2012-08-06 00:00:00+00:00,YM,gap,info_session_or_outage,gap of 3 days 00:00:00 (expected 1 days 00:00:00),parent_proxy
2012-08-13 00:00:00+00:00,YM,gap,info_session_or_outage,gap of 3 days 00:00:00 (expected 1 days 00:00:00),parent_proxy
2012-08-20 00:00:00+00:00,YM,gap,info_session_or_outage,gap of 3 days 00:00:00 (expected 1 days 00:00:00),parent_proxy
2012-08-27 00:00:00+00:00,YM,gap,info_session_or_outage,gap of 3 days 00:00:00 (expected 1 days 00:00:00),parent_proxy
2012-09-04 00:00:00+00:00,YM,gap,info_session_or_outage,gap of 4 days 00:00:00 (expected 1 days 00:00:00),parent_proxy
2012-09-10 00:00:00+00:00,YM,gap,info_session_or_outage,gap of 3 days 00:00:00 (expected 1 days 00:00:00),parent_proxy
2012-09-17 00:00:00+00:00,YM,gap,info_session_or_outage,gap of 3 days 00:00:00 (expected 1 days 00:00:00),parent_proxy
2012-09-24 00:00:00+00:00,YM,gap,info_session_or_outage,gap of 3 days 00:00:00 (expected 1 days 00:00:00),parent_proxy
2012-10-01 00:00:00+00:00,YM,gap,info_session_or_outage,gap of 3 days 00:00:00 (expected 1 days 00:00:00),parent_proxy
2012-10-08 00:00:00+00:00,YM,gap,info_session_or_outage,gap of 3 days 00:00:00 (expected 1 days 00:00:00),parent_proxy
2012-10-15 00:00:00+00:00,YM,gap,info_session_or_outage,gap of 3 days 00:00:00 (expected 1 days 00:00:00),parent_proxy
2012-10-22 00:00:00+00:00,YM,gap,info_session_or_outage,gap of 3 days 00:00:00 (expected 1 days 00:00:00),parent_proxy
2012-10-31 00:00:00+00:00,YM,gap,info_session_or_outage,gap of 5 days 00:00:00 (expected 1 days 00:00:00),parent_proxy
2012-11-05 00:00:00+00:00,YM,gap,info_session_or_outage,gap of 3 days 00:00:00 (expected 1 days 00:00:00),parent_proxy
2012-11-12 00:00:00+00:00,YM,gap,info_session_or_outage,gap of 3 days 00:00:00 (expected 1 days 00:00:00),parent_proxy
2012-11-19 00:00:00+00:00,YM,gap,info_session_or_outage,gap of 3 days 00:00:00 (expected 1 days 00:00:00),parent_proxy
2012-11-23 00:00:00+00:00,YM,gap,info_session_or_outage,gap of 2 days 00:00:00 (expected 1 days 00:00:00),parent_proxy
2012-11-26 00:00:00+00:00,YM,gap,info_session_or_outage,gap of 3 days 00:00:00 (expected 1 days 00:00:00),parent_proxy
2012-12-03 00:00:00+00:00,YM,gap,info_session_or_outage,gap of 3 days 00:00:00 (expected 1 days 00:00:00),parent_proxy
2012-12-10 00:00:00+00:00,YM,gap,info_session_or_outage,gap of 3 days 00:00:00 (expected 1 days 00:00:00),parent_proxy
2012-12-17 00:00:00+00:00,YM,gap,info_session_or_outage,gap of 3 days 00:00:00 (expected 1 days 00:00:00),parent_proxy
2012-12-24 00:00:00+00:00,YM,gap,info_session_or_outage,gap of 3 days 00:00:00 (expected 1 days 00:00:00),parent_proxy
2012-12-26 00:00:00+00:00,YM,gap,info_session_or_outage,gap of 2 days 00:00:00 (expected 1 days 00:00:00),parent_proxy
2012-12-31 00:00:00+00:00,YM,gap,info_session_or_outage,gap of 3 days 00:00:00 (expected 1 days 00:00:00),parent_proxy
2013-01-02 00:00:00+00:00,YM,gap,info_session_or_outage,gap of 2 days 00:00:00 (expected 1 days 00:00:00),parent_proxy
2013-01-07 00:00:00+00:00,YM,gap,info_session_or_outage,gap of 3 days 00:00:00 (expected 1 days 00:00:00),parent_proxy
2013-01-14 00:00:00+00:00,YM,gap,info_session_or_outage,gap of 3 days 00:00:00 (expected 1 days 00:00:00),parent_proxy
2013-01-22 00:00:00+00:00,YM,gap,info_session_or_outage,gap of 4 days 00:00:00 (expected 1 days 00:00:00),parent_proxy
2013-01-28 00:00:00+00:00,YM,gap,info_session_or_outage,gap of 3 days 00:00:00 (expected 1 days 00:00:00),parent_proxy
2013-02-04 00:00:00+00:00,YM,gap,info_session_or_outage,gap of 3 days 00:00:00 (expected 1 days 00:00:00),parent_proxy
2013-02-11 00:00:00+00:00,YM,gap,info_session_or_outage,gap of 3 days 00:00:00 (expected 1 days 00:00:00),parent_proxy
2013-02-19 00:00:00+00:00,YM,gap,info_session_or_outage,gap of 4 days 00:00:00 (expected 1 days 00:00:00),parent_proxy
2013-02-25 00:00:00+00:00,YM,gap,info_session_or_outage,gap of 3 days 00:00:00 (expected 1 days 00:00:00),parent_proxy
2013-03-04 00:00:00+00:00,YM,gap,info_session_or_outage,gap of 3 days 00:00:00 (expected 1 days 00:00:00),parent_proxy
2013-03-11 00:00:00+00:00,YM,gap,info_session_or_outage,gap of 3 days 00:00:00 (expected 1 days 00:00:00),parent_proxy
2013-03-18 00:00:00+00:00,YM,gap,info_session_or_outage,gap of 3 days 00:00:00 (expected 1 days 00:00:00),parent_proxy
2013-03-25 00:00:00+00:00,YM,gap,info_session_or_outage,gap of 3 days 00:00:00 (expected 1 days 00:00:00),parent_proxy
2013-04-01 00:00:00+00:00,YM,gap,info_session_or_outage,gap of 4 days 00:00:00 (expected 1 days 00:00:00),parent_proxy
2013-04-08 00:00:00+00:00,YM,gap,info_session_or_outage,gap of 3 days 00:00:00 (expected 1 days 00:00:00),parent_proxy
2013-04-15 00:00:00+00:00,YM,gap,info_session_or_outage,gap of 3 days 00:00:00 (expected 1 days 00:00:00),parent_proxy
2013-04-22 00:00:00+00:00,YM,gap,info_session_or_outage,gap of 3 days 00:00:00 (expected 1 days 00:00:00),parent_proxy
2013-04-29 00:00:00+00:00,YM,gap,info_session_or_outage,gap of 3 days 00:00:00 (expected 1 days 00:00:00),parent_proxy
2013-05-06 00:00:00+00:00,YM,gap,info_session_or_outage,gap of 3 days 00:00:00 (expected 1 days 00:00:00),parent_proxy
2013-05-13 00:00:00+00:00,YM,gap,info_session_or_outage,gap of 3 days 00:00:00 (expected 1 days 00:00:00),parent_proxy
2013-05-20 00:00:00+00:00,YM,gap,info_session_or_outage,gap of 3 days 00:00:00 (expected 1 days 00:00:00),parent_proxy
2013-05-28 00:00:00+00:00,YM,gap,info_session_or_outage,gap of 4 days 00:00:00 (expected 1 days 00:00:00),parent_proxy
2013-06-03 00:00:00+00:00,YM,gap,info_session_or_outage,gap of 3 days 00:00:00 (expected 1 days 00:00:00),parent_proxy
2013-06-10 00:00:00+00:00,YM,gap,info_session_or_outage,gap of 3 days 00:00:00 (expected 1 days 00:00:00),parent_proxy
2013-06-17 00:00:00+00:00,YM,gap,info_session_or_outage,gap of 3 days 00:00:00 (expected 1 days 00:00:00),parent_proxy
2013-06-24 00:00:00+00:00,YM,gap,info_session_or_outage,gap of 3 days 00:00:00 (expected 1 days 00:00:00),parent_proxy
2013-07-01 00:00:00+00:00,YM,gap,info_session_or_outage,gap of 3 days 00:00:00 (expected 1 days 00:00:00),parent_proxy
2013-07-05 00:00:00+00:00,YM,gap,info_session_or_outage,gap of 2 days 00:00:00 (expected 1 days 00:00:00),parent_proxy
2013-07-08 00:00:00+00:00,YM,gap,info_session_or_outage,gap of 3 days 00:00:00 (expected 1 days 00:00:00),parent_proxy
2013-07-15 00:00:00+00:00,YM,gap,info_session_or_outage,gap of 3 days 00:00:00 (expected 1 days 00:00:00),parent_proxy
2013-07-22 00:00:00+00:00,YM,gap,info_session_or_outage,gap of 3 days 00:00:00 (expected 1 days 00:00:00),parent_proxy
2013-07-29 00:00:00+00:00,YM,gap,info_session_or_outage,gap of 3 days 00:00:00 (expected 1 days 00:00:00),parent_proxy
2013-08-05 00:00:00+00:00,YM,gap,info_session_or_outage,gap of 3 days 00:00:00 (expected 1 days 00:00:00),parent_proxy
2013-08-12 00:00:00+00:00,YM,gap,info_session_or_outage,gap of 3 days 00:00:00 (expected 1 days 00:00:00),parent_proxy
2013-08-19 00:00:00+00:00,YM,gap,info_session_or_outage,gap of 3 days 00:00:00 (expected 1 days 00:00:00),parent_proxy
2013-08-26 00:00:00+00:00,YM,gap,info_session_or_outage,gap of 3 days 00:00:00 (expected 1 days 00:00:00),parent_proxy
2013-09-03 00:00:00+00:00,YM,gap,info_session_or_outage,gap of 4 days 00:00:00 (expected 1 days 00:00:00),parent_proxy
2013-09-09 00:00:00+00:00,YM,gap,info_session_or_outage,gap of 3 days 00:00:00 (expected 1 days 00:00:00),parent_proxy
2013-09-16 00:00:00+00:00,YM,gap,info_session_or_outage,gap of 3 days 00:00:00 (expected 1 days 00:00:00),parent_proxy
2013-09-23 00:00:00+00:00,YM,gap,info_session_or_outage,gap of 3 days 00:00:00 (expected 1 days 00:00:00),parent_proxy
2013-09-30 00:00:00+00:00,YM,gap,info_session_or_outage,gap of 3 days 00:00:00 (expected 1 days 00:00:00),parent_proxy
2013-10-07 00:00:00+00:00,YM,gap,info_session_or_outage,gap of 3 days 00:00:00 (expected 1 days 00:00:00),parent_proxy
2013-10-14 00:00:00+00:00,YM,gap,info_session_or_outage,gap of 3 days 00:00:00 (expected 1 days 00:00:00),parent_proxy
2013-10-21 00:00:00+00:00,YM,gap,info_session_or_outage,gap of 3 days 00:00:00 (expected 1 days 00:00:00),parent_proxy
2013-10-28 00:00:00+00:00,YM,gap,info_session_or_outage,gap of 3 days 00:00:00 (expected 1 days 00:00:00),parent_proxy
2013-11-04 00:00:00+00:00,YM,gap,info_session_or_outage,gap of 3 days 00:00:00 (expected 1 days 00:00:00),parent_proxy
2013-11-11 00:00:00+00:00,YM,gap,info_session_or_outage,gap of 3 days 00:00:00 (expected 1 days 00:00:00),parent_proxy
2013-11-18 00:00:00+00:00,YM,gap,info_session_or_outage,gap of 3 days 00:00:00 (expected 1 days 00:00:00),parent_proxy
2013-11-25 00:00:00+00:00,YM,gap,info_session_or_outage,gap of 3 days 00:00:00 (expected 1 days 00:00:00),parent_proxy
2013-11-29 00:00:00+00:00,YM,gap,info_session_or_outage,gap of 2 days 00:00:00 (expected 1 days 00:00:00),parent_proxy
2013-12-02 00:00:00+00:00,YM,gap,info_session_or_outage,gap of 3 days 00:00:00 (expected 1 days 00:00:00),parent_proxy
2013-12-09 00:00:00+00:00,YM,gap,info_session_or_outage,gap of 3 days 00:00:00 (expected 1 days 00:00:00),parent_proxy
2013-12-16 00:00:00+00:00,YM,gap,info_session_or_outage,gap of 3 days 00:00:00 (expected 1 days 00:00:00),parent_proxy
2013-12-23 00:00:00+00:00,YM,gap,info_session_or_outage,gap of 3 days 00:00:00 (expected 1 days 00:00:00),parent_proxy
2013-12-26 00:00:00+00:00,YM,gap,info_session_or_outage,gap of 2 days 00:00:00 (expected 1 days 00:00:00),parent_proxy
2013-12-30 00:00:00+00:00,YM,gap,info_session_or_outage,gap of 3 days 00:00:00 (expected 1 days 00:00:00),parent_proxy
2014-01-02 00:00:00+00:00,YM,gap,info_session_or_outage,gap of 2 days 00:00:00 (expected 1 days 00:00:00),parent_proxy
2014-01-06 00:00:00+00:00,YM,gap,info_session_or_outage,gap of 3 days 00:00:00 (expected 1 days 00:00:00),parent_proxy
2014-01-13 00:00:00+00:00,YM,gap,info_session_or_outage,gap of 3 days 00:00:00 (expected 1 days 00:00:00),parent_proxy
2014-01-21 00:00:00+00:00,YM,gap,info_session_or_outage,gap of 4 days 00:00:00 (expected 1 days 00:00:00),parent_proxy
2014-01-27 00:00:00+00:00,YM,gap,info_session_or_outage,gap of 3 days 00:00:00 (expected 1 days 00:00:00),parent_proxy
2014-02-03 00:00:00+00:00,YM,gap,info_session_or_outage,gap of 3 days 00:00:00 (expected 1 days 00:00:00),parent_proxy
2014-02-10 00:00:00+00:00,YM,gap,info_session_or_outage,gap of 3 days 00:00:00 (expected 1 days 00:00:00),parent_proxy
2014-02-18 00:00:00+00:00,YM,gap,info_session_or_outage,gap of 4 days 00:00:00 (expected 1 days 00:00:00),parent_proxy
2014-02-24 00:00:00+00:00,YM,gap,info_session_or_outage,gap of 3 days 00:00:00 (expected 1 days 00:00:00),parent_proxy
2014-03-03 00:00:00+00:00,YM,gap,info_session_or_outage,gap of 3 days 00:00:00 (expected 1 days 00:00:00),parent_proxy
2014-03-10 00:00:00+00:00,YM,gap,info_session_or_outage,gap of 3 days 00:00:00 (expected 1 days 00:00:00),parent_proxy
2014-03-17 00:00:00+00:00,YM,gap,info_session_or_outage,gap of 3 days 00:00:00 (expected 1 days 00:00:00),parent_proxy
2014-03-24 00:00:00+00:00,YM,gap,info_session_or_outage,gap of 3 days 00:00:00 (expected 1 days 00:00:00),parent_proxy
2014-03-31 00:00:00+00:00,YM,gap,info_session_or_outage,gap of 3 days 00:00:00 (expected 1 days 00:00:00),parent_proxy
2014-04-07 00:00:00+00:00,YM,gap,info_session_or_outage,gap of 3 days 00:00:00 (expected 1 days 00:00:00),parent_proxy
2014-04-14 00:00:00+00:00,YM,gap,info_session_or_outage,gap of 3 days 00:00:00 (expected 1 days 00:00:00),parent_proxy
2014-04-21 00:00:00+00:00,YM,gap,info_session_or_outage,gap of 4 days 00:00:00 (expected 1 days 00:00:00),parent_proxy
2014-04-28 00:00:00+00:00,YM,gap,info_session_or_outage,gap of 3 days 00:00:00 (expected 1 days 00:00:00),parent_proxy
2014-05-05 00:00:00+00:00,YM,gap,info_session_or_outage,gap of 3 days 00:00:00 (expected 1 days 00:00:00),parent_proxy
2014-05-12 00:00:00+00:00,YM,gap,info_session_or_outage,gap of 3 days 00:00:00 (expected 1 days 00:00:00),parent_proxy
2014-05-19 00:00:00+00:00,YM,gap,info_session_or_outage,gap of 3 days 00:00:00 (expected 1 days 00:00:00),parent_proxy
2014-05-27 00:00:00+00:00,YM,gap,info_session_or_outage,gap of 4 days 00:00:00 (expected 1 days 00:00:00),parent_proxy
2014-06-02 00:00:00+00:00,YM,gap,info_session_or_outage,gap of 3 days 00:00:00 (expected 1 days 00:00:00),parent_proxy
2014-06-09 00:00:00+00:00,YM,gap,info_session_or_outage,gap of 3 days 00:00:00 (expected 1 days 00:00:00),parent_proxy
2014-06-16 00:00:00+00:00,YM,gap,info_session_or_outage,gap of 3 days 00:00:00 (expected 1 days 00:00:00),parent_proxy
2014-06-23 00:00:00+00:00,YM,gap,info_session_or_outage,gap of 3 days 00:00:00 (expected 1 days 00:00:00),parent_proxy
2014-06-30 00:00:00+00:00,YM,gap,info_session_or_outage,gap of 3 days 00:00:00 (expected 1 days 00:00:00),parent_proxy
2014-07-07 00:00:00+00:00,YM,gap,info_session_or_outage,gap of 4 days 00:00:00 (expected 1 days 00:00:00),parent_proxy
2014-07-14 00:00:00+00:00,YM,gap,info_session_or_outage,gap of 3 days 00:00:00 (expected 1 days 00:00:00),parent_proxy
2014-07-21 00:00:00+00:00,YM,gap,info_session_or_outage,gap of 3 days 00:00:00 (expected 1 days 00:00:00),parent_proxy
2014-07-28 00:00:00+00:00,YM,gap,info_session_or_outage,gap of 3 days 00:00:00 (expected 1 days 00:00:00),parent_proxy
2014-08-04 00:00:00+00:00,YM,gap,info_session_or_outage,gap of 3 days 00:00:00 (expected 1 days 00:00:00),parent_proxy
2014-08-11 00:00:00+00:00,YM,gap,info_session_or_outage,gap of 3 days 00:00:00 (expected 1 days 00:00:00),parent_proxy
2014-08-18 00:00:00+00:00,YM,gap,info_session_or_outage,gap of 3 days 00:00:00 (expected 1 days 00:00:00),parent_proxy
2014-08-25 00:00:00+00:00,YM,gap,info_session_or_outage,gap of 3 days 00:00:00 (expected 1 days 00:00:00),parent_proxy
2014-09-02 00:00:00+00:00,YM,gap,info_session_or_outage,gap of 4 days 00:00:00 (expected 1 days 00:00:00),parent_proxy
2014-09-08 00:00:00+00:00,YM,gap,info_session_or_outage,gap of 3 days 00:00:00 (expected 1 days 00:00:00),parent_proxy
2014-09-15 00:00:00+00:00,YM,gap,info_session_or_outage,gap of 3 days 00:00:00 (expected 1 days 00:00:00),parent_proxy
2014-09-22 00:00:00+00:00,YM,gap,info_session_or_outage,gap of 3 days 00:00:00 (expected 1 days 00:00:00),parent_proxy
2014-09-29 00:00:00+00:00,YM,gap,info_session_or_outage,gap of 3 days 00:00:00 (expected 1 days 00:00:00),parent_proxy
2014-10-06 00:00:00+00:00,YM,gap,info_session_or_outage,gap of 3 days 00:00:00 (expected 1 days 00:00:00),parent_proxy
2014-10-13 00:00:00+00:00,YM,gap,info_session_or_outage,gap of 3 days 00:00:00 (expected 1 days 00:00:00),parent_proxy
2014-10-20 00:00:00+00:00,YM,gap,info_session_or_outage,gap of 3 days 00:00:00 (expected 1 days 00:00:00),parent_proxy
2014-10-27 00:00:00+00:00,YM,gap,info_session_or_outage,gap of 3 days 00:00:00 (expected 1 days 00:00:00),parent_proxy
2014-11-03 00:00:00+00:00,YM,gap,info_session_or_outage,gap of 3 days 00:00:00 (expected 1 days 00:00:00),parent_proxy
2014-11-10 00:00:00+00:00,YM,gap,info_session_or_outage,gap of 3 days 00:00:00 (expected 1 days 00:00:00),parent_proxy
2014-11-17 00:00:00+00:00,YM,gap,info_session_or_outage,gap of 3 days 00:00:00 (expected 1 days 00:00:00),parent_proxy
2014-11-24 00:00:00+00:00,YM,gap,info_session_or_outage,gap of 3 days 00:00:00 (expected 1 days 00:00:00),parent_proxy
2014-11-28 00:00:00+00:00,YM,gap,info_session_or_outage,gap of 2 days 00:00:00 (expected 1 days 00:00:00),parent_proxy
2014-12-01 00:00:00+00:00,YM,gap,info_session_or_outage,gap of 3 days 00:00:00 (expected 1 days 00:00:00),parent_proxy
2014-12-08 00:00:00+00:00,YM,gap,info_session_or_outage,gap of 3 days 00:00:00 (expected 1 days 00:00:00),parent_proxy
2014-12-15 00:00:00+00:00,YM,gap,info_session_or_outage,gap of 3 days 00:00:00 (expected 1 days 00:00:00),parent_proxy
2014-12-22 00:00:00+00:00,YM,gap,info_session_or_outage,gap of 3 days 00:00:00 (expected 1 days 00:00:00),parent_proxy
2014-12-26 00:00:00+00:00,YM,gap,info_session_or_outage,gap of 2 days 00:00:00 (expected 1 days 00:00:00),parent_proxy
2014-12-29 00:00:00+00:00,YM,gap,info_session_or_outage,gap of 3 days 00:00:00 (expected 1 days 00:00:00),parent_proxy
2015-01-02 00:00:00+00:00,YM,gap,info_session_or_outage,gap of 2 days 00:00:00 (expected 1 days 00:00:00),parent_proxy
2015-01-05 00:00:00+00:00,YM,gap,info_session_or_outage,gap of 3 days 00:00:00 (expected 1 days 00:00:00),parent_proxy
2015-01-12 00:00:00+00:00,YM,gap,info_session_or_outage,gap of 3 days 00:00:00 (expected 1 days 00:00:00),parent_proxy
2015-01-20 00:00:00+00:00,YM,gap,info_session_or_outage,gap of 4 days 00:00:00 (expected 1 days 00:00:00),parent_proxy
2015-01-26 00:00:00+00:00,YM,gap,info_session_or_outage,gap of 3 days 00:00:00 (expected 1 days 00:00:00),parent_proxy
2015-02-02 00:00:00+00:00,YM,gap,info_session_or_outage,gap of 3 days 00:00:00 (expected 1 days 00:00:00),parent_proxy
2015-02-09 00:00:00+00:00,YM,gap,info_session_or_outage,gap of 3 days 00:00:00 (expected 1 days 00:00:00),parent_proxy
2015-02-17 00:00:00+00:00,YM,gap,info_session_or_outage,gap of 4 days 00:00:00 (expected 1 days 00:00:00),parent_proxy
2015-02-23 00:00:00+00:00,YM,gap,info_session_or_outage,gap of 3 days 00:00:00 (expected 1 days 00:00:00),parent_proxy
2015-03-02 00:00:00+00:00,YM,gap,info_session_or_outage,gap of 3 days 00:00:00 (expected 1 days 00:00:00),parent_proxy
2015-03-09 00:00:00+00:00,YM,gap,info_session_or_outage,gap of 3 days 00:00:00 (expected 1 days 00:00:00),parent_proxy
2015-03-16 00:00:00+00:00,YM,gap,info_session_or_outage,gap of 3 days 00:00:00 (expected 1 days 00:00:00),parent_proxy
2015-03-23 00:00:00+00:00,YM,gap,info_session_or_outage,gap of 3 days 00:00:00 (expected 1 days 00:00:00),parent_proxy
2015-03-30 00:00:00+00:00,YM,gap,info_session_or_outage,gap of 3 days 00:00:00 (expected 1 days 00:00:00),parent_proxy
2015-04-06 00:00:00+00:00,YM,gap,info_session_or_outage,gap of 4 days 00:00:00 (expected 1 days 00:00:00),parent_proxy
2015-04-13 00:00:00+00:00,YM,gap,info_session_or_outage,gap of 3 days 00:00:00 (expected 1 days 00:00:00),parent_proxy
2015-04-20 00:00:00+00:00,YM,gap,info_session_or_outage,gap of 3 days 00:00:00 (expected 1 days 00:00:00),parent_proxy
2015-04-27 00:00:00+00:00,YM,gap,info_session_or_outage,gap of 3 days 00:00:00 (expected 1 days 00:00:00),parent_proxy
2015-05-04 00:00:00+00:00,YM,gap,info_session_or_outage,gap of 3 days 00:00:00 (expected 1 days 00:00:00),parent_proxy
2015-05-11 00:00:00+00:00,YM,gap,info_session_or_outage,gap of 3 days 00:00:00 (expected 1 days 00:00:00),parent_proxy
2015-05-18 00:00:00+00:00,YM,gap,info_session_or_outage,gap of 3 days 00:00:00 (expected 1 days 00:00:00),parent_proxy
2015-05-26 00:00:00+00:00,YM,gap,info_session_or_outage,gap of 4 days 00:00:00 (expected 1 days 00:00:00),parent_proxy
2015-06-01 00:00:00+00:00,YM,gap,info_session_or_outage,gap of 3 days 00:00:00 (expected 1 days 00:00:00),parent_proxy
2015-06-08 00:00:00+00:00,YM,gap,info_session_or_outage,gap of 3 days 00:00:00 (expected 1 days 00:00:00),parent_proxy
2015-06-15 00:00:00+00:00,YM,gap,info_session_or_outage,gap of 3 days 00:00:00 (expected 1 days 00:00:00),parent_proxy
2015-06-22 00:00:00+00:00,YM,gap,info_session_or_outage,gap of 3 days 00:00:00 (expected 1 days 00:00:00),parent_proxy
2015-06-29 00:00:00+00:00,YM,gap,info_session_or_outage,gap of 3 days 00:00:00 (expected 1 days 00:00:00),parent_proxy
2015-07-06 00:00:00+00:00,YM,gap,info_session_or_outage,gap of 4 days 00:00:00 (expected 1 days 00:00:00),parent_proxy
2015-07-13 00:00:00+00:00,YM,gap,info_session_or_outage,gap of 3 days 00:00:00 (expected 1 days 00:00:00),parent_proxy
2015-07-20 00:00:00+00:00,YM,gap,info_session_or_outage,gap of 3 days 00:00:00 (expected 1 days 00:00:00),parent_proxy
2015-07-27 00:00:00+00:00,YM,gap,info_session_or_outage,gap of 3 days 00:00:00 (expected 1 days 00:00:00),parent_proxy
2015-08-03 00:00:00+00:00,YM,gap,info_session_or_outage,gap of 3 days 00:00:00 (expected 1 days 00:00:00),parent_proxy
2015-08-10 00:00:00+00:00,YM,gap,info_session_or_outage,gap of 3 days 00:00:00 (expected 1 days 00:00:00),parent_proxy
2015-08-17 00:00:00+00:00,YM,gap,info_session_or_outage,gap of 3 days 00:00:00 (expected 1 days 00:00:00),parent_proxy
2015-08-24 00:00:00+00:00,YM,gap,info_session_or_outage,gap of 3 days 00:00:00 (expected 1 days 00:00:00),parent_proxy
2015-08-31 00:00:00+00:00,YM,gap,info_session_or_outage,gap of 3 days 00:00:00 (expected 1 days 00:00:00),parent_proxy
2015-09-08 00:00:00+00:00,YM,gap,info_session_or_outage,gap of 4 days 00:00:00 (expected 1 days 00:00:00),parent_proxy
2015-09-14 00:00:00+00:00,YM,gap,info_session_or_outage,gap of 3 days 00:00:00 (expected 1 days 00:00:00),parent_proxy
2015-09-21 00:00:00+00:00,YM,gap,info_session_or_outage,gap of 3 days 00:00:00 (expected 1 days 00:00:00),parent_proxy
2015-09-28 00:00:00+00:00,YM,gap,info_session_or_outage,gap of 3 days 00:00:00 (expected 1 days 00:00:00),parent_proxy
2015-10-05 00:00:00+00:00,YM,gap,info_session_or_outage,gap of 3 days 00:00:00 (expected 1 days 00:00:00),parent_proxy
2015-10-12 00:00:00+00:00,YM,gap,info_session_or_outage,gap of 3 days 00:00:00 (expected 1 days 00:00:00),parent_proxy
2015-10-19 00:00:00+00:00,YM,gap,info_session_or_outage,gap of 3 days 00:00:00 (expected 1 days 00:00:00),parent_proxy
2015-10-26 00:00:00+00:00,YM,gap,info_session_or_outage,gap of 3 days 00:00:00 (expected 1 days 00:00:00),parent_proxy
2015-11-02 00:00:00+00:00,YM,gap,info_session_or_outage,gap of 3 days 00:00:00 (expected 1 days 00:00:00),parent_proxy
2015-11-09 00:00:00+00:00,YM,gap,info_session_or_outage,gap of 3 days 00:00:00 (expected 1 days 00:00:00),parent_proxy
2015-11-16 00:00:00+00:00,YM,gap,info_session_or_outage,gap of 3 days 00:00:00 (expected 1 days 00:00:00),parent_proxy
2015-11-23 00:00:00+00:00,YM,gap,info_session_or_outage,gap of 3 days 00:00:00 (expected 1 days 00:00:00),parent_proxy
2015-11-27 00:00:00+00:00,YM,gap,info_session_or_outage,gap of 2 days 00:00:00 (expected 1 days 00:00:00),parent_proxy
2015-11-30 00:00:00+00:00,YM,gap,info_session_or_outage,gap of 3 days 00:00:00 (expected 1 days 00:00:00),parent_proxy
2015-12-07 00:00:00+00:00,YM,gap,info_session_or_outage,gap of 3 days 00:00:00 (expected 1 days 00:00:00),parent_proxy
2015-12-14 00:00:00+00:00,YM,gap,info_session_or_outage,gap of 3 days 00:00:00 (expected 1 days 00:00:00),parent_proxy
2015-12-21 00:00:00+00:00,YM,gap,info_session_or_outage,gap of 3 days 00:00:00 (expected 1 days 00:00:00),parent_proxy
2015-12-28 00:00:00+00:00,YM,gap,info_session_or_outage,gap of 4 days 00:00:00 (expected 1 days 00:00:00),parent_proxy
2016-01-04 00:00:00+00:00,YM,gap,info_session_or_outage,gap of 4 days 00:00:00 (expected 1 days 00:00:00),parent_proxy
2016-01-11 00:00:00+00:00,YM,gap,info_session_or_outage,gap of 3 days 00:00:00 (expected 1 days 00:00:00),parent_proxy
2016-01-19 00:00:00+00:00,YM,gap,info_session_or_outage,gap of 4 days 00:00:00 (expected 1 days 00:00:00),parent_proxy
2016-01-25 00:00:00+00:00,YM,gap,info_session_or_outage,gap of 3 days 00:00:00 (expected 1 days 00:00:00),parent_proxy
2016-02-01 00:00:00+00:00,YM,gap,info_session_or_outage,gap of 3 days 00:00:00 (expected 1 days 00:00:00),parent_proxy
2016-02-08 00:00:00+00:00,YM,gap,info_session_or_outage,gap of 3 days 00:00:00 (expected 1 days 00:00:00),parent_proxy
2016-02-16 00:00:00+00:00,YM,gap,info_session_or_outage,gap of 4 days 00:00:00 (expected 1 days 00:00:00),parent_proxy
2016-02-22 00:00:00+00:00,YM,gap,info_session_or_outage,gap of 3 days 00:00:00 (expected 1 days 00:00:00),parent_proxy
2016-02-29 00:00:00+00:00,YM,gap,info_session_or_outage,gap of 3 days 00:00:00 (expected 1 days 00:00:00),parent_proxy
2016-03-07 00:00:00+00:00,YM,gap,info_session_or_outage,gap of 3 days 00:00:00 (expected 1 days 00:00:00),parent_proxy
2016-03-14 00:00:00+00:00,YM,gap,info_session_or_outage,gap of 3 days 00:00:00 (expected 1 days 00:00:00),parent_proxy
2016-03-21 00:00:00+00:00,YM,gap,info_session_or_outage,gap of 3 days 00:00:00 (expected 1 days 00:00:00),parent_proxy
2016-03-28 00:00:00+00:00,YM,gap,info_session_or_outage,gap of 4 days 00:00:00 (expected 1 days 00:00:00),parent_proxy
2016-04-04 00:00:00+00:00,YM,gap,info_session_or_outage,gap of 3 days 00:00:00 (expected 1 days 00:00:00),parent_proxy
2016-04-11 00:00:00+00:00,YM,gap,info_session_or_outage,gap of 3 days 00:00:00 (expected 1 days 00:00:00),parent_proxy
2016-04-18 00:00:00+00:00,YM,gap,info_session_or_outage,gap of 3 days 00:00:00 (expected 1 days 00:00:00),parent_proxy
2016-04-25 00:00:00+00:00,YM,gap,info_session_or_outage,gap of 3 days 00:00:00 (expected 1 days 00:00:00),parent_proxy
2016-05-02 00:00:00+00:00,YM,gap,info_session_or_outage,gap of 3 days 00:00:00 (expected 1 days 00:00:00),parent_proxy
2016-05-09 00:00:00+00:00,YM,gap,info_session_or_outage,gap of 3 days 00:00:00 (expected 1 days 00:00:00),parent_proxy
2016-05-16 00:00:00+00:00,YM,gap,info_session_or_outage,gap of 3 days 00:00:00 (expected 1 days 00:00:00),parent_proxy
2016-05-23 00:00:00+00:00,YM,gap,info_session_or_outage,gap of 3 days 00:00:00 (expected 1 days 00:00:00),parent_proxy
2016-05-31 00:00:00+00:00,YM,gap,info_session_or_outage,gap of 4 days 00:00:00 (expected 1 days 00:00:00),parent_proxy
2016-06-06 00:00:00+00:00,YM,gap,info_session_or_outage,gap of 3 days 00:00:00 (expected 1 days 00:00:00),parent_proxy
2016-06-13 00:00:00+00:00,YM,gap,info_session_or_outage,gap of 3 days 00:00:00 (expected 1 days 00:00:00),parent_proxy
2016-06-20 00:00:00+00:00,YM,gap,info_session_or_outage,gap of 3 days 00:00:00 (expected 1 days 00:00:00),parent_proxy
2016-06-27 00:00:00+00:00,YM,gap,info_session_or_outage,gap of 3 days 00:00:00 (expected 1 days 00:00:00),parent_proxy
2016-07-05 00:00:00+00:00,YM,gap,info_session_or_outage,gap of 4 days 00:00:00 (expected 1 days 00:00:00),parent_proxy
2016-07-11 00:00:00+00:00,YM,gap,info_session_or_outage,gap of 3 days 00:00:00 (expected 1 days 00:00:00),parent_proxy
2016-07-18 00:00:00+00:00,YM,gap,info_session_or_outage,gap of 3 days 00:00:00 (expected 1 days 00:00:00),parent_proxy
2016-07-25 00:00:00+00:00,YM,gap,info_session_or_outage,gap of 3 days 00:00:00 (expected 1 days 00:00:00),parent_proxy
2016-08-01 00:00:00+00:00,YM,gap,info_session_or_outage,gap of 3 days 00:00:00 (expected 1 days 00:00:00),parent_proxy
2016-08-08 00:00:00+00:00,YM,gap,info_session_or_outage,gap of 3 days 00:00:00 (expected 1 days 00:00:00),parent_proxy
2016-08-15 00:00:00+00:00,YM,gap,info_session_or_outage,gap of 3 days 00:00:00 (expected 1 days 00:00:00),parent_proxy
2016-08-22 00:00:00+00:00,YM,gap,info_session_or_outage,gap of 3 days 00:00:00 (expected 1 days 00:00:00),parent_proxy
2016-08-29 00:00:00+00:00,YM,gap,info_session_or_outage,gap of 3 days 00:00:00 (expected 1 days 00:00:00),parent_proxy
2016-09-06 00:00:00+00:00,YM,gap,info_session_or_outage,gap of 4 days 00:00:00 (expected 1 days 00:00:00),parent_proxy
2016-09-12 00:00:00+00:00,YM,gap,info_session_or_outage,gap of 3 days 00:00:00 (expected 1 days 00:00:00),parent_proxy
2016-09-19 00:00:00+00:00,YM,gap,info_session_or_outage,gap of 3 days 00:00:00 (expected 1 days 00:00:00),parent_proxy
2016-09-26 00:00:00+00:00,YM,gap,info_session_or_outage,gap of 3 days 00:00:00 (expected 1 days 00:00:00),parent_proxy
2016-10-03 00:00:00+00:00,YM,gap,info_session_or_outage,gap of 3 days 00:00:00 (expected 1 days 00:00:00),parent_proxy
2016-10-11 00:00:00+00:00,YM,gap,info_session_or_outage,gap of 4 days 00:00:00 (expected 1 days 00:00:00),parent_proxy
2016-10-17 00:00:00+00:00,YM,gap,info_session_or_outage,gap of 3 days 00:00:00 (expected 1 days 00:00:00),parent_proxy
2016-10-24 00:00:00+00:00,YM,gap,info_session_or_outage,gap of 3 days 00:00:00 (expected 1 days 00:00:00),parent_proxy
2016-10-31 00:00:00+00:00,YM,gap,info_session_or_outage,gap of 3 days 00:00:00 (expected 1 days 00:00:00),parent_proxy
2016-11-07 00:00:00+00:00,YM,gap,info_session_or_outage,gap of 3 days 00:00:00 (expected 1 days 00:00:00),parent_proxy
2016-11-14 00:00:00+00:00,YM,gap,info_session_or_outage,gap of 4 days 00:00:00 (expected 1 days 00:00:00),parent_proxy
2016-11-21 00:00:00+00:00,YM,gap,info_session_or_outage,gap of 3 days 00:00:00 (expected 1 days 00:00:00),parent_proxy
2016-11-25 00:00:00+00:00,YM,gap,info_session_or_outage,gap of 2 days 00:00:00 (expected 1 days 00:00:00),parent_proxy
2016-11-28 00:00:00+00:00,YM,gap,info_session_or_outage,gap of 3 days 00:00:00 (expected 1 days 00:00:00),parent_proxy
2016-12-05 00:00:00+00:00,YM,gap,info_session_or_outage,gap of 3 days 00:00:00 (expected 1 days 00:00:00),parent_proxy
2016-12-12 00:00:00+00:00,YM,gap,info_session_or_outage,gap of 3 days 00:00:00 (expected 1 days 00:00:00),parent_proxy
2016-12-19 00:00:00+00:00,YM,gap,info_session_or_outage,gap of 3 days 00:00:00 (expected 1 days 00:00:00),parent_proxy
2016-12-27 00:00:00+00:00,YM,gap,info_session_or_outage,gap of 4 days 00:00:00 (expected 1 days 00:00:00),parent_proxy
2017-01-03 00:00:00+00:00,YM,gap,info_session_or_outage,gap of 4 days 00:00:00 (expected 1 days 00:00:00),parent_proxy
2017-01-09 00:00:00+00:00,YM,gap,info_session_or_outage,gap of 3 days 00:00:00 (expected 1 days 00:00:00),parent_proxy
2017-01-17 00:00:00+00:00,YM,gap,info_session_or_outage,gap of 4 days 00:00:00 (expected 1 days 00:00:00),parent_proxy
2017-01-23 00:00:00+00:00,YM,gap,info_session_or_outage,gap of 3 days 00:00:00 (expected 1 days 00:00:00),parent_proxy
2017-01-30 00:00:00+00:00,YM,gap,info_session_or_outage,gap of 3 days 00:00:00 (expected 1 days 00:00:00),parent_proxy
2017-02-06 00:00:00+00:00,YM,gap,info_session_or_outage,gap of 3 days 00:00:00 (expected 1 days 00:00:00),parent_proxy
2017-02-13 00:00:00+00:00,YM,gap,info_session_or_outage,gap of 3 days 00:00:00 (expected 1 days 00:00:00),parent_proxy
2017-02-21 00:00:00+00:00,YM,gap,info_session_or_outage,gap of 4 days 00:00:00 (expected 1 days 00:00:00),parent_proxy
2017-02-27 00:00:00+00:00,YM,gap,info_session_or_outage,gap of 3 days 00:00:00 (expected 1 days 00:00:00),parent_proxy
2017-03-06 00:00:00+00:00,YM,gap,info_session_or_outage,gap of 3 days 00:00:00 (expected 1 days 00:00:00),parent_proxy
2017-03-13 00:00:00+00:00,YM,gap,info_session_or_outage,gap of 3 days 00:00:00 (expected 1 days 00:00:00),parent_proxy
2017-03-20 00:00:00+00:00,YM,gap,info_session_or_outage,gap of 3 days 00:00:00 (expected 1 days 00:00:00),parent_proxy
2017-03-27 00:00:00+00:00,YM,gap,info_session_or_outage,gap of 3 days 00:00:00 (expected 1 days 00:00:00),parent_proxy
2017-04-03 00:00:00+00:00,YM,gap,info_session_or_outage,gap of 3 days 00:00:00 (expected 1 days 00:00:00),parent_proxy
2017-04-10 00:00:00+00:00,YM,gap,info_session_or_outage,gap of 3 days 00:00:00 (expected 1 days 00:00:00),parent_proxy
2017-04-17 00:00:00+00:00,YM,gap,info_session_or_outage,gap of 4 days 00:00:00 (expected 1 days 00:00:00),parent_proxy
2017-04-24 00:00:00+00:00,YM,gap,info_session_or_outage,gap of 3 days 00:00:00 (expected 1 days 00:00:00),parent_proxy
2017-05-01 00:00:00+00:00,YM,gap,info_session_or_outage,gap of 3 days 00:00:00 (expected 1 days 00:00:00),parent_proxy
2017-05-08 00:00:00+00:00,YM,gap,info_session_or_outage,gap of 3 days 00:00:00 (expected 1 days 00:00:00),parent_proxy
2017-05-15 00:00:00+00:00,YM,gap,info_session_or_outage,gap of 3 days 00:00:00 (expected 1 days 00:00:00),parent_proxy
2017-05-22 00:00:00+00:00,YM,gap,info_session_or_outage,gap of 3 days 00:00:00 (expected 1 days 00:00:00),parent_proxy
2017-05-30 00:00:00+00:00,YM,gap,info_session_or_outage,gap of 4 days 00:00:00 (expected 1 days 00:00:00),parent_proxy
2017-06-05 00:00:00+00:00,YM,gap,info_session_or_outage,gap of 3 days 00:00:00 (expected 1 days 00:00:00),parent_proxy
2017-06-12 00:00:00+00:00,YM,gap,info_session_or_outage,gap of 3 days 00:00:00 (expected 1 days 00:00:00),parent_proxy
2017-06-19 00:00:00+00:00,YM,gap,info_session_or_outage,gap of 3 days 00:00:00 (expected 1 days 00:00:00),parent_proxy
2017-06-26 00:00:00+00:00,YM,gap,info_session_or_outage,gap of 3 days 00:00:00 (expected 1 days 00:00:00),parent_proxy
2017-07-03 00:00:00+00:00,YM,gap,info_session_or_outage,gap of 3 days 00:00:00 (expected 1 days 00:00:00),parent_proxy
2017-07-05 00:00:00+00:00,YM,gap,info_session_or_outage,gap of 2 days 00:00:00 (expected 1 days 00:00:00),parent_proxy
2017-07-10 00:00:00+00:00,YM,gap,info_session_or_outage,gap of 3 days 00:00:00 (expected 1 days 00:00:00),parent_proxy
2017-07-17 00:00:00+00:00,YM,gap,info_session_or_outage,gap of 3 days 00:00:00 (expected 1 days 00:00:00),parent_proxy
2017-07-24 00:00:00+00:00,YM,gap,info_session_or_outage,gap of 3 days 00:00:00 (expected 1 days 00:00:00),parent_proxy
2017-07-31 00:00:00+00:00,YM,gap,info_session_or_outage,gap of 3 days 00:00:00 (expected 1 days 00:00:00),parent_proxy
2017-08-07 00:00:00+00:00,YM,gap,info_session_or_outage,gap of 3 days 00:00:00 (expected 1 days 00:00:00),parent_proxy
2017-08-14 00:00:00+00:00,YM,gap,info_session_or_outage,gap of 3 days 00:00:00 (expected 1 days 00:00:00),parent_proxy
2017-08-21 00:00:00+00:00,YM,gap,info_session_or_outage,gap of 3 days 00:00:00 (expected 1 days 00:00:00),parent_proxy
2017-08-28 00:00:00+00:00,YM,gap,info_session_or_outage,gap of 3 days 00:00:00 (expected 1 days 00:00:00),parent_proxy
2017-09-05 00:00:00+00:00,YM,gap,info_session_or_outage,gap of 4 days 00:00:00 (expected 1 days 00:00:00),parent_proxy
2017-09-11 00:00:00+00:00,YM,gap,info_session_or_outage,gap of 3 days 00:00:00 (expected 1 days 00:00:00),parent_proxy
2017-09-18 00:00:00+00:00,YM,gap,info_session_or_outage,gap of 3 days 00:00:00 (expected 1 days 00:00:00),parent_proxy
2017-09-25 00:00:00+00:00,YM,gap,info_session_or_outage,gap of 3 days 00:00:00 (expected 1 days 00:00:00),parent_proxy
2017-10-02 00:00:00+00:00,YM,gap,info_session_or_outage,gap of 3 days 00:00:00 (expected 1 days 00:00:00),parent_proxy
2017-10-09 00:00:00+00:00,YM,gap,info_session_or_outage,gap of 3 days 00:00:00 (expected 1 days 00:00:00),parent_proxy
2017-10-16 00:00:00+00:00,YM,gap,info_session_or_outage,gap of 3 days 00:00:00 (expected 1 days 00:00:00),parent_proxy
2017-10-23 00:00:00+00:00,YM,gap,info_session_or_outage,gap of 3 days 00:00:00 (expected 1 days 00:00:00),parent_proxy
2017-10-30 00:00:00+00:00,YM,gap,info_session_or_outage,gap of 3 days 00:00:00 (expected 1 days 00:00:00),parent_proxy
2017-11-06 00:00:00+00:00,YM,gap,info_session_or_outage,gap of 3 days 00:00:00 (expected 1 days 00:00:00),parent_proxy
2017-11-13 00:00:00+00:00,YM,gap,info_session_or_outage,gap of 3 days 00:00:00 (expected 1 days 00:00:00),parent_proxy
2017-11-20 00:00:00+00:00,YM,gap,info_session_or_outage,gap of 3 days 00:00:00 (expected 1 days 00:00:00),parent_proxy
2017-11-24 00:00:00+00:00,YM,gap,info_session_or_outage,gap of 2 days 00:00:00 (expected 1 days 00:00:00),parent_proxy
2017-11-27 00:00:00+00:00,YM,gap,info_session_or_outage,gap of 3 days 00:00:00 (expected 1 days 00:00:00),parent_proxy
2017-12-04 00:00:00+00:00,YM,gap,info_session_or_outage,gap of 3 days 00:00:00 (expected 1 days 00:00:00),parent_proxy
2017-12-11 00:00:00+00:00,YM,gap,info_session_or_outage,gap of 3 days 00:00:00 (expected 1 days 00:00:00),parent_proxy
2017-12-18 00:00:00+00:00,YM,gap,info_session_or_outage,gap of 3 days 00:00:00 (expected 1 days 00:00:00),parent_proxy
2017-12-26 00:00:00+00:00,YM,gap,info_session_or_outage,gap of 4 days 00:00:00 (expected 1 days 00:00:00),parent_proxy
2018-01-02 00:00:00+00:00,YM,gap,info_session_or_outage,gap of 4 days 00:00:00 (expected 1 days 00:00:00),parent_proxy
2018-01-08 00:00:00+00:00,YM,gap,info_session_or_outage,gap of 3 days 00:00:00 (expected 1 days 00:00:00),parent_proxy
2018-01-16 00:00:00+00:00,YM,gap,info_session_or_outage,gap of 4 days 00:00:00 (expected 1 days 00:00:00),parent_proxy
2018-01-22 00:00:00+00:00,YM,gap,info_session_or_outage,gap of 3 days 00:00:00 (expected 1 days 00:00:00),parent_proxy
2018-01-29 00:00:00+00:00,YM,gap,info_session_or_outage,gap of 3 days 00:00:00 (expected 1 days 00:00:00),parent_proxy
2018-02-05 00:00:00+00:00,YM,gap,info_session_or_outage,gap of 3 days 00:00:00 (expected 1 days 00:00:00),parent_proxy
2018-02-12 00:00:00+00:00,YM,gap,info_session_or_outage,gap of 3 days 00:00:00 (expected 1 days 00:00:00),parent_proxy
2018-02-20 00:00:00+00:00,YM,gap,info_session_or_outage,gap of 4 days 00:00:00 (expected 1 days 00:00:00),parent_proxy
2018-02-26 00:00:00+00:00,YM,gap,info_session_or_outage,gap of 3 days 00:00:00 (expected 1 days 00:00:00),parent_proxy
2018-03-05 00:00:00+00:00,YM,gap,info_session_or_outage,gap of 3 days 00:00:00 (expected 1 days 00:00:00),parent_proxy
2018-03-12 00:00:00+00:00,YM,gap,info_session_or_outage,gap of 3 days 00:00:00 (expected 1 days 00:00:00),parent_proxy
2018-03-19 00:00:00+00:00,YM,gap,info_session_or_outage,gap of 3 days 00:00:00 (expected 1 days 00:00:00),parent_proxy
2018-03-26 00:00:00+00:00,YM,gap,info_session_or_outage,gap of 3 days 00:00:00 (expected 1 days 00:00:00),parent_proxy
2018-04-02 00:00:00+00:00,YM,gap,info_session_or_outage,gap of 4 days 00:00:00 (expected 1 days 00:00:00),parent_proxy
2018-04-09 00:00:00+00:00,YM,gap,info_session_or_outage,gap of 3 days 00:00:00 (expected 1 days 00:00:00),parent_proxy
2018-04-16 00:00:00+00:00,YM,gap,info_session_or_outage,gap of 3 days 00:00:00 (expected 1 days 00:00:00),parent_proxy
2018-04-23 00:00:00+00:00,YM,gap,info_session_or_outage,gap of 3 days 00:00:00 (expected 1 days 00:00:00),parent_proxy
2018-04-30 00:00:00+00:00,YM,gap,info_session_or_outage,gap of 3 days 00:00:00 (expected 1 days 00:00:00),parent_proxy
2018-05-07 00:00:00+00:00,YM,gap,info_session_or_outage,gap of 3 days 00:00:00 (expected 1 days 00:00:00),parent_proxy
2018-05-14 00:00:00+00:00,YM,gap,info_session_or_outage,gap of 3 days 00:00:00 (expected 1 days 00:00:00),parent_proxy
2018-05-21 00:00:00+00:00,YM,gap,info_session_or_outage,gap of 3 days 00:00:00 (expected 1 days 00:00:00),parent_proxy
2018-05-29 00:00:00+00:00,YM,gap,info_session_or_outage,gap of 4 days 00:00:00 (expected 1 days 00:00:00),parent_proxy
2018-06-04 00:00:00+00:00,YM,gap,info_session_or_outage,gap of 3 days 00:00:00 (expected 1 days 00:00:00),parent_proxy
2018-06-11 00:00:00+00:00,YM,gap,info_session_or_outage,gap of 3 days 00:00:00 (expected 1 days 00:00:00),parent_proxy
2018-06-18 00:00:00+00:00,YM,gap,info_session_or_outage,gap of 3 days 00:00:00 (expected 1 days 00:00:00),parent_proxy
2018-06-25 00:00:00+00:00,YM,gap,info_session_or_outage,gap of 3 days 00:00:00 (expected 1 days 00:00:00),parent_proxy
2018-07-02 00:00:00+00:00,YM,gap,info_session_or_outage,gap of 3 days 00:00:00 (expected 1 days 00:00:00),parent_proxy
2018-07-05 00:00:00+00:00,YM,gap,info_session_or_outage,gap of 2 days 00:00:00 (expected 1 days 00:00:00),parent_proxy
2018-07-09 00:00:00+00:00,YM,gap,info_session_or_outage,gap of 3 days 00:00:00 (expected 1 days 00:00:00),parent_proxy
2018-07-16 00:00:00+00:00,YM,gap,info_session_or_outage,gap of 3 days 00:00:00 (expected 1 days 00:00:00),parent_proxy
2018-07-23 00:00:00+00:00,YM,gap,info_session_or_outage,gap of 3 days 00:00:00 (expected 1 days 00:00:00),parent_proxy
2018-07-30 00:00:00+00:00,YM,gap,info_session_or_outage,gap of 3 days 00:00:00 (expected 1 days 00:00:00),parent_proxy
2018-08-06 00:00:00+00:00,YM,gap,info_session_or_outage,gap of 3 days 00:00:00 (expected 1 days 00:00:00),parent_proxy
2018-08-13 00:00:00+00:00,YM,gap,info_session_or_outage,gap of 3 days 00:00:00 (expected 1 days 00:00:00),parent_proxy
2018-08-20 00:00:00+00:00,YM,gap,info_session_or_outage,gap of 3 days 00:00:00 (expected 1 days 00:00:00),parent_proxy
2018-08-27 00:00:00+00:00,YM,gap,info_session_or_outage,gap of 3 days 00:00:00 (expected 1 days 00:00:00),parent_proxy
2018-09-04 00:00:00+00:00,YM,gap,info_session_or_outage,gap of 4 days 00:00:00 (expected 1 days 00:00:00),parent_proxy
2018-09-10 00:00:00+00:00,YM,gap,info_session_or_outage,gap of 3 days 00:00:00 (expected 1 days 00:00:00),parent_proxy
2018-09-17 00:00:00+00:00,YM,gap,info_session_or_outage,gap of 3 days 00:00:00 (expected 1 days 00:00:00),parent_proxy
2018-09-24 00:00:00+00:00,YM,gap,info_session_or_outage,gap of 3 days 00:00:00 (expected 1 days 00:00:00),parent_proxy
2018-10-01 00:00:00+00:00,YM,gap,info_session_or_outage,gap of 3 days 00:00:00 (expected 1 days 00:00:00),parent_proxy
2018-10-08 00:00:00+00:00,YM,gap,info_session_or_outage,gap of 3 days 00:00:00 (expected 1 days 00:00:00),parent_proxy
2018-10-15 00:00:00+00:00,YM,gap,info_session_or_outage,gap of 3 days 00:00:00 (expected 1 days 00:00:00),parent_proxy
2018-10-22 00:00:00+00:00,YM,gap,info_session_or_outage,gap of 3 days 00:00:00 (expected 1 days 00:00:00),parent_proxy
2018-10-29 00:00:00+00:00,YM,gap,info_session_or_outage,gap of 3 days 00:00:00 (expected 1 days 00:00:00),parent_proxy
2018-11-05 00:00:00+00:00,YM,gap,info_session_or_outage,gap of 3 days 00:00:00 (expected 1 days 00:00:00),parent_proxy
2018-11-12 00:00:00+00:00,YM,gap,info_session_or_outage,gap of 3 days 00:00:00 (expected 1 days 00:00:00),parent_proxy
2018-11-19 00:00:00+00:00,YM,gap,info_session_or_outage,gap of 3 days 00:00:00 (expected 1 days 00:00:00),parent_proxy
2018-11-23 00:00:00+00:00,YM,gap,info_session_or_outage,gap of 2 days 00:00:00 (expected 1 days 00:00:00),parent_proxy
2018-11-26 00:00:00+00:00,YM,gap,info_session_or_outage,gap of 3 days 00:00:00 (expected 1 days 00:00:00),parent_proxy
2018-12-03 00:00:00+00:00,YM,gap,info_session_or_outage,gap of 3 days 00:00:00 (expected 1 days 00:00:00),parent_proxy
2018-12-06 00:00:00+00:00,YM,gap,info_session_or_outage,gap of 2 days 00:00:00 (expected 1 days 00:00:00),parent_proxy
2018-12-10 00:00:00+00:00,YM,gap,info_session_or_outage,gap of 3 days 00:00:00 (expected 1 days 00:00:00),parent_proxy
2018-12-17 00:00:00+00:00,YM,gap,info_session_or_outage,gap of 3 days 00:00:00 (expected 1 days 00:00:00),parent_proxy
2018-12-24 00:00:00+00:00,YM,gap,info_session_or_outage,gap of 3 days 00:00:00 (expected 1 days 00:00:00),parent_proxy
2018-12-26 00:00:00+00:00,YM,gap,info_session_or_outage,gap of 2 days 00:00:00 (expected 1 days 00:00:00),parent_proxy
2018-12-31 00:00:00+00:00,YM,gap,info_session_or_outage,gap of 3 days 00:00:00 (expected 1 days 00:00:00),parent_proxy
2019-01-02 00:00:00+00:00,YM,gap,info_session_or_outage,gap of 2 days 00:00:00 (expected 1 days 00:00:00),parent_proxy
2019-01-07 00:00:00+00:00,YM,gap,info_session_or_outage,gap of 3 days 00:00:00 (expected 1 days 00:00:00),parent_proxy
2019-01-14 00:00:00+00:00,YM,gap,info_session_or_outage,gap of 3 days 00:00:00 (expected 1 days 00:00:00),parent_proxy
2019-01-22 00:00:00+00:00,YM,gap,info_session_or_outage,gap of 4 days 00:00:00 (expected 1 days 00:00:00),parent_proxy
2019-01-28 00:00:00+00:00,YM,gap,info_session_or_outage,gap of 3 days 00:00:00 (expected 1 days 00:00:00),parent_proxy
2019-02-04 00:00:00+00:00,YM,gap,info_session_or_outage,gap of 3 days 00:00:00 (expected 1 days 00:00:00),parent_proxy
2019-02-11 00:00:00+00:00,YM,gap,info_session_or_outage,gap of 3 days 00:00:00 (expected 1 days 00:00:00),parent_proxy
2019-02-19 00:00:00+00:00,YM,gap,info_session_or_outage,gap of 4 days 00:00:00 (expected 1 days 00:00:00),parent_proxy
2019-02-25 00:00:00+00:00,YM,gap,info_session_or_outage,gap of 3 days 00:00:00 (expected 1 days 00:00:00),parent_proxy
2019-03-04 00:00:00+00:00,YM,gap,info_session_or_outage,gap of 3 days 00:00:00 (expected 1 days 00:00:00),parent_proxy
2019-03-11 00:00:00+00:00,YM,gap,info_session_or_outage,gap of 3 days 00:00:00 (expected 1 days 00:00:00),parent_proxy
2019-03-18 00:00:00+00:00,YM,gap,info_session_or_outage,gap of 3 days 00:00:00 (expected 1 days 00:00:00),parent_proxy
2019-03-25 00:00:00+00:00,YM,gap,info_session_or_outage,gap of 3 days 00:00:00 (expected 1 days 00:00:00),parent_proxy
2019-04-01 00:00:00+00:00,YM,gap,info_session_or_outage,gap of 3 days 00:00:00 (expected 1 days 00:00:00),parent_proxy
2019-04-08 00:00:00+00:00,YM,gap,info_session_or_outage,gap of 3 days 00:00:00 (expected 1 days 00:00:00),parent_proxy
2019-04-15 00:00:00+00:00,YM,gap,info_session_or_outage,gap of 3 days 00:00:00 (expected 1 days 00:00:00),parent_proxy
2019-04-22 00:00:00+00:00,YM,gap,info_session_or_outage,gap of 4 days 00:00:00 (expected 1 days 00:00:00),parent_proxy
2019-04-29 00:00:00+00:00,YM,gap,info_session_or_outage,gap of 3 days 00:00:00 (expected 1 days 00:00:00),parent_proxy
2019-05-06 00:00:00+00:00,YM,gap,info_session_or_outage,gap of 3 days 00:00:00 (expected 1 days 00:00:00),parent_proxy
2019-05-13 00:00:00+00:00,YM,gap,info_session_or_outage,gap of 3 days 00:00:00 (expected 1 days 00:00:00),parent_proxy
2019-05-20 00:00:00+00:00,YM,gap,info_session_or_outage,gap of 3 days 00:00:00 (expected 1 days 00:00:00),parent_proxy
2019-05-28 00:00:00+00:00,YM,gap,info_session_or_outage,gap of 4 days 00:00:00 (expected 1 days 00:00:00),parent_proxy
2019-06-03 00:00:00+00:00,YM,gap,info_session_or_outage,gap of 3 days 00:00:00 (expected 1 days 00:00:00),parent_proxy
2019-06-10 00:00:00+00:00,YM,gap,info_session_or_outage,gap of 3 days 00:00:00 (expected 1 days 00:00:00),parent_proxy
2019-06-17 00:00:00+00:00,YM,gap,info_session_or_outage,gap of 3 days 00:00:00 (expected 1 days 00:00:00),parent_proxy
2019-06-24 00:00:00+00:00,YM,gap,info_session_or_outage,gap of 3 days 00:00:00 (expected 1 days 00:00:00),parent_proxy
2019-07-01 00:00:00+00:00,YM,gap,info_session_or_outage,gap of 3 days 00:00:00 (expected 1 days 00:00:00),parent_proxy
2019-07-05 00:00:00+00:00,YM,gap,info_session_or_outage,gap of 2 days 00:00:00 (expected 1 days 00:00:00),parent_proxy
2019-07-08 00:00:00+00:00,YM,gap,info_session_or_outage,gap of 3 days 00:00:00 (expected 1 days 00:00:00),parent_proxy
2019-07-15 00:00:00+00:00,YM,gap,info_session_or_outage,gap of 3 days 00:00:00 (expected 1 days 00:00:00),parent_proxy
2019-07-22 00:00:00+00:00,YM,gap,info_session_or_outage,gap of 3 days 00:00:00 (expected 1 days 00:00:00),parent_proxy
2019-07-29 00:00:00+00:00,YM,gap,info_session_or_outage,gap of 3 days 00:00:00 (expected 1 days 00:00:00),parent_proxy
2019-08-05 00:00:00+00:00,YM,gap,info_session_or_outage,gap of 3 days 00:00:00 (expected 1 days 00:00:00),parent_proxy
2019-08-12 00:00:00+00:00,YM,gap,info_session_or_outage,gap of 3 days 00:00:00 (expected 1 days 00:00:00),parent_proxy
2019-08-19 00:00:00+00:00,YM,gap,info_session_or_outage,gap of 3 days 00:00:00 (expected 1 days 00:00:00),parent_proxy
2019-08-26 00:00:00+00:00,YM,gap,info_session_or_outage,gap of 3 days 00:00:00 (expected 1 days 00:00:00),parent_proxy
2019-09-03 00:00:00+00:00,YM,gap,info_session_or_outage,gap of 4 days 00:00:00 (expected 1 days 00:00:00),parent_proxy
2019-09-09 00:00:00+00:00,YM,gap,info_session_or_outage,gap of 3 days 00:00:00 (expected 1 days 00:00:00),parent_proxy
2019-09-16 00:00:00+00:00,YM,gap,info_session_or_outage,gap of 3 days 00:00:00 (expected 1 days 00:00:00),parent_proxy
2019-09-23 00:00:00+00:00,YM,gap,info_session_or_outage,gap of 3 days 00:00:00 (expected 1 days 00:00:00),parent_proxy
2019-09-30 00:00:00+00:00,YM,gap,info_session_or_outage,gap of 3 days 00:00:00 (expected 1 days 00:00:00),parent_proxy
2019-10-07 00:00:00+00:00,YM,gap,info_session_or_outage,gap of 3 days 00:00:00 (expected 1 days 00:00:00),parent_proxy
2019-10-14 00:00:00+00:00,YM,gap,info_session_or_outage,gap of 3 days 00:00:00 (expected 1 days 00:00:00),parent_proxy
2019-10-21 00:00:00+00:00,YM,gap,info_session_or_outage,gap of 3 days 00:00:00 (expected 1 days 00:00:00),parent_proxy
2019-10-28 00:00:00+00:00,YM,gap,info_session_or_outage,gap of 3 days 00:00:00 (expected 1 days 00:00:00),parent_proxy
2019-11-04 00:00:00+00:00,YM,gap,info_session_or_outage,gap of 3 days 00:00:00 (expected 1 days 00:00:00),parent_proxy
2019-11-11 00:00:00+00:00,YM,gap,info_session_or_outage,gap of 3 days 00:00:00 (expected 1 days 00:00:00),parent_proxy
2019-11-18 00:00:00+00:00,YM,gap,info_session_or_outage,gap of 3 days 00:00:00 (expected 1 days 00:00:00),parent_proxy
2019-11-25 00:00:00+00:00,YM,gap,info_session_or_outage,gap of 3 days 00:00:00 (expected 1 days 00:00:00),parent_proxy
2019-11-29 00:00:00+00:00,YM,gap,info_session_or_outage,gap of 2 days 00:00:00 (expected 1 days 00:00:00),parent_proxy
2019-12-02 00:00:00+00:00,YM,gap,info_session_or_outage,gap of 3 days 00:00:00 (expected 1 days 00:00:00),parent_proxy
2019-12-09 00:00:00+00:00,YM,gap,info_session_or_outage,gap of 3 days 00:00:00 (expected 1 days 00:00:00),parent_proxy
2019-12-16 00:00:00+00:00,YM,gap,info_session_or_outage,gap of 3 days 00:00:00 (expected 1 days 00:00:00),parent_proxy
2019-12-23 00:00:00+00:00,YM,gap,info_session_or_outage,gap of 3 days 00:00:00 (expected 1 days 00:00:00),parent_proxy
2019-12-26 00:00:00+00:00,YM,gap,info_session_or_outage,gap of 2 days 00:00:00 (expected 1 days 00:00:00),parent_proxy
2019-12-30 00:00:00+00:00,YM,gap,info_session_or_outage,gap of 3 days 00:00:00 (expected 1 days 00:00:00),parent_proxy
2020-01-02 00:00:00+00:00,YM,gap,info_session_or_outage,gap of 2 days 00:00:00 (expected 1 days 00:00:00),parent_proxy
2020-01-06 00:00:00+00:00,YM,gap,info_session_or_outage,gap of 3 days 00:00:00 (expected 1 days 00:00:00),parent_proxy
2020-01-13 00:00:00+00:00,YM,gap,info_session_or_outage,gap of 3 days 00:00:00 (expected 1 days 00:00:00),parent_proxy
2020-01-21 00:00:00+00:00,YM,gap,info_session_or_outage,gap of 4 days 00:00:00 (expected 1 days 00:00:00),parent_proxy
2020-01-27 00:00:00+00:00,YM,gap,info_session_or_outage,gap of 3 days 00:00:00 (expected 1 days 00:00:00),parent_proxy
2020-02-03 00:00:00+00:00,YM,gap,info_session_or_outage,gap of 3 days 00:00:00 (expected 1 days 00:00:00),parent_proxy
2020-02-10 00:00:00+00:00,YM,gap,info_session_or_outage,gap of 3 days 00:00:00 (expected 1 days 00:00:00),parent_proxy
2020-02-18 00:00:00+00:00,YM,gap,info_session_or_outage,gap of 4 days 00:00:00 (expected 1 days 00:00:00),parent_proxy
2020-02-24 00:00:00+00:00,YM,gap,info_session_or_outage,gap of 3 days 00:00:00 (expected 1 days 00:00:00),parent_proxy
2020-03-02 00:00:00+00:00,YM,gap,info_session_or_outage,gap of 3 days 00:00:00 (expected 1 days 00:00:00),parent_proxy
2020-03-09 00:00:00+00:00,YM,gap,info_session_or_outage,gap of 3 days 00:00:00 (expected 1 days 00:00:00),parent_proxy
2020-03-16 00:00:00+00:00,YM,gap,info_session_or_outage,gap of 3 days 00:00:00 (expected 1 days 00:00:00),parent_proxy
2020-03-23 00:00:00+00:00,YM,gap,info_session_or_outage,gap of 3 days 00:00:00 (expected 1 days 00:00:00),parent_proxy
2020-03-30 00:00:00+00:00,YM,gap,info_session_or_outage,gap of 3 days 00:00:00 (expected 1 days 00:00:00),parent_proxy
2020-04-06 00:00:00+00:00,YM,gap,info_session_or_outage,gap of 3 days 00:00:00 (expected 1 days 00:00:00),parent_proxy
2020-04-13 00:00:00+00:00,YM,gap,info_session_or_outage,gap of 4 days 00:00:00 (expected 1 days 00:00:00),parent_proxy
2020-04-20 00:00:00+00:00,YM,gap,info_session_or_outage,gap of 3 days 00:00:00 (expected 1 days 00:00:00),parent_proxy
2020-04-27 00:00:00+00:00,YM,gap,info_session_or_outage,gap of 3 days 00:00:00 (expected 1 days 00:00:00),parent_proxy
2020-05-04 00:00:00+00:00,YM,gap,info_session_or_outage,gap of 3 days 00:00:00 (expected 1 days 00:00:00),parent_proxy
2020-05-11 00:00:00+00:00,YM,gap,info_session_or_outage,gap of 3 days 00:00:00 (expected 1 days 00:00:00),parent_proxy
2020-05-18 00:00:00+00:00,YM,gap,info_session_or_outage,gap of 3 days 00:00:00 (expected 1 days 00:00:00),parent_proxy
2020-05-26 00:00:00+00:00,YM,gap,info_session_or_outage,gap of 4 days 00:00:00 (expected 1 days 00:00:00),parent_proxy
2020-06-01 00:00:00+00:00,YM,gap,info_session_or_outage,gap of 3 days 00:00:00 (expected 1 days 00:00:00),parent_proxy
2020-06-08 00:00:00+00:00,YM,gap,info_session_or_outage,gap of 3 days 00:00:00 (expected 1 days 00:00:00),parent_proxy
2020-06-15 00:00:00+00:00,YM,gap,info_session_or_outage,gap of 3 days 00:00:00 (expected 1 days 00:00:00),parent_proxy
2020-06-22 00:00:00+00:00,YM,gap,info_session_or_outage,gap of 3 days 00:00:00 (expected 1 days 00:00:00),parent_proxy
2020-06-29 00:00:00+00:00,YM,gap,info_session_or_outage,gap of 3 days 00:00:00 (expected 1 days 00:00:00),parent_proxy
2020-07-06 00:00:00+00:00,YM,gap,info_session_or_outage,gap of 4 days 00:00:00 (expected 1 days 00:00:00),parent_proxy
2020-07-13 00:00:00+00:00,YM,gap,info_session_or_outage,gap of 3 days 00:00:00 (expected 1 days 00:00:00),parent_proxy
2020-07-20 00:00:00+00:00,YM,gap,info_session_or_outage,gap of 3 days 00:00:00 (expected 1 days 00:00:00),parent_proxy
2020-07-27 00:00:00+00:00,YM,gap,info_session_or_outage,gap of 3 days 00:00:00 (expected 1 days 00:00:00),parent_proxy
2020-08-03 00:00:00+00:00,YM,gap,info_session_or_outage,gap of 3 days 00:00:00 (expected 1 days 00:00:00),parent_proxy
2020-08-10 00:00:00+00:00,YM,gap,info_session_or_outage,gap of 3 days 00:00:00 (expected 1 days 00:00:00),parent_proxy
2020-08-17 00:00:00+00:00,YM,gap,info_session_or_outage,gap of 3 days 00:00:00 (expected 1 days 00:00:00),parent_proxy
2020-08-24 00:00:00+00:00,YM,gap,info_session_or_outage,gap of 3 days 00:00:00 (expected 1 days 00:00:00),parent_proxy
2020-08-31 00:00:00+00:00,YM,gap,info_session_or_outage,gap of 3 days 00:00:00 (expected 1 days 00:00:00),parent_proxy
2020-09-08 00:00:00+00:00,YM,gap,info_session_or_outage,gap of 4 days 00:00:00 (expected 1 days 00:00:00),parent_proxy
2020-09-14 00:00:00+00:00,YM,gap,info_session_or_outage,gap of 3 days 00:00:00 (expected 1 days 00:00:00),parent_proxy
2020-09-21 00:00:00+00:00,YM,gap,info_session_or_outage,gap of 3 days 00:00:00 (expected 1 days 00:00:00),parent_proxy
2020-09-28 00:00:00+00:00,YM,gap,info_session_or_outage,gap of 3 days 00:00:00 (expected 1 days 00:00:00),parent_proxy
2020-10-05 00:00:00+00:00,YM,gap,info_session_or_outage,gap of 3 days 00:00:00 (expected 1 days 00:00:00),parent_proxy
2020-10-12 00:00:00+00:00,YM,gap,info_session_or_outage,gap of 3 days 00:00:00 (expected 1 days 00:00:00),parent_proxy
2020-10-19 00:00:00+00:00,YM,gap,info_session_or_outage,gap of 3 days 00:00:00 (expected 1 days 00:00:00),parent_proxy
2020-10-26 00:00:00+00:00,YM,gap,info_session_or_outage,gap of 3 days 00:00:00 (expected 1 days 00:00:00),parent_proxy
2020-11-02 00:00:00+00:00,YM,gap,info_session_or_outage,gap of 3 days 00:00:00 (expected 1 days 00:00:00),parent_proxy
2020-11-09 00:00:00+00:00,YM,gap,info_session_or_outage,gap of 3 days 00:00:00 (expected 1 days 00:00:00),parent_proxy
2020-11-16 00:00:00+00:00,YM,gap,info_session_or_outage,gap of 3 days 00:00:00 (expected 1 days 00:00:00),parent_proxy
2020-11-23 00:00:00+00:00,YM,gap,info_session_or_outage,gap of 3 days 00:00:00 (expected 1 days 00:00:00),parent_proxy
2020-11-27 00:00:00+00:00,YM,gap,info_session_or_outage,gap of 2 days 00:00:00 (expected 1 days 00:00:00),parent_proxy
2020-11-30 00:00:00+00:00,YM,gap,info_session_or_outage,gap of 3 days 00:00:00 (expected 1 days 00:00:00),parent_proxy
2020-12-07 00:00:00+00:00,YM,gap,info_session_or_outage,gap of 3 days 00:00:00 (expected 1 days 00:00:00),parent_proxy
2020-12-14 00:00:00+00:00,YM,gap,info_session_or_outage,gap of 3 days 00:00:00 (expected 1 days 00:00:00),parent_proxy
2020-12-21 00:00:00+00:00,YM,gap,info_session_or_outage,gap of 3 days 00:00:00 (expected 1 days 00:00:00),parent_proxy
2020-12-28 00:00:00+00:00,YM,gap,info_session_or_outage,gap of 4 days 00:00:00 (expected 1 days 00:00:00),parent_proxy
2021-01-04 00:00:00+00:00,YM,gap,info_session_or_outage,gap of 4 days 00:00:00 (expected 1 days 00:00:00),parent_proxy
2021-01-11 00:00:00+00:00,YM,gap,info_session_or_outage,gap of 3 days 00:00:00 (expected 1 days 00:00:00),parent_proxy
2021-01-19 00:00:00+00:00,YM,gap,info_session_or_outage,gap of 4 days 00:00:00 (expected 1 days 00:00:00),parent_proxy
2021-01-25 00:00:00+00:00,YM,gap,info_session_or_outage,gap of 3 days 00:00:00 (expected 1 days 00:00:00),parent_proxy
2021-02-01 00:00:00+00:00,YM,gap,info_session_or_outage,gap of 3 days 00:00:00 (expected 1 days 00:00:00),parent_proxy
2021-02-08 00:00:00+00:00,YM,gap,info_session_or_outage,gap of 3 days 00:00:00 (expected 1 days 00:00:00),parent_proxy
2021-02-16 00:00:00+00:00,YM,gap,info_session_or_outage,gap of 4 days 00:00:00 (expected 1 days 00:00:00),parent_proxy
2021-02-22 00:00:00+00:00,YM,gap,info_session_or_outage,gap of 3 days 00:00:00 (expected 1 days 00:00:00),parent_proxy
2021-03-01 00:00:00+00:00,YM,gap,info_session_or_outage,gap of 3 days 00:00:00 (expected 1 days 00:00:00),parent_proxy
2021-03-08 00:00:00+00:00,YM,gap,info_session_or_outage,gap of 3 days 00:00:00 (expected 1 days 00:00:00),parent_proxy
2021-03-15 00:00:00+00:00,YM,gap,info_session_or_outage,gap of 3 days 00:00:00 (expected 1 days 00:00:00),parent_proxy
2021-03-22 00:00:00+00:00,YM,gap,info_session_or_outage,gap of 3 days 00:00:00 (expected 1 days 00:00:00),parent_proxy
2021-03-29 00:00:00+00:00,YM,gap,info_session_or_outage,gap of 3 days 00:00:00 (expected 1 days 00:00:00),parent_proxy
2021-04-05 00:00:00+00:00,YM,gap,info_session_or_outage,gap of 4 days 00:00:00 (expected 1 days 00:00:00),parent_proxy
2021-04-12 00:00:00+00:00,YM,gap,info_session_or_outage,gap of 3 days 00:00:00 (expected 1 days 00:00:00),parent_proxy
2021-04-19 00:00:00+00:00,YM,gap,info_session_or_outage,gap of 3 days 00:00:00 (expected 1 days 00:00:00),parent_proxy
2021-04-26 00:00:00+00:00,YM,gap,info_session_or_outage,gap of 3 days 00:00:00 (expected 1 days 00:00:00),parent_proxy
2021-05-03 00:00:00+00:00,YM,gap,info_session_or_outage,gap of 3 days 00:00:00 (expected 1 days 00:00:00),parent_proxy
2021-05-10 00:00:00+00:00,YM,gap,info_session_or_outage,gap of 3 days 00:00:00 (expected 1 days 00:00:00),parent_proxy
2021-05-17 00:00:00+00:00,YM,gap,info_session_or_outage,gap of 3 days 00:00:00 (expected 1 days 00:00:00),parent_proxy
2021-05-24 00:00:00+00:00,YM,gap,info_session_or_outage,gap of 3 days 00:00:00 (expected 1 days 00:00:00),parent_proxy
2021-06-01 00:00:00+00:00,YM,gap,info_session_or_outage,gap of 4 days 00:00:00 (expected 1 days 00:00:00),parent_proxy
2021-06-07 00:00:00+00:00,YM,gap,info_session_or_outage,gap of 3 days 00:00:00 (expected 1 days 00:00:00),parent_proxy
2021-06-14 00:00:00+00:00,YM,gap,info_session_or_outage,gap of 3 days 00:00:00 (expected 1 days 00:00:00),parent_proxy
2021-06-21 00:00:00+00:00,YM,gap,info_session_or_outage,gap of 3 days 00:00:00 (expected 1 days 00:00:00),parent_proxy
2021-06-28 00:00:00+00:00,YM,gap,info_session_or_outage,gap of 3 days 00:00:00 (expected 1 days 00:00:00),parent_proxy
2021-07-06 00:00:00+00:00,YM,gap,info_session_or_outage,gap of 4 days 00:00:00 (expected 1 days 00:00:00),parent_proxy
2021-07-12 00:00:00+00:00,YM,gap,info_session_or_outage,gap of 3 days 00:00:00 (expected 1 days 00:00:00),parent_proxy
2021-07-19 00:00:00+00:00,YM,gap,info_session_or_outage,gap of 3 days 00:00:00 (expected 1 days 00:00:00),parent_proxy
2021-07-26 00:00:00+00:00,YM,gap,info_session_or_outage,gap of 3 days 00:00:00 (expected 1 days 00:00:00),parent_proxy
2021-08-02 00:00:00+00:00,YM,gap,info_session_or_outage,gap of 3 days 00:00:00 (expected 1 days 00:00:00),parent_proxy
2021-08-09 00:00:00+00:00,YM,gap,info_session_or_outage,gap of 3 days 00:00:00 (expected 1 days 00:00:00),parent_proxy
2021-08-16 00:00:00+00:00,YM,gap,info_session_or_outage,gap of 3 days 00:00:00 (expected 1 days 00:00:00),parent_proxy
2021-08-23 00:00:00+00:00,YM,gap,info_session_or_outage,gap of 3 days 00:00:00 (expected 1 days 00:00:00),parent_proxy
2021-08-30 00:00:00+00:00,YM,gap,info_session_or_outage,gap of 3 days 00:00:00 (expected 1 days 00:00:00),parent_proxy
2021-09-07 00:00:00+00:00,YM,gap,info_session_or_outage,gap of 4 days 00:00:00 (expected 1 days 00:00:00),parent_proxy
2021-09-13 00:00:00+00:00,YM,gap,info_session_or_outage,gap of 3 days 00:00:00 (expected 1 days 00:00:00),parent_proxy
2021-09-20 00:00:00+00:00,YM,gap,info_session_or_outage,gap of 3 days 00:00:00 (expected 1 days 00:00:00),parent_proxy
2021-09-27 00:00:00+00:00,YM,gap,info_session_or_outage,gap of 3 days 00:00:00 (expected 1 days 00:00:00),parent_proxy
2021-10-04 00:00:00+00:00,YM,gap,info_session_or_outage,gap of 3 days 00:00:00 (expected 1 days 00:00:00),parent_proxy
2021-10-11 00:00:00+00:00,YM,gap,info_session_or_outage,gap of 3 days 00:00:00 (expected 1 days 00:00:00),parent_proxy
2021-10-18 00:00:00+00:00,YM,gap,info_session_or_outage,gap of 3 days 00:00:00 (expected 1 days 00:00:00),parent_proxy
2021-10-25 00:00:00+00:00,YM,gap,info_session_or_outage,gap of 3 days 00:00:00 (expected 1 days 00:00:00),parent_proxy
2021-11-01 00:00:00+00:00,YM,gap,info_session_or_outage,gap of 3 days 00:00:00 (expected 1 days 00:00:00),parent_proxy
2021-11-08 00:00:00+00:00,YM,gap,info_session_or_outage,gap of 3 days 00:00:00 (expected 1 days 00:00:00),parent_proxy
2021-11-15 00:00:00+00:00,YM,gap,info_session_or_outage,gap of 3 days 00:00:00 (expected 1 days 00:00:00),parent_proxy
2021-11-22 00:00:00+00:00,YM,gap,info_session_or_outage,gap of 3 days 00:00:00 (expected 1 days 00:00:00),parent_proxy
2021-11-26 00:00:00+00:00,YM,gap,info_session_or_outage,gap of 2 days 00:00:00 (expected 1 days 00:00:00),parent_proxy
2021-11-29 00:00:00+00:00,YM,gap,info_session_or_outage,gap of 3 days 00:00:00 (expected 1 days 00:00:00),parent_proxy
2021-12-06 00:00:00+00:00,YM,gap,info_session_or_outage,gap of 3 days 00:00:00 (expected 1 days 00:00:00),parent_proxy
2021-12-13 00:00:00+00:00,YM,gap,info_session_or_outage,gap of 3 days 00:00:00 (expected 1 days 00:00:00),parent_proxy
2021-12-20 00:00:00+00:00,YM,gap,info_session_or_outage,gap of 3 days 00:00:00 (expected 1 days 00:00:00),parent_proxy
2021-12-27 00:00:00+00:00,YM,gap,info_session_or_outage,gap of 4 days 00:00:00 (expected 1 days 00:00:00),parent_proxy
2022-01-03 00:00:00+00:00,YM,gap,info_session_or_outage,gap of 3 days 00:00:00 (expected 1 days 00:00:00),parent_proxy
2022-01-10 00:00:00+00:00,YM,gap,info_session_or_outage,gap of 3 days 00:00:00 (expected 1 days 00:00:00),parent_proxy
2022-01-18 00:00:00+00:00,YM,gap,info_session_or_outage,gap of 4 days 00:00:00 (expected 1 days 00:00:00),parent_proxy
2022-01-24 00:00:00+00:00,YM,gap,info_session_or_outage,gap of 3 days 00:00:00 (expected 1 days 00:00:00),parent_proxy
2022-01-31 00:00:00+00:00,YM,gap,info_session_or_outage,gap of 3 days 00:00:00 (expected 1 days 00:00:00),parent_proxy
2022-02-07 00:00:00+00:00,YM,gap,info_session_or_outage,gap of 3 days 00:00:00 (expected 1 days 00:00:00),parent_proxy
2022-02-14 00:00:00+00:00,YM,gap,info_session_or_outage,gap of 3 days 00:00:00 (expected 1 days 00:00:00),parent_proxy
2022-02-22 00:00:00+00:00,YM,gap,info_session_or_outage,gap of 4 days 00:00:00 (expected 1 days 00:00:00),parent_proxy
2022-02-28 00:00:00+00:00,YM,gap,info_session_or_outage,gap of 3 days 00:00:00 (expected 1 days 00:00:00),parent_proxy
2022-03-07 00:00:00+00:00,YM,gap,info_session_or_outage,gap of 3 days 00:00:00 (expected 1 days 00:00:00),parent_proxy
2022-03-14 00:00:00+00:00,YM,gap,info_session_or_outage,gap of 3 days 00:00:00 (expected 1 days 00:00:00),parent_proxy
2022-03-21 00:00:00+00:00,YM,gap,info_session_or_outage,gap of 3 days 00:00:00 (expected 1 days 00:00:00),parent_proxy
2022-03-28 00:00:00+00:00,YM,gap,info_session_or_outage,gap of 3 days 00:00:00 (expected 1 days 00:00:00),parent_proxy
2022-04-04 00:00:00+00:00,YM,gap,info_session_or_outage,gap of 3 days 00:00:00 (expected 1 days 00:00:00),parent_proxy
2022-04-11 00:00:00+00:00,YM,gap,info_session_or_outage,gap of 3 days 00:00:00 (expected 1 days 00:00:00),parent_proxy
2022-04-18 00:00:00+00:00,YM,gap,info_session_or_outage,gap of 4 days 00:00:00 (expected 1 days 00:00:00),parent_proxy
2022-04-25 00:00:00+00:00,YM,gap,info_session_or_outage,gap of 3 days 00:00:00 (expected 1 days 00:00:00),parent_proxy
2022-05-02 00:00:00+00:00,YM,gap,info_session_or_outage,gap of 3 days 00:00:00 (expected 1 days 00:00:00),parent_proxy
2022-05-09 00:00:00+00:00,YM,gap,info_session_or_outage,gap of 3 days 00:00:00 (expected 1 days 00:00:00),parent_proxy
2022-05-16 00:00:00+00:00,YM,gap,info_session_or_outage,gap of 3 days 00:00:00 (expected 1 days 00:00:00),parent_proxy
2022-05-23 00:00:00+00:00,YM,gap,info_session_or_outage,gap of 3 days 00:00:00 (expected 1 days 00:00:00),parent_proxy
2022-05-31 00:00:00+00:00,YM,gap,info_session_or_outage,gap of 4 days 00:00:00 (expected 1 days 00:00:00),parent_proxy
2022-06-06 00:00:00+00:00,YM,gap,info_session_or_outage,gap of 3 days 00:00:00 (expected 1 days 00:00:00),parent_proxy
2022-06-13 00:00:00+00:00,YM,gap,info_session_or_outage,gap of 3 days 00:00:00 (expected 1 days 00:00:00),parent_proxy
2022-06-21 00:00:00+00:00,YM,gap,info_session_or_outage,gap of 4 days 00:00:00 (expected 1 days 00:00:00),parent_proxy
2022-06-27 00:00:00+00:00,YM,gap,info_session_or_outage,gap of 3 days 00:00:00 (expected 1 days 00:00:00),parent_proxy
2022-07-05 00:00:00+00:00,YM,gap,info_session_or_outage,gap of 4 days 00:00:00 (expected 1 days 00:00:00),parent_proxy
2022-07-11 00:00:00+00:00,YM,gap,info_session_or_outage,gap of 3 days 00:00:00 (expected 1 days 00:00:00),parent_proxy
2022-07-18 00:00:00+00:00,YM,gap,info_session_or_outage,gap of 3 days 00:00:00 (expected 1 days 00:00:00),parent_proxy
2022-07-25 00:00:00+00:00,YM,gap,info_session_or_outage,gap of 3 days 00:00:00 (expected 1 days 00:00:00),parent_proxy
2022-08-01 00:00:00+00:00,YM,gap,info_session_or_outage,gap of 3 days 00:00:00 (expected 1 days 00:00:00),parent_proxy
2022-08-08 00:00:00+00:00,YM,gap,info_session_or_outage,gap of 3 days 00:00:00 (expected 1 days 00:00:00),parent_proxy
2022-08-15 00:00:00+00:00,YM,gap,info_session_or_outage,gap of 3 days 00:00:00 (expected 1 days 00:00:00),parent_proxy
2022-08-22 00:00:00+00:00,YM,gap,info_session_or_outage,gap of 3 days 00:00:00 (expected 1 days 00:00:00),parent_proxy
2022-08-29 00:00:00+00:00,YM,gap,info_session_or_outage,gap of 3 days 00:00:00 (expected 1 days 00:00:00),parent_proxy
2022-09-06 00:00:00+00:00,YM,gap,info_session_or_outage,gap of 4 days 00:00:00 (expected 1 days 00:00:00),parent_proxy
2022-09-12 00:00:00+00:00,YM,gap,info_session_or_outage,gap of 3 days 00:00:00 (expected 1 days 00:00:00),parent_proxy
2022-09-19 00:00:00+00:00,YM,gap,info_session_or_outage,gap of 3 days 00:00:00 (expected 1 days 00:00:00),parent_proxy
2022-09-26 00:00:00+00:00,YM,gap,info_session_or_outage,gap of 3 days 00:00:00 (expected 1 days 00:00:00),parent_proxy
2022-10-03 00:00:00+00:00,YM,gap,info_session_or_outage,gap of 3 days 00:00:00 (expected 1 days 00:00:00),parent_proxy
2022-10-10 00:00:00+00:00,YM,gap,info_session_or_outage,gap of 3 days 00:00:00 (expected 1 days 00:00:00),parent_proxy
2022-10-17 00:00:00+00:00,YM,gap,info_session_or_outage,gap of 3 days 00:00:00 (expected 1 days 00:00:00),parent_proxy
2022-10-24 00:00:00+00:00,YM,gap,info_session_or_outage,gap of 3 days 00:00:00 (expected 1 days 00:00:00),parent_proxy
2022-10-31 00:00:00+00:00,YM,gap,info_session_or_outage,gap of 3 days 00:00:00 (expected 1 days 00:00:00),parent_proxy
2022-11-07 00:00:00+00:00,YM,gap,info_session_or_outage,gap of 3 days 00:00:00 (expected 1 days 00:00:00),parent_proxy
2022-11-14 00:00:00+00:00,YM,gap,info_session_or_outage,gap of 3 days 00:00:00 (expected 1 days 00:00:00),parent_proxy
2022-11-21 00:00:00+00:00,YM,gap,info_session_or_outage,gap of 3 days 00:00:00 (expected 1 days 00:00:00),parent_proxy
2022-11-25 00:00:00+00:00,YM,gap,info_session_or_outage,gap of 2 days 00:00:00 (expected 1 days 00:00:00),parent_proxy
2022-11-28 00:00:00+00:00,YM,gap,info_session_or_outage,gap of 3 days 00:00:00 (expected 1 days 00:00:00),parent_proxy
2022-12-05 00:00:00+00:00,YM,gap,info_session_or_outage,gap of 3 days 00:00:00 (expected 1 days 00:00:00),parent_proxy
2022-12-12 00:00:00+00:00,YM,gap,info_session_or_outage,gap of 3 days 00:00:00 (expected 1 days 00:00:00),parent_proxy
2022-12-19 00:00:00+00:00,YM,gap,info_session_or_outage,gap of 3 days 00:00:00 (expected 1 days 00:00:00),parent_proxy
2022-12-27 00:00:00+00:00,YM,gap,info_session_or_outage,gap of 4 days 00:00:00 (expected 1 days 00:00:00),parent_proxy
2023-01-03 00:00:00+00:00,YM,gap,info_session_or_outage,gap of 4 days 00:00:00 (expected 1 days 00:00:00),parent_proxy
2023-01-09 00:00:00+00:00,YM,gap,info_session_or_outage,gap of 3 days 00:00:00 (expected 1 days 00:00:00),parent_proxy
2023-01-17 00:00:00+00:00,YM,gap,info_session_or_outage,gap of 4 days 00:00:00 (expected 1 days 00:00:00),parent_proxy
2023-01-23 00:00:00+00:00,YM,gap,info_session_or_outage,gap of 3 days 00:00:00 (expected 1 days 00:00:00),parent_proxy
2023-01-30 00:00:00+00:00,YM,gap,info_session_or_outage,gap of 3 days 00:00:00 (expected 1 days 00:00:00),parent_proxy
2023-02-06 00:00:00+00:00,YM,gap,info_session_or_outage,gap of 3 days 00:00:00 (expected 1 days 00:00:00),parent_proxy
2023-02-13 00:00:00+00:00,YM,gap,info_session_or_outage,gap of 3 days 00:00:00 (expected 1 days 00:00:00),parent_proxy
2023-02-21 00:00:00+00:00,YM,gap,info_session_or_outage,gap of 4 days 00:00:00 (expected 1 days 00:00:00),parent_proxy
2023-02-27 00:00:00+00:00,YM,gap,info_session_or_outage,gap of 3 days 00:00:00 (expected 1 days 00:00:00),parent_proxy
2023-03-06 00:00:00+00:00,YM,gap,info_session_or_outage,gap of 3 days 00:00:00 (expected 1 days 00:00:00),parent_proxy
2023-03-13 00:00:00+00:00,YM,gap,info_session_or_outage,gap of 3 days 00:00:00 (expected 1 days 00:00:00),parent_proxy
2023-03-20 00:00:00+00:00,YM,gap,info_session_or_outage,gap of 3 days 00:00:00 (expected 1 days 00:00:00),parent_proxy
2023-03-27 00:00:00+00:00,YM,gap,info_session_or_outage,gap of 3 days 00:00:00 (expected 1 days 00:00:00),parent_proxy
2023-04-03 00:00:00+00:00,YM,gap,info_session_or_outage,gap of 3 days 00:00:00 (expected 1 days 00:00:00),parent_proxy
2023-04-10 00:00:00+00:00,YM,gap,info_session_or_outage,gap of 4 days 00:00:00 (expected 1 days 00:00:00),parent_proxy
2023-04-17 00:00:00+00:00,YM,gap,info_session_or_outage,gap of 3 days 00:00:00 (expected 1 days 00:00:00),parent_proxy
2023-04-24 00:00:00+00:00,YM,gap,info_session_or_outage,gap of 3 days 00:00:00 (expected 1 days 00:00:00),parent_proxy
2023-05-01 00:00:00+00:00,YM,gap,info_session_or_outage,gap of 3 days 00:00:00 (expected 1 days 00:00:00),parent_proxy
2023-05-08 00:00:00+00:00,YM,gap,info_session_or_outage,gap of 3 days 00:00:00 (expected 1 days 00:00:00),parent_proxy
2023-05-15 00:00:00+00:00,YM,gap,info_session_or_outage,gap of 3 days 00:00:00 (expected 1 days 00:00:00),parent_proxy
2023-05-22 00:00:00+00:00,YM,gap,info_session_or_outage,gap of 3 days 00:00:00 (expected 1 days 00:00:00),parent_proxy
2023-05-30 00:00:00+00:00,YM,gap,info_session_or_outage,gap of 4 days 00:00:00 (expected 1 days 00:00:00),parent_proxy
2023-06-05 00:00:00+00:00,YM,gap,info_session_or_outage,gap of 3 days 00:00:00 (expected 1 days 00:00:00),parent_proxy
2023-06-12 00:00:00+00:00,YM,gap,info_session_or_outage,gap of 3 days 00:00:00 (expected 1 days 00:00:00),parent_proxy
2023-06-20 00:00:00+00:00,YM,gap,info_session_or_outage,gap of 4 days 00:00:00 (expected 1 days 00:00:00),parent_proxy
2023-06-26 00:00:00+00:00,YM,gap,info_session_or_outage,gap of 3 days 00:00:00 (expected 1 days 00:00:00),parent_proxy
2023-07-03 00:00:00+00:00,YM,gap,info_session_or_outage,gap of 3 days 00:00:00 (expected 1 days 00:00:00),parent_proxy
2023-07-05 00:00:00+00:00,YM,gap,info_session_or_outage,gap of 2 days 00:00:00 (expected 1 days 00:00:00),parent_proxy
2023-07-10 00:00:00+00:00,YM,gap,info_session_or_outage,gap of 3 days 00:00:00 (expected 1 days 00:00:00),parent_proxy
2023-07-17 00:00:00+00:00,YM,gap,info_session_or_outage,gap of 3 days 00:00:00 (expected 1 days 00:00:00),parent_proxy
2023-07-24 00:00:00+00:00,YM,gap,info_session_or_outage,gap of 3 days 00:00:00 (expected 1 days 00:00:00),parent_proxy
2023-07-31 00:00:00+00:00,YM,gap,info_session_or_outage,gap of 3 days 00:00:00 (expected 1 days 00:00:00),parent_proxy
2023-08-07 00:00:00+00:00,YM,gap,info_session_or_outage,gap of 3 days 00:00:00 (expected 1 days 00:00:00),parent_proxy
2023-08-14 00:00:00+00:00,YM,gap,info_session_or_outage,gap of 3 days 00:00:00 (expected 1 days 00:00:00),parent_proxy
2023-08-21 00:00:00+00:00,YM,gap,info_session_or_outage,gap of 3 days 00:00:00 (expected 1 days 00:00:00),parent_proxy
2023-08-28 00:00:00+00:00,YM,gap,info_session_or_outage,gap of 3 days 00:00:00 (expected 1 days 00:00:00),parent_proxy
2023-09-05 00:00:00+00:00,YM,gap,info_session_or_outage,gap of 4 days 00:00:00 (expected 1 days 00:00:00),parent_proxy
2023-09-11 00:00:00+00:00,YM,gap,info_session_or_outage,gap of 3 days 00:00:00 (expected 1 days 00:00:00),parent_proxy
2023-09-18 00:00:00+00:00,YM,gap,info_session_or_outage,gap of 3 days 00:00:00 (expected 1 days 00:00:00),parent_proxy
2023-09-25 00:00:00+00:00,YM,gap,info_session_or_outage,gap of 3 days 00:00:00 (expected 1 days 00:00:00),parent_proxy
2023-10-02 00:00:00+00:00,YM,gap,info_session_or_outage,gap of 3 days 00:00:00 (expected 1 days 00:00:00),parent_proxy
2023-10-09 00:00:00+00:00,YM,gap,info_session_or_outage,gap of 3 days 00:00:00 (expected 1 days 00:00:00),parent_proxy
2023-10-16 00:00:00+00:00,YM,gap,info_session_or_outage,gap of 3 days 00:00:00 (expected 1 days 00:00:00),parent_proxy
2023-10-23 00:00:00+00:00,YM,gap,info_session_or_outage,gap of 3 days 00:00:00 (expected 1 days 00:00:00),parent_proxy
2023-10-30 00:00:00+00:00,YM,gap,info_session_or_outage,gap of 3 days 00:00:00 (expected 1 days 00:00:00),parent_proxy
2023-11-06 00:00:00+00:00,YM,gap,info_session_or_outage,gap of 3 days 00:00:00 (expected 1 days 00:00:00),parent_proxy
2023-11-13 00:00:00+00:00,YM,gap,info_session_or_outage,gap of 3 days 00:00:00 (expected 1 days 00:00:00),parent_proxy
2023-11-20 00:00:00+00:00,YM,gap,info_session_or_outage,gap of 3 days 00:00:00 (expected 1 days 00:00:00),parent_proxy
2023-11-27 00:00:00+00:00,YM,gap,info_session_or_outage,gap of 3 days 00:00:00 (expected 1 days 00:00:00),parent_proxy
2023-12-04 00:00:00+00:00,YM,gap,info_session_or_outage,gap of 3 days 00:00:00 (expected 1 days 00:00:00),parent_proxy
2023-12-11 00:00:00+00:00,YM,gap,info_session_or_outage,gap of 3 days 00:00:00 (expected 1 days 00:00:00),parent_proxy
2023-12-18 00:00:00+00:00,YM,gap,info_session_or_outage,gap of 3 days 00:00:00 (expected 1 days 00:00:00),parent_proxy
2023-12-26 00:00:00+00:00,YM,gap,info_session_or_outage,gap of 4 days 00:00:00 (expected 1 days 00:00:00),parent_proxy
2024-01-02 00:00:00+00:00,YM,gap,info_session_or_outage,gap of 4 days 00:00:00 (expected 1 days 00:00:00),parent_proxy
2024-01-08 00:00:00+00:00,YM,gap,info_session_or_outage,gap of 3 days 00:00:00 (expected 1 days 00:00:00),parent_proxy
2024-01-16 00:00:00+00:00,YM,gap,info_session_or_outage,gap of 4 days 00:00:00 (expected 1 days 00:00:00),parent_proxy
2024-01-22 00:00:00+00:00,YM,gap,info_session_or_outage,gap of 3 days 00:00:00 (expected 1 days 00:00:00),parent_proxy
2024-01-29 00:00:00+00:00,YM,gap,info_session_or_outage,gap of 3 days 00:00:00 (expected 1 days 00:00:00),parent_proxy
2024-02-05 00:00:00+00:00,YM,gap,info_session_or_outage,gap of 3 days 00:00:00 (expected 1 days 00:00:00),parent_proxy
2024-02-12 00:00:00+00:00,YM,gap,info_session_or_outage,gap of 3 days 00:00:00 (expected 1 days 00:00:00),parent_proxy
2024-02-20 00:00:00+00:00,YM,gap,info_session_or_outage,gap of 4 days 00:00:00 (expected 1 days 00:00:00),parent_proxy
2024-02-26 00:00:00+00:00,YM,gap,info_session_or_outage,gap of 3 days 00:00:00 (expected 1 days 00:00:00),parent_proxy
2024-03-04 00:00:00+00:00,YM,gap,info_session_or_outage,gap of 3 days 00:00:00 (expected 1 days 00:00:00),parent_proxy
2024-03-11 00:00:00+00:00,YM,gap,info_session_or_outage,gap of 3 days 00:00:00 (expected 1 days 00:00:00),parent_proxy
2024-03-18 00:00:00+00:00,YM,gap,info_session_or_outage,gap of 3 days 00:00:00 (expected 1 days 00:00:00),parent_proxy
2024-03-25 00:00:00+00:00,YM,gap,info_session_or_outage,gap of 3 days 00:00:00 (expected 1 days 00:00:00),parent_proxy
2024-04-01 00:00:00+00:00,YM,gap,info_session_or_outage,gap of 4 days 00:00:00 (expected 1 days 00:00:00),parent_proxy
2024-04-08 00:00:00+00:00,YM,gap,info_session_or_outage,gap of 3 days 00:00:00 (expected 1 days 00:00:00),parent_proxy
2024-04-15 00:00:00+00:00,YM,gap,info_session_or_outage,gap of 3 days 00:00:00 (expected 1 days 00:00:00),parent_proxy
2024-04-22 00:00:00+00:00,YM,gap,info_session_or_outage,gap of 3 days 00:00:00 (expected 1 days 00:00:00),parent_proxy
2024-04-29 00:00:00+00:00,YM,gap,info_session_or_outage,gap of 3 days 00:00:00 (expected 1 days 00:00:00),parent_proxy
2024-05-06 00:00:00+00:00,YM,gap,info_session_or_outage,gap of 3 days 00:00:00 (expected 1 days 00:00:00),parent_proxy
2024-05-13 00:00:00+00:00,YM,gap,info_session_or_outage,gap of 3 days 00:00:00 (expected 1 days 00:00:00),parent_proxy
2024-05-20 00:00:00+00:00,YM,gap,info_session_or_outage,gap of 3 days 00:00:00 (expected 1 days 00:00:00),parent_proxy
2024-05-28 00:00:00+00:00,YM,gap,info_session_or_outage,gap of 4 days 00:00:00 (expected 1 days 00:00:00),parent_proxy
2024-06-03 00:00:00+00:00,YM,gap,info_session_or_outage,gap of 3 days 00:00:00 (expected 1 days 00:00:00),parent_proxy
2024-06-10 00:00:00+00:00,YM,gap,info_session_or_outage,gap of 3 days 00:00:00 (expected 1 days 00:00:00),parent_proxy
2024-06-17 00:00:00+00:00,YM,gap,info_session_or_outage,gap of 3 days 00:00:00 (expected 1 days 00:00:00),parent_proxy
2024-06-20 00:00:00+00:00,YM,gap,info_session_or_outage,gap of 2 days 00:00:00 (expected 1 days 00:00:00),parent_proxy
2024-06-24 00:00:00+00:00,YM,gap,info_session_or_outage,gap of 3 days 00:00:00 (expected 1 days 00:00:00),parent_proxy
2024-07-01 00:00:00+00:00,YM,gap,info_session_or_outage,gap of 3 days 00:00:00 (expected 1 days 00:00:00),parent_proxy
2024-07-05 00:00:00+00:00,YM,gap,info_session_or_outage,gap of 2 days 00:00:00 (expected 1 days 00:00:00),parent_proxy
2024-07-08 00:00:00+00:00,YM,gap,info_session_or_outage,gap of 3 days 00:00:00 (expected 1 days 00:00:00),parent_proxy
2024-07-15 00:00:00+00:00,YM,gap,info_session_or_outage,gap of 3 days 00:00:00 (expected 1 days 00:00:00),parent_proxy
2024-07-22 00:00:00+00:00,YM,gap,info_session_or_outage,gap of 3 days 00:00:00 (expected 1 days 00:00:00),parent_proxy
2024-07-29 00:00:00+00:00,YM,gap,info_session_or_outage,gap of 3 days 00:00:00 (expected 1 days 00:00:00),parent_proxy
2024-08-05 00:00:00+00:00,YM,gap,info_session_or_outage,gap of 3 days 00:00:00 (expected 1 days 00:00:00),parent_proxy
2024-08-12 00:00:00+00:00,YM,gap,info_session_or_outage,gap of 3 days 00:00:00 (expected 1 days 00:00:00),parent_proxy
2024-08-19 00:00:00+00:00,YM,gap,info_session_or_outage,gap of 3 days 00:00:00 (expected 1 days 00:00:00),parent_proxy
2024-08-26 00:00:00+00:00,YM,gap,info_session_or_outage,gap of 3 days 00:00:00 (expected 1 days 00:00:00),parent_proxy
2024-09-03 00:00:00+00:00,YM,gap,info_session_or_outage,gap of 4 days 00:00:00 (expected 1 days 00:00:00),parent_proxy
2024-09-09 00:00:00+00:00,YM,gap,info_session_or_outage,gap of 3 days 00:00:00 (expected 1 days 00:00:00),parent_proxy
2024-09-16 00:00:00+00:00,YM,gap,info_session_or_outage,gap of 3 days 00:00:00 (expected 1 days 00:00:00),parent_proxy
2024-09-23 00:00:00+00:00,YM,gap,info_session_or_outage,gap of 3 days 00:00:00 (expected 1 days 00:00:00),parent_proxy
2024-09-30 00:00:00+00:00,YM,gap,info_session_or_outage,gap of 3 days 00:00:00 (expected 1 days 00:00:00),parent_proxy
2024-10-07 00:00:00+00:00,YM,gap,info_session_or_outage,gap of 3 days 00:00:00 (expected 1 days 00:00:00),parent_proxy
2024-10-14 00:00:00+00:00,YM,gap,info_session_or_outage,gap of 3 days 00:00:00 (expected 1 days 00:00:00),parent_proxy
2024-10-21 00:00:00+00:00,YM,gap,info_session_or_outage,gap of 3 days 00:00:00 (expected 1 days 00:00:00),parent_proxy
2024-10-28 00:00:00+00:00,YM,gap,info_session_or_outage,gap of 3 days 00:00:00 (expected 1 days 00:00:00),parent_proxy
2024-11-04 00:00:00+00:00,YM,gap,info_session_or_outage,gap of 3 days 00:00:00 (expected 1 days 00:00:00),parent_proxy
2024-11-11 00:00:00+00:00,YM,gap,info_session_or_outage,gap of 3 days 00:00:00 (expected 1 days 00:00:00),parent_proxy
2024-11-18 00:00:00+00:00,YM,gap,info_session_or_outage,gap of 3 days 00:00:00 (expected 1 days 00:00:00),parent_proxy
2024-11-25 00:00:00+00:00,YM,gap,info_session_or_outage,gap of 3 days 00:00:00 (expected 1 days 00:00:00),parent_proxy
2024-11-29 00:00:00+00:00,YM,gap,info_session_or_outage,gap of 2 days 00:00:00 (expected 1 days 00:00:00),parent_proxy
2024-12-02 00:00:00+00:00,YM,gap,info_session_or_outage,gap of 3 days 00:00:00 (expected 1 days 00:00:00),parent_proxy
2024-12-09 00:00:00+00:00,YM,gap,info_session_or_outage,gap of 3 days 00:00:00 (expected 1 days 00:00:00),parent_proxy
2024-12-16 00:00:00+00:00,YM,gap,info_session_or_outage,gap of 3 days 00:00:00 (expected 1 days 00:00:00),parent_proxy
2024-12-23 00:00:00+00:00,YM,gap,info_session_or_outage,gap of 3 days 00:00:00 (expected 1 days 00:00:00),parent_proxy
2024-12-26 00:00:00+00:00,YM,gap,info_session_or_outage,gap of 2 days 00:00:00 (expected 1 days 00:00:00),parent_proxy
2024-12-30 00:00:00+00:00,YM,gap,info_session_or_outage,gap of 3 days 00:00:00 (expected 1 days 00:00:00),parent_proxy
2025-01-02 00:00:00+00:00,YM,gap,info_session_or_outage,gap of 2 days 00:00:00 (expected 1 days 00:00:00),parent_proxy
2025-01-06 00:00:00+00:00,YM,gap,info_session_or_outage,gap of 3 days 00:00:00 (expected 1 days 00:00:00),parent_proxy
2025-01-13 00:00:00+00:00,YM,gap,info_session_or_outage,gap of 3 days 00:00:00 (expected 1 days 00:00:00),parent_proxy
2025-01-21 00:00:00+00:00,YM,gap,info_session_or_outage,gap of 4 days 00:00:00 (expected 1 days 00:00:00),parent_proxy
2025-01-27 00:00:00+00:00,YM,gap,info_session_or_outage,gap of 3 days 00:00:00 (expected 1 days 00:00:00),parent_proxy
2025-02-03 00:00:00+00:00,YM,gap,info_session_or_outage,gap of 3 days 00:00:00 (expected 1 days 00:00:00),parent_proxy
2025-02-10 00:00:00+00:00,YM,gap,info_session_or_outage,gap of 3 days 00:00:00 (expected 1 days 00:00:00),parent_proxy
2025-02-18 00:00:00+00:00,YM,gap,info_session_or_outage,gap of 4 days 00:00:00 (expected 1 days 00:00:00),parent_proxy
2025-02-24 00:00:00+00:00,YM,gap,info_session_or_outage,gap of 3 days 00:00:00 (expected 1 days 00:00:00),parent_proxy
2025-03-03 00:00:00+00:00,YM,gap,info_session_or_outage,gap of 3 days 00:00:00 (expected 1 days 00:00:00),parent_proxy
2025-03-10 00:00:00+00:00,YM,gap,info_session_or_outage,gap of 3 days 00:00:00 (expected 1 days 00:00:00),parent_proxy
2025-03-17 00:00:00+00:00,YM,gap,info_session_or_outage,gap of 3 days 00:00:00 (expected 1 days 00:00:00),parent_proxy
2025-03-24 00:00:00+00:00,YM,gap,info_session_or_outage,gap of 3 days 00:00:00 (expected 1 days 00:00:00),parent_proxy
2025-03-31 00:00:00+00:00,YM,gap,info_session_or_outage,gap of 3 days 00:00:00 (expected 1 days 00:00:00),parent_proxy
2025-04-07 00:00:00+00:00,YM,gap,info_session_or_outage,gap of 3 days 00:00:00 (expected 1 days 00:00:00),parent_proxy
2025-04-14 00:00:00+00:00,YM,gap,info_session_or_outage,gap of 3 days 00:00:00 (expected 1 days 00:00:00),parent_proxy
2025-04-21 00:00:00+00:00,YM,gap,info_session_or_outage,gap of 4 days 00:00:00 (expected 1 days 00:00:00),parent_proxy
2025-04-28 00:00:00+00:00,YM,gap,info_session_or_outage,gap of 3 days 00:00:00 (expected 1 days 00:00:00),parent_proxy
2025-05-05 00:00:00+00:00,YM,gap,info_session_or_outage,gap of 3 days 00:00:00 (expected 1 days 00:00:00),parent_proxy
2025-05-12 00:00:00+00:00,YM,gap,info_session_or_outage,gap of 3 days 00:00:00 (expected 1 days 00:00:00),parent_proxy
2025-05-19 00:00:00+00:00,YM,gap,info_session_or_outage,gap of 3 days 00:00:00 (expected 1 days 00:00:00),parent_proxy
2025-05-27 00:00:00+00:00,YM,gap,info_session_or_outage,gap of 4 days 00:00:00 (expected 1 days 00:00:00),parent_proxy
2025-06-02 00:00:00+00:00,YM,gap,info_session_or_outage,gap of 3 days 00:00:00 (expected 1 days 00:00:00),parent_proxy
2025-06-09 00:00:00+00:00,YM,gap,info_session_or_outage,gap of 3 days 00:00:00 (expected 1 days 00:00:00),parent_proxy
2025-06-16 00:00:00+00:00,YM,gap,info_session_or_outage,gap of 3 days 00:00:00 (expected 1 days 00:00:00),parent_proxy
2025-06-20 00:00:00+00:00,YM,gap,info_session_or_outage,gap of 2 days 00:00:00 (expected 1 days 00:00:00),parent_proxy
2025-06-23 00:00:00+00:00,YM,gap,info_session_or_outage,gap of 3 days 00:00:00 (expected 1 days 00:00:00),parent_proxy
2025-06-30 00:00:00+00:00,YM,gap,info_session_or_outage,gap of 3 days 00:00:00 (expected 1 days 00:00:00),parent_proxy
2025-07-07 00:00:00+00:00,YM,gap,info_session_or_outage,gap of 3 days 00:00:00 (expected 1 days 00:00:00),parent_proxy
2025-07-14 00:00:00+00:00,YM,gap,info_session_or_outage,gap of 3 days 00:00:00 (expected 1 days 00:00:00),parent_proxy
2025-07-21 00:00:00+00:00,YM,gap,info_session_or_outage,gap of 3 days 00:00:00 (expected 1 days 00:00:00),parent_proxy
2025-07-28 00:00:00+00:00,YM,gap,info_session_or_outage,gap of 3 days 00:00:00 (expected 1 days 00:00:00),parent_proxy
2025-08-04 00:00:00+00:00,YM,gap,info_session_or_outage,gap of 3 days 00:00:00 (expected 1 days 00:00:00),parent_proxy
2025-08-11 00:00:00+00:00,YM,gap,info_session_or_outage,gap of 3 days 00:00:00 (expected 1 days 00:00:00),parent_proxy
2025-08-18 00:00:00+00:00,YM,gap,info_session_or_outage,gap of 3 days 00:00:00 (expected 1 days 00:00:00),parent_proxy
2025-08-25 00:00:00+00:00,YM,gap,info_session_or_outage,gap of 3 days 00:00:00 (expected 1 days 00:00:00),parent_proxy
2025-09-02 00:00:00+00:00,YM,gap,info_session_or_outage,gap of 4 days 00:00:00 (expected 1 days 00:00:00),parent_proxy
2025-09-08 00:00:00+00:00,YM,gap,info_session_or_outage,gap of 3 days 00:00:00 (expected 1 days 00:00:00),parent_proxy
2025-09-15 00:00:00+00:00,YM,gap,info_session_or_outage,gap of 3 days 00:00:00 (expected 1 days 00:00:00),parent_proxy
2025-09-22 00:00:00+00:00,YM,gap,info_session_or_outage,gap of 3 days 00:00:00 (expected 1 days 00:00:00),parent_proxy
2025-09-29 00:00:00+00:00,YM,gap,info_session_or_outage,gap of 3 days 00:00:00 (expected 1 days 00:00:00),parent_proxy
2025-10-06 00:00:00+00:00,YM,gap,info_session_or_outage,gap of 3 days 00:00:00 (expected 1 days 00:00:00),parent_proxy
2025-10-13 00:00:00+00:00,YM,gap,info_session_or_outage,gap of 3 days 00:00:00 (expected 1 days 00:00:00),parent_proxy
2025-10-20 00:00:00+00:00,YM,gap,info_session_or_outage,gap of 3 days 00:00:00 (expected 1 days 00:00:00),parent_proxy
2025-10-27 00:00:00+00:00,YM,gap,info_session_or_outage,gap of 3 days 00:00:00 (expected 1 days 00:00:00),parent_proxy
2025-11-03 00:00:00+00:00,YM,gap,info_session_or_outage,gap of 3 days 00:00:00 (expected 1 days 00:00:00),parent_proxy
2025-11-10 00:00:00+00:00,YM,gap,info_session_or_outage,gap of 3 days 00:00:00 (expected 1 days 00:00:00),parent_proxy
2025-11-17 00:00:00+00:00,YM,gap,info_session_or_outage,gap of 3 days 00:00:00 (expected 1 days 00:00:00),parent_proxy
2025-11-24 00:00:00+00:00,YM,gap,info_session_or_outage,gap of 3 days 00:00:00 (expected 1 days 00:00:00),parent_proxy
2025-11-28 00:00:00+00:00,YM,gap,info_session_or_outage,gap of 2 days 00:00:00 (expected 1 days 00:00:00),parent_proxy
2025-12-01 00:00:00+00:00,YM,gap,info_session_or_outage,gap of 3 days 00:00:00 (expected 1 days 00:00:00),parent_proxy
2025-12-08 00:00:00+00:00,YM,gap,info_session_or_outage,gap of 3 days 00:00:00 (expected 1 days 00:00:00),parent_proxy
2025-12-15 00:00:00+00:00,YM,gap,info_session_or_outage,gap of 3 days 00:00:00 (expected 1 days 00:00:00),parent_proxy
2025-12-22 00:00:00+00:00,YM,gap,info_session_or_outage,gap of 3 days 00:00:00 (expected 1 days 00:00:00),parent_proxy
2025-12-26 00:00:00+00:00,YM,gap,info_session_or_outage,gap of 2 days 00:00:00 (expected 1 days 00:00:00),parent_proxy
2025-12-29 00:00:00+00:00,YM,gap,info_session_or_outage,gap of 3 days 00:00:00 (expected 1 days 00:00:00),parent_proxy
2026-01-02 00:00:00+00:00,YM,gap,info_session_or_outage,gap of 2 days 00:00:00 (expected 1 days 00:00:00),parent_proxy
2026-01-05 00:00:00+00:00,YM,gap,info_session_or_outage,gap of 3 days 00:00:00 (expected 1 days 00:00:00),parent_proxy
2026-01-12 00:00:00+00:00,YM,gap,info_session_or_outage,gap of 3 days 00:00:00 (expected 1 days 00:00:00),parent_proxy
2026-01-20 00:00:00+00:00,YM,gap,info_session_or_outage,gap of 4 days 00:00:00 (expected 1 days 00:00:00),parent_proxy
2026-01-26 00:00:00+00:00,YM,gap,info_session_or_outage,gap of 3 days 00:00:00 (expected 1 days 00:00:00),parent_proxy
2026-02-02 00:00:00+00:00,YM,gap,info_session_or_outage,gap of 3 days 00:00:00 (expected 1 days 00:00:00),parent_proxy
2026-02-09 00:00:00+00:00,YM,gap,info_session_or_outage,gap of 3 days 00:00:00 (expected 1 days 00:00:00),parent_proxy
2026-02-17 00:00:00+00:00,YM,gap,info_session_or_outage,gap of 4 days 00:00:00 (expected 1 days 00:00:00),parent_proxy
2026-02-23 00:00:00+00:00,YM,gap,info_session_or_outage,gap of 3 days 00:00:00 (expected 1 days 00:00:00),parent_proxy
2026-03-02 00:00:00+00:00,YM,gap,info_session_or_outage,gap of 3 days 00:00:00 (expected 1 days 00:00:00),parent_proxy
2026-03-09 00:00:00+00:00,YM,gap,info_session_or_outage,gap of 3 days 00:00:00 (expected 1 days 00:00:00),parent_proxy
2026-03-16 00:00:00+00:00,YM,gap,info_session_or_outage,gap of 3 days 00:00:00 (expected 1 days 00:00:00),parent_proxy
2026-03-23 00:00:00+00:00,YM,gap,info_session_or_outage,gap of 3 days 00:00:00 (expected 1 days 00:00:00),parent_proxy
2026-03-30 00:00:00+00:00,YM,gap,info_session_or_outage,gap of 3 days 00:00:00 (expected 1 days 00:00:00),parent_proxy
2026-04-06 00:00:00+00:00,YM,gap,info_session_or_outage,gap of 4 days 00:00:00 (expected 1 days 00:00:00),parent_proxy
2026-04-13 00:00:00+00:00,YM,gap,info_session_or_outage,gap of 3 days 00:00:00 (expected 1 days 00:00:00),parent_proxy
2026-04-20 00:00:00+00:00,YM,gap,info_session_or_outage,gap of 3 days 00:00:00 (expected 1 days 00:00:00),parent_proxy
2026-04-27 00:00:00+00:00,YM,gap,info_session_or_outage,gap of 3 days 00:00:00 (expected 1 days 00:00:00),parent_proxy
2026-05-04 00:00:00+00:00,YM,gap,info_session_or_outage,gap of 3 days 00:00:00 (expected 1 days 00:00:00),parent_proxy
2026-05-11 00:00:00+00:00,YM,gap,info_session_or_outage,gap of 3 days 00:00:00 (expected 1 days 00:00:00),parent_proxy
2026-05-18 00:00:00+00:00,YM,gap,info_session_or_outage,gap of 3 days 00:00:00 (expected 1 days 00:00:00),parent_proxy
2026-05-26 00:00:00+00:00,YM,gap,info_session_or_outage,gap of 4 days 00:00:00 (expected 1 days 00:00:00),parent_proxy
2026-06-01 00:00:00+00:00,YM,gap,info_session_or_outage,gap of 3 days 00:00:00 (expected 1 days 00:00:00),parent_proxy
2026-06-08 00:00:00+00:00,YM,gap,info_session_or_outage,gap of 3 days 00:00:00 (expected 1 days 00:00:00),parent_proxy
2026-06-15 00:00:00+00:00,YM,gap,info_session_or_outage,gap of 3 days 00:00:00 (expected 1 days 00:00:00),parent_proxy
2026-06-22 00:00:00+00:00,YM,gap,info_session_or_outage,gap of 4 days 00:00:00 (expected 1 days 00:00:00),parent_proxy
2026-06-29 00:00:00+00:00,YM,gap,info_session_or_outage,gap of 3 days 00:00:00 (expected 1 days 00:00:00),parent_proxy
2026-07-06 00:00:00+00:00,YM,gap,info_session_or_outage,gap of 4 days 00:00:00 (expected 1 days 00:00:00),parent_proxy
2026-07-13 00:00:00+00:00,YM,gap,info_session_or_outage,gap of 3 days 00:00:00 (expected 1 days 00:00:00),parent_proxy
2026-07-20 00:00:00+00:00,YM,gap,info_session_or_outage,gap of 3 days 00:00:00 (expected 1 days 00:00:00),parent_proxy
2026-07-27 00:00:00+00:00,YM,gap,info_session_or_outage,gap of 3 days 00:00:00 (expected 1 days 00:00:00),parent_proxy
2020-03-12 00:00:00+00:00,YM,abnormal_jump,warning,log-return -0.11162 beyond 15.0x MAD,parent_proxy
2020-03-16 00:00:00+00:00,YM,abnormal_jump,warning,log-return -0.11949 beyond 15.0x MAD,parent_proxy
2020-03-24 00:00:00+00:00,YM,abnormal_jump,warning,log-return 0.10807 beyond 15.0x MAD,parent_proxy
